StartDate,EndDate,Status,IPAddress,Progress,Duration (in seconds),Finished,RecordedDate,ResponseId,RecipientLastName,RecipientFirstName,RecipientEmail,ExternalReference,LocationLatitude,LocationLongitude,DistributionChannel,UserLanguage,Consent_form,Recruitment,SONA_ID,Gender,Gender_3_TEXT,Age,Student,Year_of_study,Year_of_study_6_TEXT,Type_study,Type_study_4_TEXT,Education,Work_exp,employment,Weekly_hrs,Employed_Industry,Employed_Industry_21_TEXT,employed_Occupation,employed_Occupation_24_TEXT,Desired_industry,Desired_industry_21_TEXT,Desired_occupation,Desired_occupation_24_TEXT,Employees_nr,Twolvl_company_1,Threelvl_company_1,Fivelvl_company_1,Sevenlvl_company_1,Unemployed_industry,Unemployed_industry_21_TEXT,Unemployed_occupatio,Unemployed_occupatio_24_TEXT,Oaesa1,Corga3,Aforg1,Xsses1,Efear1,Hsinc4,Oinqu1,Cdili2,Agent4,Timer1_First Click,Timer1_Last Click,Timer1_Page Submit,Timer1_Click Count,Xsocb2,Eanxi1,Hfair1,Ocrea6,Cperf2,Aflex1,Xsoci5,Edepe3,Filler1,Timer2_First Click,Timer2_Last Click,Timer2_Page Submit,Timer2_Click Count,Hgree2,Ounco2,Cprud2,Apati2,Xlive3,Esent1,Hmode6,Oaesa4,Corga8,Timer3_First Click,Timer3_Last Click,Timer3_Page Submit,Timer3_Click Count,Aforg3,Xsses5,Efear7,Hsinc5,Oinqu8,Cdili6,Agent6,Filler2,Xsocb3,Timer4_First Click,Timer4_Last Click,Timer4_Page Submit,Timer4_Click Count,Eanxi4,Hfair6,Ocrea7,Cperf3,Aflex5,Xsoci6,Edepe6,Hgree7,Ounco5,Timer5_First Click,Timer5_Last Click,Timer5_Page Submit,Timer5_Click Count,Cprud3,Apati4,Xlive7,Esent3,Hmode8,Ocrea8,Cperf4,Agent7,Xsses8,Timer6_First Click,Timer6_Last Click,Timer6_Page Submit,Timer6_Click Count,Filler3,Efear8,Hsinc6,Ounco8,Cprud8,Aflex7,Xsocb4,Esent7,Hfair8,Timer7_First Click,Timer7_Last Click,Timer7_Page Submit,Timer7_Click Count,Exploit_selection,Exploit_sel_rating,Exploit_sel_rating2_1,Insec_selection,Insec_sel_rating,Insec_sel_rating2_1,Soci_selection,Soc_sel_rating,Soc_sel_rating2_1,Obstru_selection,Obs_sel_rating,Obs_sel_rating2_1,Duty_selection,Duty_sel_rating,Duty_sel_rating2_1,Explor_selection,Explor_sel_rating,Explor_sel_rating2_1,Comp_A_Exploit_Exploit,Comp_A_Exploit_Ins,Comp_A_Exploit_Soci,Comp_A_Exploit_Obs,Comp_A_Exploit_Duty,Comp_A_Exploit_Explor,Comp_B_Exploit_Exploit,Comp_B_Exploit_Ins,Comp_B_Exploit_Soci,Comp_B_Exploit_Obs,Comp_B_Exploit_Duty,Comp_B_Exploit_Explor,Comp_A_Insec_Exploit,Comp_A_Insec_Ins,Comp_A_Insec_Soci,Comp_A_Insec_Obs,Comp_A_Insec_Duty,Comp_A_Insec_Explor,Comp_B_Explor_Exploit,Comp_B_Explor_Ins,Comp_B_Explor_Soci,Comp_B_Explor_Obs,Comp_B_Explor_Duty,Comp_B_Explor_Explor,Comp_A_Soc_Exploit,Comp_A_Soc_Ins,Comp_A_Soc_Soci,Comp_A_Soc_Obs,Comp_A_Soc_Duty,Comp_A_Soc_Explor,Comp_B_Soc_Exploit,Comp_B_Soc_Ins,Comp_B_Soc_Soci,Comp_B_Soc_Obs,Comp_B_Soc_Duty,Comp_B_Soc_Explor,Comp_A_Obs_Exploit,Comp_A_Obs_Ins,Comp_A_Obs_Soci,Comp_A_Obs_Obs,Comp_A_Obs_Duty,Comp_A_Obs_Explor,Comp_B_Obs_Exploit,Comp_B_Obs_Ins,Comp_B_Obs_Soci,Comp_B_Obs_Obs,Comp_B_Obs_Duty,Comp_B_Obs_Explor,Comp_A_Duty_Exploit,Comp_A_Duty_Ins,Comp_A_Duty_Soci,Comp_A_Duty_Obs,Comp_A_Duty_Duty,Comp_A_Duty_Explor,Comp_B_Duty_Exploit,Comp_B_Duty_Ins,Comp_B_Duty_Soci,Comp_B_Duty_Obs,Comp_B_Duty_Duty,Comp_B_Duty_Explor,Comp_A_Explor_Exploit,Comp_A_Explor_Ins,Comp_A_Explor_Soci,Comp_A_Explor_Obs,Comp_A_Explor_Duty,Comp_A_Explor_Explor,Comp A Exploit_Exploit,Comp A Exploit_Ins,Comp A Exploit_Soci,Comp A Exploit_Obs,Comp A Exploit_Duty,Comp A Exploit_Explor,Debriefing,SONA_debriefing,id,Source
Start Date,End Date,Response Type,IP Address,Progress,Duration (in seconds),Finished,Recorded Date,Response ID,Recipient Last Name,Recipient First Name,Recipient Email,External Data Reference,Location Latitude,Location Longitude,Distribution Channel,User Language,"Consent




To participate in the study, please read the following statements:





- I confirm that I have read the participant information sheet for this study. I was given the opportunity to ask questions, and they have been answered to my satisfaction. I was given sufficient time to decide whether I want to participate.



- I confirm that my participation is voluntary and that I am allowed to withdraw from the study at any time, without providing a reason.



- I consent to my data being collected and processed, and that the data will only be used for this research project. Additionally, the results of the research will only be published anonymously.



- I understand that my data can be viewed by other researchers to check whether the research has been conducted according to the rules.



- I understand that students under the supervision of the Vrije Universiteit Amsterdam are involved in this study as part of their bachelor thesis, and that they have access to my personal data after signing a privacy statement. I consent to these students accessing my personal data for research purposes only.



- I understand that my data will be kept confidential, and that, if sharing data with third parties is needed, only de-identified data will be shared.



- I understand that my data will be saved for 10 years after participation, and therefore I give consent.



- I would like to voluntarily participate in this research project.



By clicking the “I consent” button below, I state that I have read this form, that I am above 18 years old, and give consent to participate in this research project described above. If you do not consent, please exit the survey by closing the browser.",Are you a student participating for research credits on the SONA-system?,"What is your SONA ID?

This is collected to ensure that course credits will be adequately compensated.","The following are questions regarding background information.

 

Please indicate your gender: - Selected Choice","The following are questions regarding background information.

 

Please indicate your gender: - Other, namely... - Text",What is your age (in years)?,Are you currently a student?,What year of your study are you in? - Selected Choice,"What year of your study are you in? - Other, namely... - Text",What study are you currently attending? - Selected Choice,"What study are you currently attending? - Other, namely... - Text",What is the highest education level that your have attained?,"How long has it been since you first started working (in years)?

If you have started working less than 6 months ago, please insert 0. If you have been working for at least 6 months or more, please round up to 1.",Are you currently employed?,How many hours do you work per week (including hours of working remotely at home)?,Which of the following industries most closely matches the organization you currently work for? - Selected Choice,"Which of the following industries most closely matches the organization you currently work for? - Other, namely... - Text",What is your occupation? - Selected Choice,"What is your occupation? - Other, namely... - Text",Which of the following industries most closely matches the organization you desire to work for? - Selected Choice,"Which of the following industries most closely matches the organization you desire to work for? - Other, namely... - Text",What is your desired occupation? - Selected Choice,"What is your desired occupation? - Other, namely... - Text",How many employees does your main organization have (approximately)?,"If you had to divide the organization into two levels, at which level are you working? - Junior level:Senior level","If you had to divide the organization into three levels, at which level are you working? - Junior level:Senior level","If you had to divide the organization into five levels, at which level are you working? - Junior level:Senior level","If you had to divide the organization into seven levels, at which level are you working? - Junior level:Senior level",Which of the following industries most closely matches the organization you desire to work for? - Selected Choice,"Which of the following industries most closely matches the organization you desire to work for? - Other, namely... - Text",What is your desired occupation? - Selected Choice,"What is your desired occupation? - Other, namely... - Text",For every statement please indicate to what extent you 'agree' or 'disagree' with the statement. - I would be quite bored by a visit to an art gallery.,"For every statement please indicate to what extent you 'agree' or 'disagree' with the statement. - I plan ahead and organize things, to avoid scrambling at the last minute.","For every statement please indicate to what extent you 'agree' or 'disagree' with the statement. - I rarely hold a grudge, even against people who have badly wronged me.",For every statement please indicate to what extent you 'agree' or 'disagree' with the statement. - I feel reasonably satisfied with myself overall.,For every statement please indicate to what extent you 'agree' or 'disagree' with the statement. - I would feel afraid if I had to travel in bad weather conditions.,"For every statement please indicate to what extent you 'agree' or 'disagree' with the statement. - I wouldn't use flattery to get a raise or promotion at work, even if I thought it would succeed.",For every statement please indicate to what extent you 'agree' or 'disagree' with the statement. - I'm interested in learning about the history and politics of other countries.,For every statement please indicate to what extent you 'agree' or 'disagree' with the statement. - I often push myself very hard when trying to achieve a goal.,For every statement please indicate to what extent you 'agree' or 'disagree' with the statement. - People sometimes tell me that I am too critical of others.,Timing - First Click,Timing - Last Click,Timing - Page Submit,Timing - Click Count,For every statement please indicate to what extent you 'agree' or 'disagree' with the statement. - I rarely express my opinions in group meetings.,For every statement please indicate to what extent you 'agree' or 'disagree' with the statement. - I sometimes can't help worrying about little things.,"For every statement please indicate to what extent you 'agree' or 'disagree' with the statement. - If I knew that I could never get caught, I would be willing to steal a million dollars.","For every statement please indicate to what extent you 'agree' or 'disagree' with the statement. - I would enjoy creating a work of art, such as a novel, a song, or a painting.","For every statement please indicate to what extent you 'agree' or 'disagree' with the statement. - When working on something, I don't pay much attention to small details.",For every statement please indicate to what extent you 'agree' or 'disagree' with the statement. - People sometimes tell me that I'm too stubborn.,For every statement please indicate to what extent you 'agree' or 'disagree' with the statement. - I prefer jobs that involve active social interaction to those that involve working alone.,"For every statement please indicate to what extent you 'agree' or 'disagree' with the statement. - When I suffer from a painful experience, I need someone to make me feel comfortable.",For every statement please indicate to what extent you 'agree' or 'disagree' with the statement. - I've never used a telephone.,Timing - First Click,Timing - Last Click,Timing - Page Submit,Timing - Click Count,For every statement please indicate to what extent you 'agree' or 'disagree' with the statement. - Having a lot of money is not especially important to me.,For every statement please indicate to what extent you 'agree' or 'disagree' with the statement. - I think that paying attention to radical ideas is a waste of time.,For every statement please indicate to what extent you 'agree' or 'disagree' with the statement. - I make decisions based on the feeling of the moment rather than on careful thought.,For every statement please indicate to what extent you 'agree' or 'disagree' with the statement. - People think of me as someone who has a quick temper.,"For every statement please indicate to what extent you 'agree' or 'disagree' with the statement. - On most days, I feel cheerful and optimistic.",For every statement please indicate to what extent you 'agree' or 'disagree' with the statement. - I feel like crying when I see other people crying.,For every statement please indicate to what extent you 'agree' or 'disagree' with the statement. - I think that I am entitled to more respect than the average person is.,"For every statement please indicate to what extent you 'agree' or 'disagree' with the statement. - If I had the opportunity, I would like to attend a classical music concert.","For every statement please indicate to what extent you 'agree' or 'disagree' with the statement. - When working, I sometimes have difficulties due to being disorganized.",Timing - First Click,Timing - Last Click,Timing - Page Submit,Timing - Click Count,For every statement please indicate to what extent you 'agree' or 'disagree' with the statement. - My attitude toward people who have treated me badly is “forgive and forget”.,For every statement please indicate to what extent you 'agree' or 'disagree' with the statement. - I feel that I am an unpopular person.,"For every statement please indicate to what extent you 'agree' or 'disagree' with the statement. - When it comes to physical danger, I am very fearful.","For every statement please indicate to what extent you 'agree' or 'disagree' with the statement. - If I want something from someone, I will laugh at that person's worst jokes.",For every statement please indicate to what extent you 'agree' or 'disagree' with the statement. - I’ve never really enjoyed looking through an encyclopedia.,For every statement please indicate to what extent you 'agree' or 'disagree' with the statement. - I do only the minimum amount of work needed to get by.,For every statement please indicate to what extent you 'agree' or 'disagree' with the statement. - I tend to be lenient in judging other people.,For every statement please indicate to what extent you 'agree' or 'disagree' with the statement. - I can count from one to twentyfive.,"For every statement please indicate to what extent you 'agree' or 'disagree' with the statement. - In social situations, I'm usually the one who makes the first move.",Timing - First Click,Timing - Last Click,Timing - Page Submit,Timing - Click Count,For every statement please indicate to what extent you 'agree' or 'disagree' with the statement. - I worry a lot less than most people do.,"For every statement please indicate to what extent you 'agree' or 'disagree' with the statement. - I would never accept a bribe, even if it were very large.",For every statement please indicate to what extent you 'agree' or 'disagree' with the statement. - People have often told me that I have a good imagination.,"For every statement please indicate to what extent you 'agree' or 'disagree' with the statement. - I always try to be accurate in my work, even at the expense of time.",For every statement please indicate to what extent you 'agree' or 'disagree' with the statement. - I am usually quite flexible in my opinions when people disagree with me.,For every statement please indicate to what extent you 'agree' or 'disagree' with the statement. - The first thing that I always do in a new place is to make friends.,For every statement please indicate to what extent you 'agree' or 'disagree' with the statement. - I can handle difficult situations without needing emotional support from anyone else.,For every statement please indicate to what extent you 'agree' or 'disagree' with the statement. - I would get a lot of pleasure from owning expensive luxury goods.,For every statement please indicate to what extent you 'agree' or 'disagree' with the statement. - I like people who have unconventional views.,Timing - First Click,Timing - Last Click,Timing - Page Submit,Timing - Click Count,For every statement please indicate to what extent you 'agree' or 'disagree' with the statement. - I make a lot of mistakes because I don't think before I act.,For every statement please indicate to what extent you 'agree' or 'disagree' with the statement. - Most people tend to get angry more quickly than I do.,For every statement please indicate to what extent you 'agree' or 'disagree' with the statement. - Most people are more upbeat and dynamic than I generally am.,For every statement please indicate to what extent you 'agree' or 'disagree' with the statement. - I feel strong emotions when someone close to me is going away for a long time.,For every statement please indicate to what extent you 'agree' or 'disagree' with the statement. - I want people to know that I am an important person of high status.,For every statement please indicate to what extent you 'agree' or 'disagree' with the statement. - I don’t think of myself as the artistic or creative type.,For every statement please indicate to what extent you 'agree' or 'disagree' with the statement. - People often call me a perfectionist.,"For every statement please indicate to what extent you 'agree' or 'disagree' with the statement. - Even when people make a lot of mistakes, I rarely say anything negative.",For every statement please indicate to what extent you 'agree' or 'disagree' with the statement. - I sometimes feel that I am a worthless person.,Timing - First Click,Timing - Last Click,Timing - Page Submit,Timing - Click Count,For every statement please indicate to what extent you 'agree' or 'disagree' with the statement. - I never bought anything in a store.,For every statement please indicate to what extent you 'agree' or 'disagree' with the statement. - Even in an emergency I wouldn’t feel like panicking.,For every statement please indicate to what extent you 'agree' or 'disagree' with the statement. - I wouldn’t pretend to like someone just to get that person to do favors for me.,For every statement please indicate to what extent you 'agree' or 'disagree' with the statement. - I find it boring to discuss philosophy.,"For every statement please indicate to what extent you 'agree' or 'disagree' with the statement. - I prefer to do whatever comes to mind, rather than stick to a plan.","For every statement please indicate to what extent you 'agree' or 'disagree' with the statement. - When people tell me that I’m wrong, my first reaction is to argue with them.","For every statement please indicate to what extent you 'agree' or 'disagree' with the statement. - When I’m in a group of people, I’m often the one who speaks on behalf of the group.",For every statement please indicate to what extent you 'agree' or 'disagree' with the statement. - I remain unemotional even in situations where most people get very sentimental.,"For every statement please indicate to what extent you 'agree' or 'disagree' with the statement. - I’d be tempted to use counterfeit money, if I were sure I could get away with it.",Timing - First Click,Timing - Last Click,Timing - Page Submit,Timing - Click Count,Please picture yourself as you are looking for new openings of a job you are interested in. Please read the  descriptions and answer the questions below. - Select the company you would work for.,Exploit_sel_rating - Which company do you prefer?,Which company do you like most?,Please picture yourself as you are looking for new openings of a job you are interested in. Please read the descriptions and answer the questions below. - Select the company you would work for.,Insec_sel_rating - Which company do you prefer?,Which company do you like most?,Please picture yourself as you are looking for new openings of a job you are interested in. Please read the  descriptions and answer the questions below. - Select the company you would work for.,Soc_sel_rating - Which company do you prefer?,Which company do you like most?,Please picture yourself as you are looking for new openings of a job you are interested in. Please read the  descriptions and answer the questions below. - Select the company you would work for.,Obs_sel_rating - Which company do you prefer?,Which company do you like most?,Please picture yourself as you are looking for new openings of a job you are interested in. Please read the  descriptions and answer the questions below. - Select the company you would work for.,Duty_sel_rating - Which company do you prefer?,Which company do you like most?,Please picture yourself as you are looking for new openings of a job you are interested in. Please read the  descriptions and answer the questions below. - Select the company you would work for.,Explor_sel_rating - Which company do you prefer?,Which company do you like most?,"Here is the description of a company. Please read carefully and answer the questions below.

 
Our company is interested in expanding our team. Here at our company, we prioritize company profits and profits of our employees first of all. Success of our employees is due to individual performances and the best employees should be properly rewarded. At our company, profits are distributed through generous individual bonuses and the possibility to obtain a powerful position in the organization. We celebrate your individual success and make sure you'll make a name in our company! If this is something that attracts you, we invite you to join us at our company!



How would you perceive this company? 


The company offers situations in which ... - ... one may obtain personal gains (e.g., money, power, status) that benefit oneself more than they benefit others.:... one may forfeit personal gains (e.g., money, power, status) and cooperate with others for the public good.","Here is the description of a company. Please read carefully and answer the questions below.

 
Our company is interested in expanding our team. Here at our company, we prioritize company profits and profits of our employees first of all. Success of our employees is due to individual performances and the best employees should be properly rewarded. At our company, profits are distributed through generous individual bonuses and the possibility to obtain a powerful position in the organization. We celebrate your individual success and make sure you'll make a name in our company! If this is something that attracts you, we invite you to join us at our company!



How would you perceive this company? 


The company offers situations in which ... - ... uncertainty and threats for oneself or people close by are absent or adequately dealt with.:... there may be physical and emotional uncertainty or threats for oneself or people close by.","Here is the description of a company. Please read carefully and answer the questions below.

 
Our company is interested in expanding our team. Here at our company, we prioritize company profits and profits of our employees first of all. Success of our employees is due to individual performances and the best employees should be properly rewarded. At our company, profits are distributed through generous individual bonuses and the possibility to obtain a powerful position in the organization. We celebrate your individual success and make sure you'll make a name in our company! If this is something that attracts you, we invite you to join us at our company!



How would you perceive this company? 


The company offers situations in which ... - ... there is the opportunity to engage in solitary activities and/or to socially withdraw.:... there is the opportunity to engage in group activities and/or get social attention.","Here is the description of a company. Please read carefully and answer the questions below.

 
Our company is interested in expanding our team. Here at our company, we prioritize company profits and profits of our employees first of all. Success of our employees is due to individual performances and the best employees should be properly rewarded. At our company, profits are distributed through generous individual bonuses and the possibility to obtain a powerful position in the organization. We celebrate your individual success and make sure you'll make a name in our company! If this is something that attracts you, we invite you to join us at our company!



How would you perceive this company? 


The company offers situations in which ... - ... there is the opportunity to peacefully co-exist with others because people are forgiving, gentle, and/or accommodating.:... there is a potential for conflict because other people are demanding, insulting, and/or exploitative.","Here is the description of a company. Please read carefully and answer the questions below.

 
Our company is interested in expanding our team. Here at our company, we prioritize company profits and profits of our employees first of all. Success of our employees is due to individual performances and the best employees should be properly rewarded. At our company, profits are distributed through generous individual bonuses and the possibility to obtain a powerful position in the organization. We celebrate your individual success and make sure you'll make a name in our company! If this is something that attracts you, we invite you to join us at our company!



How would you perceive this company? 


The company offers situations in which ... - ... there is the opportunity to work in a relatively undisciplined and carefree environment.:... there is the opportunity to plan, organize things, focus on details, and/or work diligently.","Here is the description of a company. Please read carefully and answer the questions below.

 
Our company is interested in expanding our team. Here at our company, we prioritize company profits and profits of our employees first of all. Success of our employees is due to individual performances and the best employees should be properly rewarded. At our company, profits are distributed through generous individual bonuses and the possibility to obtain a powerful position in the organization. We celebrate your individual success and make sure you'll make a name in our company! If this is something that attracts you, we invite you to join us at our company!



How would you perceive this company? 


The company offers situations in which ... - ... there is the opportunity to follow traditions and behave according to conventional norms.:... there is the opportunity to explore art, nature, and unusual ideas or people.","Here is the description of a company. Please read carefully and answer the questions below.

 
Our company is interested in expanding our team. Here at our company, we prioritize doing things for the good of society first of all. Success of our employees is due to their equal contribution, and, consequently, rewards are shared with everybody in the organization. At our company, profits are donated to charities that are democratically chosen by the members of the organization, and power is distributed equally throughout the organization. We celebrate success communally and make sure that nobody in the company is left behind. If this is something that attracts you, we invite you to join us at our company!



How would you perceive this company? 


The company offers situations in which ... - ... one may obtain personal gains (e.g., money, power, status) that benefit oneself more than they benefit others.:... one may forfeit personal gains (e.g., money, power, status) and cooperate with others for the public good.","Here is the description of a company. Please read carefully and answer the questions below.

 
Our company is interested in expanding our team. Here at our company, we prioritize doing things for the good of society first of all. Success of our employees is due to their equal contribution, and, consequently, rewards are shared with everybody in the organization. At our company, profits are donated to charities that are democratically chosen by the members of the organization, and power is distributed equally throughout the organization. We celebrate success communally and make sure that nobody in the company is left behind. If this is something that attracts you, we invite you to join us at our company!



How would you perceive this company? 


The company offers situations in which ... - ... uncertainty and threats for oneself or people close by are absent or adequately dealt with.:... there may be physical and emotional uncertainty or threats for oneself or people close by.","Here is the description of a company. Please read carefully and answer the questions below.

 
Our company is interested in expanding our team. Here at our company, we prioritize doing things for the good of society first of all. Success of our employees is due to their equal contribution, and, consequently, rewards are shared with everybody in the organization. At our company, profits are donated to charities that are democratically chosen by the members of the organization, and power is distributed equally throughout the organization. We celebrate success communally and make sure that nobody in the company is left behind. If this is something that attracts you, we invite you to join us at our company!



How would you perceive this company? 


The company offers situations in which ... - ... there is the opportunity to engage in solitary activities and/or to socially withdraw.:... there is the opportunity to engage in group activities and/or get social attention.","Here is the description of a company. Please read carefully and answer the questions below.

 
Our company is interested in expanding our team. Here at our company, we prioritize doing things for the good of society first of all. Success of our employees is due to their equal contribution, and, consequently, rewards are shared with everybody in the organization. At our company, profits are donated to charities that are democratically chosen by the members of the organization, and power is distributed equally throughout the organization. We celebrate success communally and make sure that nobody in the company is left behind. If this is something that attracts you, we invite you to join us at our company!



How would you perceive this company? 


The company offers situations in which ... - ... there is the opportunity to peacefully co-exist with others because people are forgiving, gentle, and/or accommodating.:... there is a potential for conflict because other people are demanding, insulting, and/or exploitative.","Here is the description of a company. Please read carefully and answer the questions below.

 
Our company is interested in expanding our team. Here at our company, we prioritize doing things for the good of society first of all. Success of our employees is due to their equal contribution, and, consequently, rewards are shared with everybody in the organization. At our company, profits are donated to charities that are democratically chosen by the members of the organization, and power is distributed equally throughout the organization. We celebrate success communally and make sure that nobody in the company is left behind. If this is something that attracts you, we invite you to join us at our company!



How would you perceive this company? 


The company offers situations in which ... - ... there is the opportunity to work in a relatively undisciplined and carefree environment.:... there is the opportunity to plan, organize things, focus on details, and/or work diligently.","Here is the description of a company. Please read carefully and answer the questions below.

 
Our company is interested in expanding our team. Here at our company, we prioritize doing things for the good of society first of all. Success of our employees is due to their equal contribution, and, consequently, rewards are shared with everybody in the organization. At our company, profits are donated to charities that are democratically chosen by the members of the organization, and power is distributed equally throughout the organization. We celebrate success communally and make sure that nobody in the company is left behind. If this is something that attracts you, we invite you to join us at our company!



How would you perceive this company? 


The company offers situations in which ... - ... there is the opportunity to follow traditions and behave according to conventional norms.:... there is the opportunity to explore art, nature, and unusual ideas or people.","Here is the description of a company. Please read carefully and answer the questions below.

 
New openings have become available here at our company, and we want you to join us! 

From the moment you’ll be part of our team, we expect you to be self-reliant and independent to navigate the challenges of your new role. Some of the work is physically dangerous, and we are looking forward to working next to people who can handle the physically and emotionally exciting - but to some stressful - situations that may arise in our workplace. We have found that providing an environment where you are challenged to face - and learn from - the job demands is crucial for the team’s success. It is likely that you will face some anxieties, and we deeply care about - and believe in - your resilience. If this aligns with what you look for in a workplace, we very much welcome your interest in a position at our company!



How would you perceive this company? 


The company offers situations in which ... - ... one may obtain personal gains (e.g., money, power, status) that benefit oneself more than they benefit others.:... one may forfeit personal gains (e.g., money, power, status) and cooperate with others for the public good.","Here is the description of a company. Please read carefully and answer the questions below.

 
New openings have become available here at our company, and we want you to join us! 

From the moment you’ll be part of our team, we expect you to be self-reliant and independent to navigate the challenges of your new role. Some of the work is physically dangerous, and we are looking forward to working next to people who can handle the physically and emotionally exciting - but to some stressful - situations that may arise in our workplace. We have found that providing an environment where you are challenged to face - and learn from - the job demands is crucial for the team’s success. It is likely that you will face some anxieties, and we deeply care about - and believe in - your resilience. If this aligns with what you look for in a workplace, we very much welcome your interest in a position at our company!



How would you perceive this company? 


The company offers situations in which ... - ... uncertainty and threats for oneself or people close by are absent or adequately dealt with.:... there may be physical and emotional uncertainty or threats for oneself or people close by.","Here is the description of a company. Please read carefully and answer the questions below.

 
New openings have become available here at our company, and we want you to join us! 

From the moment you’ll be part of our team, we expect you to be self-reliant and independent to navigate the challenges of your new role. Some of the work is physically dangerous, and we are looking forward to working next to people who can handle the physically and emotionally exciting - but to some stressful - situations that may arise in our workplace. We have found that providing an environment where you are challenged to face - and learn from - the job demands is crucial for the team’s success. It is likely that you will face some anxieties, and we deeply care about - and believe in - your resilience. If this aligns with what you look for in a workplace, we very much welcome your interest in a position at our company!



How would you perceive this company? 


The company offers situations in which ... - ... there is the opportunity to engage in solitary activities and/or to socially withdraw.:... there is the opportunity to engage in group activities and/or get social attention.","Here is the description of a company. Please read carefully and answer the questions below.

 
New openings have become available here at our company, and we want you to join us! 

From the moment you’ll be part of our team, we expect you to be self-reliant and independent to navigate the challenges of your new role. Some of the work is physically dangerous, and we are looking forward to working next to people who can handle the physically and emotionally exciting - but to some stressful - situations that may arise in our workplace. We have found that providing an environment where you are challenged to face - and learn from - the job demands is crucial for the team’s success. It is likely that you will face some anxieties, and we deeply care about - and believe in - your resilience. If this aligns with what you look for in a workplace, we very much welcome your interest in a position at our company!



How would you perceive this company? 


The company offers situations in which ... - ... there is the opportunity to peacefully co-exist with others because people are forgiving, gentle, and/or accommodating.:... there is a potential for conflict because other people are demanding, insulting, and/or exploitative.","Here is the description of a company. Please read carefully and answer the questions below.

 
New openings have become available here at our company, and we want you to join us! 

From the moment you’ll be part of our team, we expect you to be self-reliant and independent to navigate the challenges of your new role. Some of the work is physically dangerous, and we are looking forward to working next to people who can handle the physically and emotionally exciting - but to some stressful - situations that may arise in our workplace. We have found that providing an environment where you are challenged to face - and learn from - the job demands is crucial for the team’s success. It is likely that you will face some anxieties, and we deeply care about - and believe in - your resilience. If this aligns with what you look for in a workplace, we very much welcome your interest in a position at our company!



How would you perceive this company? 


The company offers situations in which ... - ... there is the opportunity to work in a relatively undisciplined and carefree environment.:... there is the opportunity to plan, organize things, focus on details, and/or work diligently.","Here is the description of a company. Please read carefully and answer the questions below.

 
New openings have become available here at our company, and we want you to join us! 

From the moment you’ll be part of our team, we expect you to be self-reliant and independent to navigate the challenges of your new role. Some of the work is physically dangerous, and we are looking forward to working next to people who can handle the physically and emotionally exciting - but to some stressful - situations that may arise in our workplace. We have found that providing an environment where you are challenged to face - and learn from - the job demands is crucial for the team’s success. It is likely that you will face some anxieties, and we deeply care about - and believe in - your resilience. If this aligns with what you look for in a workplace, we very much welcome your interest in a position at our company!



How would you perceive this company? 


The company offers situations in which ... - ... there is the opportunity to follow traditions and behave according to conventional norms.:... there is the opportunity to explore art, nature, and unusual ideas or people.","Here is the description of a company. Please read carefully and answer the questions below.

 
New openings have become available here at our company, and we want you to join us! 

From the moment you’ll be part of our team, you'll be supported and guided by your colleagues to navigate the challenges of your new role. Physical safety is a priority in our company, and we've made sure that physically and emotionally stressful situations are unlikely to arise in our workplace. We have found that providing an environment where colleagues care for you to face - and learn from - the job requirements is crucial for the team’s success. It is unlikely that you will face any anxieties, and we deeply care about - and believe in - your personal safety. If this aligns with what you look for in a workplace, we very much welcome your interest in a position at our company!



How would you perceive this company? 


The company offers situations in which ... - ... one may obtain personal gains (e.g., money, power, status) that benefit oneself more than they benefit others.:... one may forfeit personal gains (e.g., money, power, status) and cooperate with others for the public good.","Here is the description of a company. Please read carefully and answer the questions below.

 
New openings have become available here at our company, and we want you to join us! 

From the moment you’ll be part of our team, you'll be supported and guided by your colleagues to navigate the challenges of your new role. Physical safety is a priority in our company, and we've made sure that physically and emotionally stressful situations are unlikely to arise in our workplace. We have found that providing an environment where colleagues care for you to face - and learn from - the job requirements is crucial for the team’s success. It is unlikely that you will face any anxieties, and we deeply care about - and believe in - your personal safety. If this aligns with what you look for in a workplace, we very much welcome your interest in a position at our company!



How would you perceive this company? 


The company offers situations in which ... - ... uncertainty and threats for oneself or people close by are absent or adequately dealt with.:... there may be physical and emotional uncertainty or threats for oneself or people close by.","Here is the description of a company. Please read carefully and answer the questions below.

 
New openings have become available here at our company, and we want you to join us! 

From the moment you’ll be part of our team, you'll be supported and guided by your colleagues to navigate the challenges of your new role. Physical safety is a priority in our company, and we've made sure that physically and emotionally stressful situations are unlikely to arise in our workplace. We have found that providing an environment where colleagues care for you to face - and learn from - the job requirements is crucial for the team’s success. It is unlikely that you will face any anxieties, and we deeply care about - and believe in - your personal safety. If this aligns with what you look for in a workplace, we very much welcome your interest in a position at our company!



How would you perceive this company? 


The company offers situations in which ... - ... there is the opportunity to engage in solitary activities and/or to socially withdraw.:... there is the opportunity to engage in group activities and/or get social attention.","Here is the description of a company. Please read carefully and answer the questions below.

 
New openings have become available here at our company, and we want you to join us! 

From the moment you’ll be part of our team, you'll be supported and guided by your colleagues to navigate the challenges of your new role. Physical safety is a priority in our company, and we've made sure that physically and emotionally stressful situations are unlikely to arise in our workplace. We have found that providing an environment where colleagues care for you to face - and learn from - the job requirements is crucial for the team’s success. It is unlikely that you will face any anxieties, and we deeply care about - and believe in - your personal safety. If this aligns with what you look for in a workplace, we very much welcome your interest in a position at our company!



How would you perceive this company? 


The company offers situations in which ... - ... there is the opportunity to peacefully co-exist with others because people are forgiving, gentle, and/or accommodating.:... there is a potential for conflict because other people are demanding, insulting, and/or exploitative.","Here is the description of a company. Please read carefully and answer the questions below.

 
New openings have become available here at our company, and we want you to join us! 

From the moment you’ll be part of our team, you'll be supported and guided by your colleagues to navigate the challenges of your new role. Physical safety is a priority in our company, and we've made sure that physically and emotionally stressful situations are unlikely to arise in our workplace. We have found that providing an environment where colleagues care for you to face - and learn from - the job requirements is crucial for the team’s success. It is unlikely that you will face any anxieties, and we deeply care about - and believe in - your personal safety. If this aligns with what you look for in a workplace, we very much welcome your interest in a position at our company!



How would you perceive this company? 


The company offers situations in which ... - ... there is the opportunity to work in a relatively undisciplined and carefree environment.:... there is the opportunity to plan, organize things, focus on details, and/or work diligently.","Here is the description of a company. Please read carefully and answer the questions below.

 
New openings have become available here at our company, and we want you to join us! 

From the moment you’ll be part of our team, you'll be supported and guided by your colleagues to navigate the challenges of your new role. Physical safety is a priority in our company, and we've made sure that physically and emotionally stressful situations are unlikely to arise in our workplace. We have found that providing an environment where colleagues care for you to face - and learn from - the job requirements is crucial for the team’s success. It is unlikely that you will face any anxieties, and we deeply care about - and believe in - your personal safety. If this aligns with what you look for in a workplace, we very much welcome your interest in a position at our company!



How would you perceive this company? 


The company offers situations in which ... - ... there is the opportunity to follow traditions and behave according to conventional norms.:... there is the opportunity to explore art, nature, and unusual ideas or people.","Here is the description of a company. Please read carefully and answer the questions below.

 
Our company is looking to expand their team. We have developed a culture where we value people's social skills. We want employees to speak up and make themselves heard. Leadership of every individual in the organization is greatly valued. Furthermore, we are a very sociable organization. We organize lots of social events in which people get to know each other and in which they can enjoy each other's company. You will join a team of employees, who, like you, are ready to approach every day with high energy and spirits. Join us at our company! 



How would you perceive this company? 


The company offers situations in which ... - ... one may obtain personal gains (e.g., money, power, status) that benefit oneself more than they benefit others.:... one may forfeit personal gains (e.g., money, power, status) and cooperate with others for the public good.","Here is the description of a company. Please read carefully and answer the questions below.

 
Our company is looking to expand their team. We have developed a culture where we value people's social skills. We want employees to speak up and make themselves heard. Leadership of every individual in the organization is greatly valued. Furthermore, we are a very sociable organization. We organize lots of social events in which people get to know each other and in which they can enjoy each other's company. You will join a team of employees, who, like you, are ready to approach every day with high energy and spirits. Join us at our company! 



How would you perceive this company? 


The company offers situations in which ... - ... uncertainty and threats for oneself or people close by are absent or adequately dealt with.:... there may be physical and emotional uncertainty or threats for oneself or people close by.","Here is the description of a company. Please read carefully and answer the questions below.

 
Our company is looking to expand their team. We have developed a culture where we value people's social skills. We want employees to speak up and make themselves heard. Leadership of every individual in the organization is greatly valued. Furthermore, we are a very sociable organization. We organize lots of social events in which people get to know each other and in which they can enjoy each other's company. You will join a team of employees, who, like you, are ready to approach every day with high energy and spirits. Join us at our company! 



How would you perceive this company? 


The company offers situations in which ... - ... there is the opportunity to engage in solitary activities and/or to socially withdraw.:... there is the opportunity to engage in group activities and/or get social attention.","Here is the description of a company. Please read carefully and answer the questions below.

 
Our company is looking to expand their team. We have developed a culture where we value people's social skills. We want employees to speak up and make themselves heard. Leadership of every individual in the organization is greatly valued. Furthermore, we are a very sociable organization. We organize lots of social events in which people get to know each other and in which they can enjoy each other's company. You will join a team of employees, who, like you, are ready to approach every day with high energy and spirits. Join us at our company! 



How would you perceive this company? 


The company offers situations in which ... - ... there is the opportunity to peacefully co-exist with others because people are forgiving, gentle, and/or accommodating.:... there is a potential for conflict because other people are demanding, insulting, and/or exploitative.","Here is the description of a company. Please read carefully and answer the questions below.

 
Our company is looking to expand their team. We have developed a culture where we value people's social skills. We want employees to speak up and make themselves heard. Leadership of every individual in the organization is greatly valued. Furthermore, we are a very sociable organization. We organize lots of social events in which people get to know each other and in which they can enjoy each other's company. You will join a team of employees, who, like you, are ready to approach every day with high energy and spirits. Join us at our company! 



How would you perceive this company? 


The company offers situations in which ... - ... there is the opportunity to work in a relatively undisciplined and carefree environment.:... there is the opportunity to plan, organize things, focus on details, and/or work diligently.","Here is the description of a company. Please read carefully and answer the questions below.

 
Our company is looking to expand their team. We have developed a culture where we value people's social skills. We want employees to speak up and make themselves heard. Leadership of every individual in the organization is greatly valued. Furthermore, we are a very sociable organization. We organize lots of social events in which people get to know each other and in which they can enjoy each other's company. You will join a team of employees, who, like you, are ready to approach every day with high energy and spirits. Join us at our company! 



How would you perceive this company? 


The company offers situations in which ... - ... there is the opportunity to follow traditions and behave according to conventional norms.:... there is the opportunity to explore art, nature, and unusual ideas or people.","Here is the description of a company. Please read carefully and answer the questions below.

 
Our company is looking to expand their team. We have developed a culture where we value our people, irrespective of their social skills. We do not require people to speak up; instead, we especially value people who do not unnecessarily draw social attention to themselves. We have few social events, and people enjoy working in the company because there is no pressure to get to know other employees and you are not forced to enjoy each other's company. You will join a team of employees, who, like you, are ready to approach every day with quiet determination. Join us at our company!



How would you perceive this company? 


The company offers situations in which ... - ... one may obtain personal gains (e.g., money, power, status) that benefit oneself more than they benefit others.:... one may forfeit personal gains (e.g., money, power, status) and cooperate with others for the public good.","Here is the description of a company. Please read carefully and answer the questions below.

 
Our company is looking to expand their team. We have developed a culture where we value our people, irrespective of their social skills. We do not require people to speak up; instead, we especially value people who do not unnecessarily draw social attention to themselves. We have few social events, and people enjoy working in the company because there is no pressure to get to know other employees and you are not forced to enjoy each other's company. You will join a team of employees, who, like you, are ready to approach every day with quiet determination. Join us at our company!



How would you perceive this company? 


The company offers situations in which ... - ... uncertainty and threats for oneself or people close by are absent or adequately dealt with.:... there may be physical and emotional uncertainty or threats for oneself or people close by.","Here is the description of a company. Please read carefully and answer the questions below.

 
Our company is looking to expand their team. We have developed a culture where we value our people, irrespective of their social skills. We do not require people to speak up; instead, we especially value people who do not unnecessarily draw social attention to themselves. We have few social events, and people enjoy working in the company because there is no pressure to get to know other employees and you are not forced to enjoy each other's company. You will join a team of employees, who, like you, are ready to approach every day with quiet determination. Join us at our company!



How would you perceive this company? 


The company offers situations in which ... - ... there is the opportunity to engage in solitary activities and/or to socially withdraw.:... there is the opportunity to engage in group activities and/or get social attention.","Here is the description of a company. Please read carefully and answer the questions below.

 
Our company is looking to expand their team. We have developed a culture where we value our people, irrespective of their social skills. We do not require people to speak up; instead, we especially value people who do not unnecessarily draw social attention to themselves. We have few social events, and people enjoy working in the company because there is no pressure to get to know other employees and you are not forced to enjoy each other's company. You will join a team of employees, who, like you, are ready to approach every day with quiet determination. Join us at our company!



How would you perceive this company? 


The company offers situations in which ... - ... there is the opportunity to peacefully co-exist with others because people are forgiving, gentle, and/or accommodating.:... there is a potential for conflict because other people are demanding, insulting, and/or exploitative.","Here is the description of a company. Please read carefully and answer the questions below.

 
Our company is looking to expand their team. We have developed a culture where we value our people, irrespective of their social skills. We do not require people to speak up; instead, we especially value people who do not unnecessarily draw social attention to themselves. We have few social events, and people enjoy working in the company because there is no pressure to get to know other employees and you are not forced to enjoy each other's company. You will join a team of employees, who, like you, are ready to approach every day with quiet determination. Join us at our company!



How would you perceive this company? 


The company offers situations in which ... - ... there is the opportunity to work in a relatively undisciplined and carefree environment.:... there is the opportunity to plan, organize things, focus on details, and/or work diligently.","Here is the description of a company. Please read carefully and answer the questions below.

 
Our company is looking to expand their team. We have developed a culture where we value our people, irrespective of their social skills. We do not require people to speak up; instead, we especially value people who do not unnecessarily draw social attention to themselves. We have few social events, and people enjoy working in the company because there is no pressure to get to know other employees and you are not forced to enjoy each other's company. You will join a team of employees, who, like you, are ready to approach every day with quiet determination. Join us at our company!



How would you perceive this company? 


The company offers situations in which ... - ... there is the opportunity to follow traditions and behave according to conventional norms.:... there is the opportunity to explore art, nature, and unusual ideas or people.","Here is the description of a company. Please read carefully and answer the questions below.

 
Join our company, a company that stands it ground! In our line of business, we sometimes have to be tough with people. When difficult situations arise, the company requires employees to be firm, to put people in line, and to be able to say ""no"". We are known for dealing with demanding people, so we are looking for new colleagues who can stand their ground, even in hostile situations. You must be able to address issues directly and be vigilant and critical of people to get your way. We have worked hard to develop a team full of strong-willed individuals who are unlikely to give up. If you are interested, contact us at our company!



How would you perceive this company? 


The company offers situations in which ... - ... one may obtain personal gains (e.g., money, power, status) that benefit oneself more than they benefit others.:... one may forfeit personal gains (e.g., money, power, status) and cooperate with others for the public good.","Here is the description of a company. Please read carefully and answer the questions below.

 
Join our company, a company that stands it ground! In our line of business, we sometimes have to be tough with people. When difficult situations arise, the company requires employees to be firm, to put people in line, and to be able to say ""no"". We are known for dealing with demanding people, so we are looking for new colleagues who can stand their ground, even in hostile situations. You must be able to address issues directly and be vigilant and critical of people to get your way. We have worked hard to develop a team full of strong-willed individuals who are unlikely to give up. If you are interested, contact us at our company!



How would you perceive this company? 


The company offers situations in which ... - ... uncertainty and threats for oneself or people close by are absent or adequately dealt with.:... there may be physical and emotional uncertainty or threats for oneself or people close by.","Here is the description of a company. Please read carefully and answer the questions below.

 
Join our company, a company that stands it ground! In our line of business, we sometimes have to be tough with people. When difficult situations arise, the company requires employees to be firm, to put people in line, and to be able to say ""no"". We are known for dealing with demanding people, so we are looking for new colleagues who can stand their ground, even in hostile situations. You must be able to address issues directly and be vigilant and critical of people to get your way. We have worked hard to develop a team full of strong-willed individuals who are unlikely to give up. If you are interested, contact us at our company!



How would you perceive this company? 


The company offers situations in which ... - ... there is the opportunity to engage in solitary activities and/or to socially withdraw.:... there is the opportunity to engage in group activities and/or get social attention.","Here is the description of a company. Please read carefully and answer the questions below.

 
Join our company, a company that stands it ground! In our line of business, we sometimes have to be tough with people. When difficult situations arise, the company requires employees to be firm, to put people in line, and to be able to say ""no"". We are known for dealing with demanding people, so we are looking for new colleagues who can stand their ground, even in hostile situations. You must be able to address issues directly and be vigilant and critical of people to get your way. We have worked hard to develop a team full of strong-willed individuals who are unlikely to give up. If you are interested, contact us at our company!



How would you perceive this company? 


The company offers situations in which ... - ... there is the opportunity to peacefully co-exist with others because people are forgiving, gentle, and/or accommodating.:... there is a potential for conflict because other people are demanding, insulting, and/or exploitative.","Here is the description of a company. Please read carefully and answer the questions below.

 
Join our company, a company that stands it ground! In our line of business, we sometimes have to be tough with people. When difficult situations arise, the company requires employees to be firm, to put people in line, and to be able to say ""no"". We are known for dealing with demanding people, so we are looking for new colleagues who can stand their ground, even in hostile situations. You must be able to address issues directly and be vigilant and critical of people to get your way. We have worked hard to develop a team full of strong-willed individuals who are unlikely to give up. If you are interested, contact us at our company!



How would you perceive this company? 


The company offers situations in which ... - ... there is the opportunity to work in a relatively undisciplined and carefree environment.:... there is the opportunity to plan, organize things, focus on details, and/or work diligently.","Here is the description of a company. Please read carefully and answer the questions below.

 
Join our company, a company that stands it ground! In our line of business, we sometimes have to be tough with people. When difficult situations arise, the company requires employees to be firm, to put people in line, and to be able to say ""no"". We are known for dealing with demanding people, so we are looking for new colleagues who can stand their ground, even in hostile situations. You must be able to address issues directly and be vigilant and critical of people to get your way. We have worked hard to develop a team full of strong-willed individuals who are unlikely to give up. If you are interested, contact us at our company!



How would you perceive this company? 


The company offers situations in which ... - ... there is the opportunity to follow traditions and behave according to conventional norms.:... there is the opportunity to explore art, nature, and unusual ideas or people.","Here is the description of a company. Please read carefully and answer the questions below.

 
Join our company, a company that is known for its flexibility! In our line of business, we have to be very accommodating of people. When difficult situations arise, the company requires employees to give in and go out of their way to say ""yes"" to the needs of our clients. We are known for dealing with demanding clients, so we are looking for new colleagues who are flexible and are able to put other people first. You must be able to be considerate of your clients, even when this means forgetting about your own needs. We have worked hard to develop a team full of forgiving and considerate individuals, who are able to be accommodating towards our clients. If you are interested, contact us at our company!



How would you perceive this company? 


The company offers situations in which ... - ... one may obtain personal gains (e.g., money, power, status) that benefit oneself more than they benefit others.:... one may forfeit personal gains (e.g., money, power, status) and cooperate with others for the public good.","Here is the description of a company. Please read carefully and answer the questions below.

 
Join our company, a company that is known for its flexibility! In our line of business, we have to be very accommodating of people. When difficult situations arise, the company requires employees to give in and go out of their way to say ""yes"" to the needs of our clients. We are known for dealing with demanding clients, so we are looking for new colleagues who are flexible and are able to put other people first. You must be able to be considerate of your clients, even when this means forgetting about your own needs. We have worked hard to develop a team full of forgiving and considerate individuals, who are able to be accommodating towards our clients. If you are interested, contact us at our company!



How would you perceive this company? 


The company offers situations in which ... - ... uncertainty and threats for oneself or people close by are absent or adequately dealt with.:... there may be physical and emotional uncertainty or threats for oneself or people close by.","Here is the description of a company. Please read carefully and answer the questions below.

 
Join our company, a company that is known for its flexibility! In our line of business, we have to be very accommodating of people. When difficult situations arise, the company requires employees to give in and go out of their way to say ""yes"" to the needs of our clients. We are known for dealing with demanding clients, so we are looking for new colleagues who are flexible and are able to put other people first. You must be able to be considerate of your clients, even when this means forgetting about your own needs. We have worked hard to develop a team full of forgiving and considerate individuals, who are able to be accommodating towards our clients. If you are interested, contact us at our company!



How would you perceive this company? 


The company offers situations in which ... - ... there is the opportunity to engage in solitary activities and/or to socially withdraw.:... there is the opportunity to engage in group activities and/or get social attention.","Here is the description of a company. Please read carefully and answer the questions below.

 
Join our company, a company that is known for its flexibility! In our line of business, we have to be very accommodating of people. When difficult situations arise, the company requires employees to give in and go out of their way to say ""yes"" to the needs of our clients. We are known for dealing with demanding clients, so we are looking for new colleagues who are flexible and are able to put other people first. You must be able to be considerate of your clients, even when this means forgetting about your own needs. We have worked hard to develop a team full of forgiving and considerate individuals, who are able to be accommodating towards our clients. If you are interested, contact us at our company!



How would you perceive this company? 


The company offers situations in which ... - ... there is the opportunity to peacefully co-exist with others because people are forgiving, gentle, and/or accommodating.:... there is a potential for conflict because other people are demanding, insulting, and/or exploitative.","Here is the description of a company. Please read carefully and answer the questions below.

 
Join our company, a company that is known for its flexibility! In our line of business, we have to be very accommodating of people. When difficult situations arise, the company requires employees to give in and go out of their way to say ""yes"" to the needs of our clients. We are known for dealing with demanding clients, so we are looking for new colleagues who are flexible and are able to put other people first. You must be able to be considerate of your clients, even when this means forgetting about your own needs. We have worked hard to develop a team full of forgiving and considerate individuals, who are able to be accommodating towards our clients. If you are interested, contact us at our company!



How would you perceive this company? 


The company offers situations in which ... - ... there is the opportunity to work in a relatively undisciplined and carefree environment.:... there is the opportunity to plan, organize things, focus on details, and/or work diligently.","Here is the description of a company. Please read carefully and answer the questions below.

 
Join our company, a company that is known for its flexibility! In our line of business, we have to be very accommodating of people. When difficult situations arise, the company requires employees to give in and go out of their way to say ""yes"" to the needs of our clients. We are known for dealing with demanding clients, so we are looking for new colleagues who are flexible and are able to put other people first. You must be able to be considerate of your clients, even when this means forgetting about your own needs. We have worked hard to develop a team full of forgiving and considerate individuals, who are able to be accommodating towards our clients. If you are interested, contact us at our company!



How would you perceive this company? 


The company offers situations in which ... - ... there is the opportunity to follow traditions and behave according to conventional norms.:... there is the opportunity to explore art, nature, and unusual ideas or people.","Here is the description of a company. Please read carefully and answer the questions below.

 
We are very interested in expanding our team at our company. We are in the precision industry, and the products we make need to comply with very high levels of production and delivery quality standards, so we have to make sure no detail is overlooked. Consequently, we need to work in a highly organized and structured way to ensure that no mistakes are made and that all deadlines are met. To ensure the most optimal and productive atmosphere, everybody needs to keep their workplace tidy and organized. If you are interested to be part of a company in which employees enjoy hard work and perfectionism, join us at our company!



How would you perceive this company? 


The company offers situations in which ... - ... one may obtain personal gains (e.g., money, power, status) that benefit oneself more than they benefit others.:... one may forfeit personal gains (e.g., money, power, status) and cooperate with others for the public good.","Here is the description of a company. Please read carefully and answer the questions below.

 
We are very interested in expanding our team at our company. We are in the precision industry, and the products we make need to comply with very high levels of production and delivery quality standards, so we have to make sure no detail is overlooked. Consequently, we need to work in a highly organized and structured way to ensure that no mistakes are made and that all deadlines are met. To ensure the most optimal and productive atmosphere, everybody needs to keep their workplace tidy and organized. If you are interested to be part of a company in which employees enjoy hard work and perfectionism, join us at our company!



How would you perceive this company? 


The company offers situations in which ... - ... uncertainty and threats for oneself or people close by are absent or adequately dealt with.:... there may be physical and emotional uncertainty or threats for oneself or people close by.","Here is the description of a company. Please read carefully and answer the questions below.

 
We are very interested in expanding our team at our company. We are in the precision industry, and the products we make need to comply with very high levels of production and delivery quality standards, so we have to make sure no detail is overlooked. Consequently, we need to work in a highly organized and structured way to ensure that no mistakes are made and that all deadlines are met. To ensure the most optimal and productive atmosphere, everybody needs to keep their workplace tidy and organized. If you are interested to be part of a company in which employees enjoy hard work and perfectionism, join us at our company!



How would you perceive this company? 


The company offers situations in which ... - ... there is the opportunity to engage in solitary activities and/or to socially withdraw.:... there is the opportunity to engage in group activities and/or get social attention.","Here is the description of a company. Please read carefully and answer the questions below.

 
We are very interested in expanding our team at our company. We are in the precision industry, and the products we make need to comply with very high levels of production and delivery quality standards, so we have to make sure no detail is overlooked. Consequently, we need to work in a highly organized and structured way to ensure that no mistakes are made and that all deadlines are met. To ensure the most optimal and productive atmosphere, everybody needs to keep their workplace tidy and organized. If you are interested to be part of a company in which employees enjoy hard work and perfectionism, join us at our company!



How would you perceive this company? 


The company offers situations in which ... - ... there is the opportunity to peacefully co-exist with others because people are forgiving, gentle, and/or accommodating.:... there is a potential for conflict because other people are demanding, insulting, and/or exploitative.","Here is the description of a company. Please read carefully and answer the questions below.

 
We are very interested in expanding our team at our company. We are in the precision industry, and the products we make need to comply with very high levels of production and delivery quality standards, so we have to make sure no detail is overlooked. Consequently, we need to work in a highly organized and structured way to ensure that no mistakes are made and that all deadlines are met. To ensure the most optimal and productive atmosphere, everybody needs to keep their workplace tidy and organized. If you are interested to be part of a company in which employees enjoy hard work and perfectionism, join us at our company!



How would you perceive this company? 


The company offers situations in which ... - ... there is the opportunity to work in a relatively undisciplined and carefree environment.:... there is the opportunity to plan, organize things, focus on details, and/or work diligently.","Here is the description of a company. Please read carefully and answer the questions below.

 
We are very interested in expanding our team at our company. We are in the precision industry, and the products we make need to comply with very high levels of production and delivery quality standards, so we have to make sure no detail is overlooked. Consequently, we need to work in a highly organized and structured way to ensure that no mistakes are made and that all deadlines are met. To ensure the most optimal and productive atmosphere, everybody needs to keep their workplace tidy and organized. If you are interested to be part of a company in which employees enjoy hard work and perfectionism, join us at our company!



How would you perceive this company? 


The company offers situations in which ... - ... there is the opportunity to follow traditions and behave according to conventional norms.:... there is the opportunity to explore art, nature, and unusual ideas or people.","Here is the description of a company. Please read carefully and answer the questions below.

 

We are very interested in expanding our team at our company. We are in a fast-moving consumer market, and the products consequently do not need to comply to high quality standards. Our company prides itself on keeping things moving rather than aiming for perfection. We have automated large parts of our business, and consequently, our employees have a lot of freedom and few deadlines. The company is generally very lenient of mistakes, and employees are free to arrange their workplace as they please. If you are interested to be part of a company in which employees enjoy working as they please and a carefree atmosphere, join us at our company!

 

How would you perceive this company? 


The company offers situations in which ... - ... one may obtain personal gains (e.g., money, power, status) that benefit oneself more than they benefit others.:... one may forfeit personal gains (e.g., money, power, status) and cooperate with others for the public good.","Here is the description of a company. Please read carefully and answer the questions below.

 

We are very interested in expanding our team at our company. We are in a fast-moving consumer market, and the products consequently do not need to comply to high quality standards. Our company prides itself on keeping things moving rather than aiming for perfection. We have automated large parts of our business, and consequently, our employees have a lot of freedom and few deadlines. The company is generally very lenient of mistakes, and employees are free to arrange their workplace as they please. If you are interested to be part of a company in which employees enjoy working as they please and a carefree atmosphere, join us at our company!

 

How would you perceive this company? 


The company offers situations in which ... - ... uncertainty and threats for oneself or people close by are absent or adequately dealt with.:... there may be physical and emotional uncertainty or threats for oneself or people close by.","Here is the description of a company. Please read carefully and answer the questions below.

 

We are very interested in expanding our team at our company. We are in a fast-moving consumer market, and the products consequently do not need to comply to high quality standards. Our company prides itself on keeping things moving rather than aiming for perfection. We have automated large parts of our business, and consequently, our employees have a lot of freedom and few deadlines. The company is generally very lenient of mistakes, and employees are free to arrange their workplace as they please. If you are interested to be part of a company in which employees enjoy working as they please and a carefree atmosphere, join us at our company!

 

How would you perceive this company? 


The company offers situations in which ... - ... there is the opportunity to engage in solitary activities and/or to socially withdraw.:... there is the opportunity to engage in group activities and/or get social attention.","Here is the description of a company. Please read carefully and answer the questions below.

 

We are very interested in expanding our team at our company. We are in a fast-moving consumer market, and the products consequently do not need to comply to high quality standards. Our company prides itself on keeping things moving rather than aiming for perfection. We have automated large parts of our business, and consequently, our employees have a lot of freedom and few deadlines. The company is generally very lenient of mistakes, and employees are free to arrange their workplace as they please. If you are interested to be part of a company in which employees enjoy working as they please and a carefree atmosphere, join us at our company!

 

How would you perceive this company? 


The company offers situations in which ... - ... there is the opportunity to peacefully co-exist with others because people are forgiving, gentle, and/or accommodating.:... there is a potential for conflict because other people are demanding, insulting, and/or exploitative.","Here is the description of a company. Please read carefully and answer the questions below.

 

We are very interested in expanding our team at our company. We are in a fast-moving consumer market, and the products consequently do not need to comply to high quality standards. Our company prides itself on keeping things moving rather than aiming for perfection. We have automated large parts of our business, and consequently, our employees have a lot of freedom and few deadlines. The company is generally very lenient of mistakes, and employees are free to arrange their workplace as they please. If you are interested to be part of a company in which employees enjoy working as they please and a carefree atmosphere, join us at our company!

 

How would you perceive this company? 


The company offers situations in which ... - ... there is the opportunity to work in a relatively undisciplined and carefree environment.:... there is the opportunity to plan, organize things, focus on details, and/or work diligently.","Here is the description of a company. Please read carefully and answer the questions below.

 

We are very interested in expanding our team at our company. We are in a fast-moving consumer market, and the products consequently do not need to comply to high quality standards. Our company prides itself on keeping things moving rather than aiming for perfection. We have automated large parts of our business, and consequently, our employees have a lot of freedom and few deadlines. The company is generally very lenient of mistakes, and employees are free to arrange their workplace as they please. If you are interested to be part of a company in which employees enjoy working as they please and a carefree atmosphere, join us at our company!

 

How would you perceive this company? 


The company offers situations in which ... - ... there is the opportunity to follow traditions and behave according to conventional norms.:... there is the opportunity to explore art, nature, and unusual ideas or people.","Here is the description of a company. Please read carefully and answer the questions below.

 
At our company, we are looking for people who have the right values to fit our team. Our organization constantly has to deal with new ideas and unconventional people and so we're looking for someone who loves unusual ideas and people. Every day brings new and novel experiences in our line of business, and, consequently, our employees have to remain curious and have to update themselves on new trends and different perspectives. We ensure that our company keeps up with these new trends by often inviting artists, book authors, and alternative thinkers to present their work. If you are creative and love to experience something new every day, then join us at our company!



How would you perceive this company? 


The company offers situations in which ... - ... one may obtain personal gains (e.g., money, power, status) that benefit oneself more than they benefit others.:... one may forfeit personal gains (e.g., money, power, status) and cooperate with others for the public good.","Here is the description of a company. Please read carefully and answer the questions below.

 
At our company, we are looking for people who have the right values to fit our team. Our organization constantly has to deal with new ideas and unconventional people and so we're looking for someone who loves unusual ideas and people. Every day brings new and novel experiences in our line of business, and, consequently, our employees have to remain curious and have to update themselves on new trends and different perspectives. We ensure that our company keeps up with these new trends by often inviting artists, book authors, and alternative thinkers to present their work. If you are creative and love to experience something new every day, then join us at our company!



How would you perceive this company? 


The company offers situations in which ... - ... uncertainty and threats for oneself or people close by are absent or adequately dealt with.:... there may be physical and emotional uncertainty or threats for oneself or people close by.","Here is the description of a company. Please read carefully and answer the questions below.

 
At our company, we are looking for people who have the right values to fit our team. Our organization constantly has to deal with new ideas and unconventional people and so we're looking for someone who loves unusual ideas and people. Every day brings new and novel experiences in our line of business, and, consequently, our employees have to remain curious and have to update themselves on new trends and different perspectives. We ensure that our company keeps up with these new trends by often inviting artists, book authors, and alternative thinkers to present their work. If you are creative and love to experience something new every day, then join us at our company!



How would you perceive this company? 


The company offers situations in which ... - ... there is the opportunity to engage in solitary activities and/or to socially withdraw.:... there is the opportunity to engage in group activities and/or get social attention.","Here is the description of a company. Please read carefully and answer the questions below.

 
At our company, we are looking for people who have the right values to fit our team. Our organization constantly has to deal with new ideas and unconventional people and so we're looking for someone who loves unusual ideas and people. Every day brings new and novel experiences in our line of business, and, consequently, our employees have to remain curious and have to update themselves on new trends and different perspectives. We ensure that our company keeps up with these new trends by often inviting artists, book authors, and alternative thinkers to present their work. If you are creative and love to experience something new every day, then join us at our company!



How would you perceive this company? 


The company offers situations in which ... - ... there is the opportunity to peacefully co-exist with others because people are forgiving, gentle, and/or accommodating.:... there is a potential for conflict because other people are demanding, insulting, and/or exploitative.","Here is the description of a company. Please read carefully and answer the questions below.

 
At our company, we are looking for people who have the right values to fit our team. Our organization constantly has to deal with new ideas and unconventional people and so we're looking for someone who loves unusual ideas and people. Every day brings new and novel experiences in our line of business, and, consequently, our employees have to remain curious and have to update themselves on new trends and different perspectives. We ensure that our company keeps up with these new trends by often inviting artists, book authors, and alternative thinkers to present their work. If you are creative and love to experience something new every day, then join us at our company!



How would you perceive this company? 


The company offers situations in which ... - ... there is the opportunity to work in a relatively undisciplined and carefree environment.:... there is the opportunity to plan, organize things, focus on details, and/or work diligently.","Here is the description of a company. Please read carefully and answer the questions below.

 
At our company, we are looking for people who have the right values to fit our team. Our organization constantly has to deal with new ideas and unconventional people and so we're looking for someone who loves unusual ideas and people. Every day brings new and novel experiences in our line of business, and, consequently, our employees have to remain curious and have to update themselves on new trends and different perspectives. We ensure that our company keeps up with these new trends by often inviting artists, book authors, and alternative thinkers to present their work. If you are creative and love to experience something new every day, then join us at our company!



How would you perceive this company? 


The company offers situations in which ... - ... there is the opportunity to follow traditions and behave according to conventional norms.:... there is the opportunity to explore art, nature, and unusual ideas or people.","Here is the description of a company. Please read carefully and answer the questions below.

 
At our company, we are looking for people who have the right values to fit our team. Our organization constantly has to deal with clients who expect us to know and appreciate formal etiquette, so we're looking for someone who knows how to appropriately behave in their dealings with clients. We are professionals in following traditions and, consequently, our employees are trained to maintain the appropriate formal customs. We ensure that our company keeps up with the high formal expectations clients have of us by inviting experts who suggest what is historically, conventionally, and traditionally expected of us. If you take pride in your traditions and like to act on them every day, then join us at our company!



How would you perceive this company? 


The company offers situations in which ... - ... one may obtain personal gains (e.g., money, power, status) that benefit oneself more than they benefit others.:... one may forfeit personal gains (e.g., money, power, status) and cooperate with others for the public good.","Here is the description of a company. Please read carefully and answer the questions below.

 
At our company, we are looking for people who have the right values to fit our team. Our organization constantly has to deal with clients who expect us to know and appreciate formal etiquette, so we're looking for someone who knows how to appropriately behave in their dealings with clients. We are professionals in following traditions and, consequently, our employees are trained to maintain the appropriate formal customs. We ensure that our company keeps up with the high formal expectations clients have of us by inviting experts who suggest what is historically, conventionally, and traditionally expected of us. If you take pride in your traditions and like to act on them every day, then join us at our company!



How would you perceive this company? 


The company offers situations in which ... - ... uncertainty and threats for oneself or people close by are absent or adequately dealt with.:... there may be physical and emotional uncertainty or threats for oneself or people close by.","Here is the description of a company. Please read carefully and answer the questions below.

 
At our company, we are looking for people who have the right values to fit our team. Our organization constantly has to deal with clients who expect us to know and appreciate formal etiquette, so we're looking for someone who knows how to appropriately behave in their dealings with clients. We are professionals in following traditions and, consequently, our employees are trained to maintain the appropriate formal customs. We ensure that our company keeps up with the high formal expectations clients have of us by inviting experts who suggest what is historically, conventionally, and traditionally expected of us. If you take pride in your traditions and like to act on them every day, then join us at our company!



How would you perceive this company? 


The company offers situations in which ... - ... there is the opportunity to engage in solitary activities and/or to socially withdraw.:... there is the opportunity to engage in group activities and/or get social attention.","Here is the description of a company. Please read carefully and answer the questions below.

 
At our company, we are looking for people who have the right values to fit our team. Our organization constantly has to deal with clients who expect us to know and appreciate formal etiquette, so we're looking for someone who knows how to appropriately behave in their dealings with clients. We are professionals in following traditions and, consequently, our employees are trained to maintain the appropriate formal customs. We ensure that our company keeps up with the high formal expectations clients have of us by inviting experts who suggest what is historically, conventionally, and traditionally expected of us. If you take pride in your traditions and like to act on them every day, then join us at our company!



How would you perceive this company? 


The company offers situations in which ... - ... there is the opportunity to peacefully co-exist with others because people are forgiving, gentle, and/or accommodating.:... there is a potential for conflict because other people are demanding, insulting, and/or exploitative.","Here is the description of a company. Please read carefully and answer the questions below.

 
At our company, we are looking for people who have the right values to fit our team. Our organization constantly has to deal with clients who expect us to know and appreciate formal etiquette, so we're looking for someone who knows how to appropriately behave in their dealings with clients. We are professionals in following traditions and, consequently, our employees are trained to maintain the appropriate formal customs. We ensure that our company keeps up with the high formal expectations clients have of us by inviting experts who suggest what is historically, conventionally, and traditionally expected of us. If you take pride in your traditions and like to act on them every day, then join us at our company!



How would you perceive this company? 


The company offers situations in which ... - ... there is the opportunity to work in a relatively undisciplined and carefree environment.:... there is the opportunity to plan, organize things, focus on details, and/or work diligently.","Here is the description of a company. Please read carefully and answer the questions below.

 
At our company, we are looking for people who have the right values to fit our team. Our organization constantly has to deal with clients who expect us to know and appreciate formal etiquette, so we're looking for someone who knows how to appropriately behave in their dealings with clients. We are professionals in following traditions and, consequently, our employees are trained to maintain the appropriate formal customs. We ensure that our company keeps up with the high formal expectations clients have of us by inviting experts who suggest what is historically, conventionally, and traditionally expected of us. If you take pride in your traditions and like to act on them every day, then join us at our company!



How would you perceive this company? 


The company offers situations in which ... - ... there is the opportunity to follow traditions and behave according to conventional norms.:... there is the opportunity to explore art, nature, and unusual ideas or people.","Participant Debriefing Sheet
Dear Participant,

Thank you for taking the time to participate in this project!



In this survey, we were interested in collecting personality data, various background variables and how they may be related to the selection of situations. Specifically, the HEXACO personality questionnaire is a self-reported measure that allows us to create a profile of a person based on six different traits: Honesty-Humility, Emotionality, Extraversion, Agreeableness, Conscientiousness and Openness to Experience. This will allow us to understand how people differ in terms of behavioral and emotional tendencies. Other data collected are: educational background, job experiences and other job-related questions to help us understand the differences in participants’ work and life experiences.

For this study, you read six pairs of vignettes that portrayed companies that were manipulated to reflect differences in situational components related to personality traits. These components that are related to personality are called situational affordances, and they represent the presence, or absence, of situational components that make it more likely for people to express behavior related to the aligned personality trait. For example, the situational cues that could be present at a party can make it more likely for people to behave more socially. The situational affordances are six, each one related to the personality traits. The situational cues were manipulated to reflect a higher (or lower) likelihood of the expression of a behavior related to a personality trait. By manipulating the situational cues offered by each company, we were able to see if personality traits are related to your preferences and selection of situations.

Additionally, you rated each vignette on a modified version of the Domain-Specific-Situational-Affordances (DSSA) scale, which is a scale that allows for the rating of the six situational affordances. These ratings indicate how you perceived the presence, and the strength, of each of the six situational affordances, regardless of which one was manipulated. The ratings will be used to investigate if personality traits are related to the perception of these situational cues, and to establish if a person's score on a personality trait can predict their perception of the aligned situational affordance. Ultimately, with this study, we will have a better understanding of how personality is related to the selection of situations, the perception of situational cues and if there are any background variables that may play a role.



We thank you again for contributing to the study! If you have follow-up questions, are interested in learning more about the study and its outcome, or if you have any other possible questions, comments, or complaints, please use the contact information provided below to contact the researcher.



Contact information:

Principal Investigator: Lorenzo Cupri (l.cupri@vu.nl)

Promotor: Reinout de Vries (re.de.vries@vu.nl)

Supervisor: Ard Barends (a.j.barends@law.leidenuniv.nl)","Participant Debriefing Sheet
Dear Participant,

Thank you for taking the time to participate in this project!



In this survey, we were interested in collecting personality data, various background variables and how they may be related to the selection of situations. Specifically, the HEXACO personality questionnaire is a self-reported measure that allows us to create a profile of a person based on six different traits: Honesty-Humility, Emotionality, Extraversion, Agreeableness, Conscientiousness and Openness to Experience. This will allow us to understand how people differ in terms of behavioral and emotional tendencies. Other data collected are: educational background, job experiences and other job-related questions to help us understand the differences in participants’ work and life experiences.

For this study, you read six pairs of vignettes that portrayed companies that were manipulated to reflect differences in situational components related to personality traits. These components that are related to personality are called situational affordances, and they represent the presence, or absence, of situational components that make it more likely for people to express behavior related to the aligned personality trait. For example, the situational cues that could be present at a party can make it more likely for people to behave more socially. The situational affordances are six, each one related to the personality traits. The situational cues were manipulated to reflect a higher (or lower) likelihood of the expression of a behavior related to a personality trait. By manipulating the situational cues offered by each company, we were able to see if personality traits are related to your preferences and selection of situations.

Additionally, you rated each vignette on a modified version of the Domain-Specific-Situational-Affordances (DSSA) scale, which is a scale that allows for the rating of the six situational affordances. These ratings indicate how you perceived the presence, and the strength, of each of the six situational affordances, regardless of which one was manipulated. The ratings will be used to investigate if personality traits are related to the perception of these situational cues, and to establish if a person's score on a personality trait can predict their perception of the aligned situational affordance. Ultimately, with this study, we will have a better understanding of how personality is related to the selection of situations, the perception of situational cues and if there are any background variables that may play a role.



We thank you again for contributing to the study! If you have follow-up questions, are interested in learning more about the study and its outcome, or if you have any other possible questions, comments, or complaints, please use the contact information provided below to contact the researcher.



Contact information:

Principal Investigator: Lorenzo Cupri (l.cupri@vu.nl)

Promotor: Reinout de Vries (re.de.vries@vu.nl)

Supervisor: Ard Barends (a.j.barends@law.leidenuniv.nl)",id,Source
"{""ImportId"":""startDate"",""timeZone"":""America/Denver""}","{""ImportId"":""endDate"",""timeZone"":""America/Denver""}","{""ImportId"":""status""}","{""ImportId"":""ipAddress""}","{""ImportId"":""progress""}","{""ImportId"":""duration""}","{""ImportId"":""finished""}","{""ImportId"":""recordedDate"",""timeZone"":""America/Denver""}","{""ImportId"":""_recordId""}","{""ImportId"":""recipientLastName""}","{""ImportId"":""recipientFirstName""}","{""ImportId"":""recipientEmail""}","{""ImportId"":""externalDataReference""}","{""ImportId"":""locationLatitude""}","{""ImportId"":""locationLongitude""}","{""ImportId"":""distributionChannel""}","{""ImportId"":""userLanguage""}","{""ImportId"":""QID55""}","{""ImportId"":""QID162""}","{""ImportId"":""QID163_TEXT""}","{""ImportId"":""QID56""}","{""ImportId"":""QID56_3_TEXT""}","{""ImportId"":""QID57_TEXT""}","{""ImportId"":""QID152""}","{""ImportId"":""QID153""}","{""ImportId"":""QID153_9_TEXT""}","{""ImportId"":""QID154""}","{""ImportId"":""QID154_4_TEXT""}","{""ImportId"":""QID58""}","{""ImportId"":""QID59_TEXT""}","{""ImportId"":""QID82""}","{""ImportId"":""QID60_TEXT""}","{""ImportId"":""QID63""}","{""ImportId"":""QID63_22_TEXT""}","{""ImportId"":""QID64""}","{""ImportId"":""QID64_27_TEXT""}","{""ImportId"":""QID155""}","{""ImportId"":""QID155_22_TEXT""}","{""ImportId"":""QID156""}","{""ImportId"":""QID156_27_TEXT""}","{""ImportId"":""QID65_TEXT""}","{""ImportId"":""QID83_1""}","{""ImportId"":""QID67_1""}","{""ImportId"":""QID68_1""}","{""ImportId"":""QID69_1""}","{""ImportId"":""QID85""}","{""ImportId"":""QID85_22_TEXT""}","{""ImportId"":""QID86""}","{""ImportId"":""QID86_27_TEXT""}","{""ImportId"":""QID72_1""}","{""ImportId"":""QID72_2""}","{""ImportId"":""QID72_3""}","{""ImportId"":""QID72_4""}","{""ImportId"":""QID72_5""}","{""ImportId"":""QID72_6""}","{""ImportId"":""QID72_7""}","{""ImportId"":""QID72_8""}","{""ImportId"":""QID72_9""}","{""ImportId"":""QID168_FIRST_CLICK""}","{""ImportId"":""QID168_LAST_CLICK""}","{""ImportId"":""QID168_PAGE_SUBMIT""}","{""ImportId"":""QID168_CLICK_COUNT""}","{""ImportId"":""QID73_1""}","{""ImportId"":""QID73_2""}","{""ImportId"":""QID73_3""}","{""ImportId"":""QID73_4""}","{""ImportId"":""QID73_5""}","{""ImportId"":""QID73_6""}","{""ImportId"":""QID73_7""}","{""ImportId"":""QID73_8""}","{""ImportId"":""QID73_9""}","{""ImportId"":""QID167_FIRST_CLICK""}","{""ImportId"":""QID167_LAST_CLICK""}","{""ImportId"":""QID167_PAGE_SUBMIT""}","{""ImportId"":""QID167_CLICK_COUNT""}","{""ImportId"":""QID74_1""}","{""ImportId"":""QID74_2""}","{""ImportId"":""QID74_3""}","{""ImportId"":""QID74_4""}","{""ImportId"":""QID74_5""}","{""ImportId"":""QID74_6""}","{""ImportId"":""QID74_7""}","{""ImportId"":""QID74_8""}","{""ImportId"":""QID74_9""}","{""ImportId"":""QID169_FIRST_CLICK""}","{""ImportId"":""QID169_LAST_CLICK""}","{""ImportId"":""QID169_PAGE_SUBMIT""}","{""ImportId"":""QID169_CLICK_COUNT""}","{""ImportId"":""QID75_1""}","{""ImportId"":""QID75_2""}","{""ImportId"":""QID75_3""}","{""ImportId"":""QID75_4""}","{""ImportId"":""QID75_5""}","{""ImportId"":""QID75_6""}","{""ImportId"":""QID75_7""}","{""ImportId"":""QID75_8""}","{""ImportId"":""QID75_9""}","{""ImportId"":""QID170_FIRST_CLICK""}","{""ImportId"":""QID170_LAST_CLICK""}","{""ImportId"":""QID170_PAGE_SUBMIT""}","{""ImportId"":""QID170_CLICK_COUNT""}","{""ImportId"":""QID76_1""}","{""ImportId"":""QID76_2""}","{""ImportId"":""QID76_3""}","{""ImportId"":""QID76_4""}","{""ImportId"":""QID76_5""}","{""ImportId"":""QID76_6""}","{""ImportId"":""QID76_7""}","{""ImportId"":""QID76_8""}","{""ImportId"":""QID76_9""}","{""ImportId"":""QID166_FIRST_CLICK""}","{""ImportId"":""QID166_LAST_CLICK""}","{""ImportId"":""QID166_PAGE_SUBMIT""}","{""ImportId"":""QID166_CLICK_COUNT""}","{""ImportId"":""QID77_1""}","{""ImportId"":""QID77_2""}","{""ImportId"":""QID77_3""}","{""ImportId"":""QID77_4""}","{""ImportId"":""QID77_5""}","{""ImportId"":""QID77_6""}","{""ImportId"":""QID77_7""}","{""ImportId"":""QID77_8""}","{""ImportId"":""QID77_9""}","{""ImportId"":""QID171_FIRST_CLICK""}","{""ImportId"":""QID171_LAST_CLICK""}","{""ImportId"":""QID171_PAGE_SUBMIT""}","{""ImportId"":""QID171_CLICK_COUNT""}","{""ImportId"":""QID78_1""}","{""ImportId"":""QID78_2""}","{""ImportId"":""QID78_3""}","{""ImportId"":""QID78_4""}","{""ImportId"":""QID78_5""}","{""ImportId"":""QID78_6""}","{""ImportId"":""QID78_7""}","{""ImportId"":""QID78_8""}","{""ImportId"":""QID78_9""}","{""ImportId"":""QID172_FIRST_CLICK""}","{""ImportId"":""QID172_LAST_CLICK""}","{""ImportId"":""QID172_PAGE_SUBMIT""}","{""ImportId"":""QID172_CLICK_COUNT""}","{""ImportId"":""QID34_1""}","{""ImportId"":""QID123_1""}","{""ImportId"":""QID130_1""}","{""ImportId"":""QID38_1""}","{""ImportId"":""QID125_1""}","{""ImportId"":""QID157_1""}","{""ImportId"":""QID42_1""}","{""ImportId"":""QID126_1""}","{""ImportId"":""QID158_1""}","{""ImportId"":""QID1_1""}","{""ImportId"":""QID127_1""}","{""ImportId"":""QID159_1""}","{""ImportId"":""QID46_1""}","{""ImportId"":""QID128_1""}","{""ImportId"":""QID160_1""}","{""ImportId"":""QID50_1""}","{""ImportId"":""QID129_1""}","{""ImportId"":""QID161_1""}","{""ImportId"":""QID100_1""}","{""ImportId"":""QID100_2""}","{""ImportId"":""QID100_3""}","{""ImportId"":""QID100_4""}","{""ImportId"":""QID100_5""}","{""ImportId"":""QID100_6""}","{""ImportId"":""QID141_1""}","{""ImportId"":""QID141_2""}","{""ImportId"":""QID141_3""}","{""ImportId"":""QID141_4""}","{""ImportId"":""QID141_5""}","{""ImportId"":""QID141_6""}","{""ImportId"":""QID136_1""}","{""ImportId"":""QID136_2""}","{""ImportId"":""QID136_3""}","{""ImportId"":""QID136_4""}","{""ImportId"":""QID136_5""}","{""ImportId"":""QID136_6""}","{""ImportId"":""QID142_1""}","{""ImportId"":""QID142_2""}","{""ImportId"":""QID142_3""}","{""ImportId"":""QID142_4""}","{""ImportId"":""QID142_5""}","{""ImportId"":""QID142_6""}","{""ImportId"":""QID137_1""}","{""ImportId"":""QID137_2""}","{""ImportId"":""QID137_3""}","{""ImportId"":""QID137_4""}","{""ImportId"":""QID137_5""}","{""ImportId"":""QID137_6""}","{""ImportId"":""QID143_1""}","{""ImportId"":""QID143_2""}","{""ImportId"":""QID143_3""}","{""ImportId"":""QID143_4""}","{""ImportId"":""QID143_5""}","{""ImportId"":""QID143_6""}","{""ImportId"":""QID138_1""}","{""ImportId"":""QID138_2""}","{""ImportId"":""QID138_3""}","{""ImportId"":""QID138_4""}","{""ImportId"":""QID138_5""}","{""ImportId"":""QID138_6""}","{""ImportId"":""QID144_1""}","{""ImportId"":""QID144_2""}","{""ImportId"":""QID144_3""}","{""ImportId"":""QID144_4""}","{""ImportId"":""QID144_5""}","{""ImportId"":""QID144_6""}","{""ImportId"":""QID139_1""}","{""ImportId"":""QID139_2""}","{""ImportId"":""QID139_3""}","{""ImportId"":""QID139_4""}","{""ImportId"":""QID139_5""}","{""ImportId"":""QID139_6""}","{""ImportId"":""QID145_1""}","{""ImportId"":""QID145_2""}","{""ImportId"":""QID145_3""}","{""ImportId"":""QID145_4""}","{""ImportId"":""QID145_5""}","{""ImportId"":""QID145_6""}","{""ImportId"":""QID140_1""}","{""ImportId"":""QID140_2""}","{""ImportId"":""QID140_3""}","{""ImportId"":""QID140_4""}","{""ImportId"":""QID140_5""}","{""ImportId"":""QID140_6""}","{""ImportId"":""QID146_1""}","{""ImportId"":""QID146_2""}","{""ImportId"":""QID146_3""}","{""ImportId"":""QID146_4""}","{""ImportId"":""QID146_5""}","{""ImportId"":""QID146_6""}","{""ImportId"":""QID84_TEXT""}","{""ImportId"":""QID165_TEXT""}","{""ImportId"":""id""}","{""ImportId"":""Source""}"
2026-03-25 07:30:20,2026-03-25 07:38:05,0,178.230.19.237,100,465,1,2026-03-25 07:38:06,R_2dETrfzsTS9DQ0E,,,,,51.9235,4.4813,anonymous,EN,1,2,,2,,24,1,3,,1,,4,1,22,16,16,,11,,16,,11,,300,,,,1,,,,,3,2,3,4,3,4,3,2,4,4.573,17.038,18.187,23,4,2,1,4,4,3,3,4,4,0.652,16.258,17.275,30,3,1,3,3,3,2,4,3,3,0.802,17.207,18.243,26,4,4,4,4,2,5,4,4,3,1.043,11.976,13.16,22,4,4,2,3,2,4,4,3,4,0.728,11.489,11.859,21,4,3,3,4,3,4,5,3,3,0.859,11.675,12.501,19,4,4,4,4,4,4,3,3,3,0.819,11.484,11.853,20,0,2,27,1,6,91,0,1,26,1,6,85,0,1,14,0,1,12,1,2,6,1,1,1,4,1,5,4,4,3,5,5,4,1,5,1,7,3,5,3,5,2,3,3,4,2,5,5,1,3,1,2,1,6,4,4,4,3,4,4,4,4,4,4,5,2,4,5,5,5,3,3,2,1,4,2,3,4,4,5,5,3,5,1,2,1,6,2,1,3,,,,Merve
2026-03-25 09:00:02,2026-03-25 09:29:25,0,86.88.81.132,100,1763,1,2026-03-25 09:29:26,R_8rj8OZw5msejoXN,,,,,52.636,4.7621,anonymous,EN,1,1,ofg321,2,,18,1,1,,4,Pedagogy,2,4,22,15,21,Food services and health care,11,,16,,10,,5000,,,,2,,,,,2,4,3,3,1,5,2,3,3,7.44,42.723,43.81,13,3,4,3,4,1,3,4,4,1,3.705,39.254,41.542,10,2,2,2,2,3,4,2,5,3,3.395,33.775,34.916,11,2,3,4,4,4,3,3,5,4,4.928,36.777,37.815,9,1,3,3,4,5,4,2,4,3,3.681,39.447,40.651,13,2,4,3,5,1,3,4,4,2,4.144,80.412,83.698,9,1,4,4,4,2,3,3,1,3,3.016,64.113,65.305,13,1,4,55,1,5,80,0,2,29,1,3,66,0,3,41,1,5,74,3,5,2,7,5,3,7,1,4,4,3,5,6,6,4,6,3,5,3,1,5,2,5,5,3,5,7,6,6,2,5,1,1,1,4,4,1,5,4,6,5,3,7,6,5,5,3,5,5,5,4,4,7,1,3,2,4,3,1,7,4,4,6,3,1,7,3,5,5,5,7,1,,,26750,
2026-03-25 09:07:43,2026-03-25 09:30:53,0,145.102.241.66,100,1389,1,2026-03-25 09:30:54,R_8ZH5WWvYP4uZatH,,,,,52.3672,4.918,anonymous,EN,1,2,,2,,22,1,3,,4,creative business,2,3,22,18,17,,13,,16,,4,,20,,2,,,,,,,4,4,4,4,4,4,4,4,2,8.922,45.544,47.117,10,3,5,2,4,1,4,4,4,1,3.375,47.803,48.81,11,3,2,3,2,4,3,4,4,3,13.389,71.5,72.394,10,2,3,4,1,2,2,4,5,2,11.105,52.587,54.31,10,1,3,2,4,3,3,3,2,3,4.356,53.663,54.622,9,1,4,3,4,3,4,5,4,2,4.409,39.197,40.327,11,1,2,4,2,3,4,2,2,3,8.879,56.859,58.256,9,0,2,27,1,5,83,1,6,93,0,2,22,1,5,82,0,2,19,3,5,3,4,4,4,4,4,2,5,3,4,3,4,3,4,3,5,3,3,5,5,4,4,4,4,3,5,4,3,2,5,4,3,4,6,3,3,4,5,5,3,2,3,5,4,3,5,2,4,3,5,4,4,4,3,5,3,4,3,3,3,4,5,3,5,3,3,5,5,3,4,,,,Sam
2026-03-25 09:07:18,2026-03-25 09:45:44,0,172.225.253.134,100,2306,1,2026-03-25 09:45:45,R_2OQE8uOS1PBnQ5j,,,,,52.506,4.9757,anonymous,EN,1,2,,2,,50,2,,,,,4,30,23,,,,,,,,,,,,,,,16,,11,,3,4,5,3,2,5,2,5,1,12.907,126.992,132.229,19,4,5,3,4,4,2,2,4,1,12.175,141.567,142.589,18,2,5,4,1,4,4,1,3,4,3.242,99.311,100.202,17,2,2,3,1,1,1,2,5,3,3.218,111.827,112.661,18,1,4,4,5,4,3,4,2,3,8.13,115.414,117.349,19,2,3,2,4,1,1,4,3,3,8.892,99.281,100.139,20,1,2,5,2,4,3,2,1,2,3.285,122.835,123.85,18,1,4,71,1,6,100,1,6,98,0,2,20,1,4,75,0,2,10,4,4,4,4,4,4,4,4,4,4,4,4,4,4,4,4,4,4,4,4,4,4,4,4,4,4,4,4,4,4,4,4,4,4,4,4,4,4,4,4,4,4,4,4,4,4,4,4,4,4,4,4,4,4,4,4,4,4,4,4,4,4,4,4,4,4,4,4,4,4,4,4,,,,Sam
2026-03-25 08:42:23,2026-03-25 10:02:42,0,86.85.194.100,100,4819,1,2026-03-25 10:02:42,R_8OHuBcDAVGciFrb,,,,,52.3402,4.9084,anonymous,EN,1,2,,2,,21,1,4,,"1,4",Clinical developmental psychology,4,4,22,12,16,,11,,16,,6,,100,,,1,,,,,,1,4,2,3,1,3,5,4,3,5.8,38.478,39.655,17,2,4,4,4,2,4,4,1,1,3.2,47.311,48.551,21,4,2,2,2,3,4,1,4,2,7.4,42.016,42.58,16,2,4,2,2,1,1,3,5,4,5.001,49.261,49.719,20,3,4,4,4,5,2,4,5,3,4.901,53.577,54.568,18,2,5,3,3,1,4,3,2,4,3.401,43.743,44.448,18,1,4,2,2,3,4,4,3,1,8.646,73.062,73.658,20,1,5,77,1,6,92,0,2,13,0,3,30,1,5,77,0,2,10,1,5,3,7,7,1,7,3,6,2,3,6,1,6,3,6,6,2,6,1,6,2,3,6,4,1,7,3,5,4,2,4,1,2,3,5,3,3,5,7,6,2,5,3,5,3,5,5,2,5,3,5,7,1,7,4,2,5,2,7,5,3,5,3,3,6,2,2,6,5,7,1,,,,Merve
2026-03-25 09:00:25,2026-03-25 10:18:14,0,92.109.224.32,100,4668,1,2026-03-25 10:18:15,R_210yY8VpZuRMGLY,,,,,52.3889,4.9522,anonymous,EN,1,2,,2,,51,2,,,,,4,30,22,32,15,,8,,15,,5,,50,,,3,,,,,,2,4,3,3,4,5,3,4,2,10.826,253.271,254.693,15,1,4,2,3,1,4,5,2,1,17.171,181.902,183.352,14,4,4,3,4,4,5,1,4,1,13.06,155.63,158.947,15,2,2,3,2,2,2,3,5,4,24.344,227.504,228.601,15,2,5,4,4,3,4,5,3,3,8.503,233.716,235.388,15,2,3,2,5,1,2,4,5,4,15.787,191.91,193.748,15,1,3,4,3,4,2,2,2,1,2.992,217.509,218.862,16,1,5,71,1,6,87,0,2,22,1,5,70,0,1,11,1,4,59,3,6,3,7,4,3,6,2,5,3,5,5,1,7,5,7,7,3,7,2,7,2,6,3,5,5,7,1,4,6,2,6,4,7,5,6,2,2,4,6,6,3,7,5,5,6,5,5,6,5,6,5,7,2,2,4,5,3,3,6,3,6,6,4,3,6,7,6,4,6,7,2,,,,Sam
2026-03-25 09:48:02,2026-03-25 10:20:53,0,84.82.201.138,100,1971,1,2026-03-25 10:20:53,R_8QEAJfchz1gn9Jv,,,,,52.5078,4.9971,anonymous,EN,1,2,,2,,37,2,,,,,4,17,22,36,10,,1,,16,,5,,6000,,,,5,,,,,4,4,2,4,2,2,3,4,4,9.663,90.713,91.553,16,2,4,2,3,2,4,4,2,2,12.142,145.593,146.212,21,2,3,2,3,4,2,3,4,3,4.761,88.49,89.235,21,2,2,2,2,2,2,3,4,2,4.185,124.279,124.833,19,2,3,4,4,2,2,4,3,4,12.476,67.445,68.059,16,2,4,3,4,3,2,4,2,1,9.996,106.184,109.2,18,2,4,4,2,2,2,3,4,3,7.412,143.606,144.303,18,0,2,70,1,5,70,0,2,70,0,2,70,1,3,60,0,3,60,3,4,4,4,2,3,4,4,4,4,4,4,4,4,4,4,4,4,6,6,4,4,3,3,6,4,5,3,2,4,6,2,5,6,3,3,5,5,2,3,2,6,4,4,5,5,5,3,4,4,4,4,4,4,6,4,5,5,3,4,4,4,6,5,5,4,4,4,3,6,3,3,,,,Sam
2026-03-25 09:46:47,2026-03-25 10:44:10,0,145.53.104.232,100,3442,1,2026-03-25 10:44:10,R_8OCYiM2iPW6SiLA,,,,,52.3086,4.669,anonymous,EN,1,2,,2,,22,2,,,,,3,6,22,32,16,,10,,16,,10,,1500,,,,6,,,,,3,4,2,4,4,4,3,4,4,6.587,79.074,81.064,26,1,4,3,2,2,4,5,3,1,1.976,52.551,53.142,32,3,3,4,2,4,2,1,1,1,4.909,58.217,59.599,25,3,2,2,2,2,3,4,5,4,1.6,136.729,137.032,46,2,3,4,4,4,4,4,3,4,3.764,47.212,47.526,22,2,4,2,4,2,4,2,2,1,3.693,85.187,87.472,40,1,5,4,3,4,3,2,2,2,1.447,71.743,73.531,48,1,4,60,1,5,90,0,1,0,1,5,90,0,2,20,0,2,15,1,6,2,6,6,4,7,1,6,2,5,3,4,1,2,2,7,4,7,1,6,2,4,5,3,2,5,3,7,5,6,5,2,2,4,4,1,5,2,6,6,5,4,2,3,3,6,5,4,3,5,4,5,4,6,3,2,3,3,5,5,1,7,4,4,3,5,2,3,2,5,1,,,,Sam
2026-03-25 10:34:16,2026-03-25 10:48:46,0,109.36.135.56,100,869,1,2026-03-25 10:48:46,R_2U9nrnSI1ZhFIGl,,,,,51.9235,4.4813,anonymous,EN,1,2,,2,,30,2,,,,,4,5,22,32,15,,8,,15,,8,,125,,,3,,,,,,1,3,5,4,3,4,5,4,2,1.625,40.753,41.7,19,2,4,1,4,2,1,5,4,1,4.056,30.36,31.658,17,5,2,3,1,4,4,1,5,4,1.109,40.029,40.943,27,5,1,2,2,2,2,4,5,2,1.703,54.112,55.126,20,2,3,4,4,4,4,2,1,3,1.545,31.347,31.362,23,2,5,4,4,1,4,4,4,4,1.226,31.588,32.487,16,1,3,4,1,3,2,2,1,1,0.833,36.676,36.69,22,1,5,66,1,6,78,0,3,51,0,3,30,0,2,42,0,2,4,2,4,4,4,4,4,4,3,3,5,5,6,4,4,4,4,4,4,4,3,1,4,5,4,4,4,4,4,4,4,4,4,3,3,6,3,3,2,5,2,6,3,4,4,4,4,4,4,4,4,4,4,3,4,4,4,3,4,4,4,3,4,4,3,5,5,4,4,4,4,4,4,,,,Merve
2026-03-25 10:03:59,2026-03-25 10:58:27,0,92.109.224.32,100,3267,1,2026-03-25 10:58:27,R_2QfBm5TyOWfk0EN,,,,,52.3889,4.9522,anonymous,EN,1,2,,1,,55,2,,,,,2,30,22,40,12,,4,,21,ICT,4,,12000,,,,6,,,,,2,4,3,4,2,4,3,4,2,12.464,107.06,108.136,9,2,2,2,4,2,3,3,2,1,5.226,90.603,91.989,9,4,3,2,2,4,2,2,4,2,8.013,84.047,85.171,9,3,2,2,1,2,2,2,5,3,7.294,142.58,144.028,10,4,4,4,4,2,2,3,2,3,7.749,79.709,80.692,9,4,3,2,3,4,2,3,4,1,5.287,81.612,82.63,9,2,4,5,2,2,3,3,2,2,20.372,98.368,99.53,9,1,5,60,0,2,34,1,4,58,1,5,72,0,2,10,0,2,27,1,6,3,6,6,3,6,1,7,2,2,5,2,6,6,5,3,4,5,2,6,2,3,4,6,2,6,2,2,5,5,2,3,2,2,5,3,6,2,6,6,2,2,6,3,6,6,2,2,6,4,6,6,2,5,4,5,3,4,5,5,3,5,3,2,5,5,3,3,4,5,2,,,,Sam
2026-03-25 10:59:11,2026-03-25 11:33:14,0,107.77.213.18,100,2042,1,2026-03-25 11:33:14,R_2ViE8O24ITjXJmh,,,,,52.4091,4.8896,anonymous,EN,1,2,,2,,21,1,3,,4,Media and Information,3,0,23,,,,,,,,,,,,,,,17,,9,,3,2,2,4,2,2,4,3,2,4.346,50.187,51.016,9,5,4,3,2,2,3,3,4,1,6.328,140.229,141.372,10,1,2,4,3,3,2,2,2,3,2.995,52.343,53.198,9,2,2,4,4,4,2,3,5,1,4.118,27.554,29.148,10,2,2,3,4,4,1,1,2,3,3.443,32.907,33.675,11,3,2,2,4,2,3,3,2,3,12.874,40.294,41.076,9,1,2,2,3,2,4,1,2,2,5.081,37.358,38.32,11,0,2,20,1,6,100,0,2,30,0,2,30,0,2,40,0,2,19,1,2,1,6,4,3,7,2,6,2,2,6,2,6,2,6,6,3,6,1,3,3,4,4,5,6,7,6,6,2,3,6,1,4,5,3,3,4,3,5,7,2,6,5,4,5,4,3,3,5,3,4,6,2,6,6,5,2,1,6,5,3,6,3,4,6,3,5,3,5,6,1,,,,Bopha
2026-03-25 10:51:58,2026-03-25 11:37:24,0,77.174.191.51,100,2725,1,2026-03-25 11:37:24,R_20U4G3petkeClNy,,,,,52.3766,4.835,anonymous,EN,1,2,,2,,61,2,,,,,6,40,22,32,20,,24,Communication,20,,24,Communication,22000,,,,4,,,,,2,5,2,3,2,5,5,3,3,7.77,80.703,82.82,27,2,4,2,3,1,2,3,2,1,3.299,66.318,68.101,27,4,2,3,4,4,5,1,4,2,3.287,74.118,74.92,29,3,2,2,1,1,2,2,5,3,5.8,62.841,63.601,28,3,5,3,5,3,3,3,1,5,4.541,67.451,68.865,28,2,2,3,2,2,5,4,3,1,5.246,62.711,63.993,28,1,2,2,1,2,4,4,3,1,6.112,70.852,71.656,28,1,4,60,1,5,80,0,3,35,0,2,30,0,3,30,0,2,27,2,5,6,5,6,4,7,2,4,1,4,4,3,6,4,6,4,4,5,1,3,2,4,4,4,3,5,3,4,4,2,3,2,4,4,4,4,4,4,4,4,4,5,6,4,5,4,4,4,3,4,5,7,4,5,4,4,4,2,4,4,3,5,3,3,6,4,5,4,6,7,1,Unfortunately I had to go through the last two cases (position them on opposite scales) very quickly due to lack of much more time. If I would have known that the survey was about to finish I could have done it more seriously. It was unclear to me whether it was possible to take a pause and finish the survey a couple of hours later.,,,Sam
2026-03-25 09:02:58,2026-03-25 11:41:59,0,178.84.224.66,100,9540,1,2026-03-25 11:42:00,R_8WmDAZDpxNz9Zp7,,,,,51.8339,5.8643,anonymous,EN,1,2,,2,,24,2,,,,,4,1,22,40,7,,2,,7,,16,,100,,,3,,,,,,3,4,2,4,2,4,2,4,3,5.078,60.349,60.687,15,2,4,4,2,2,5,3,4,1,6.361,61.656,61.961,20,2,3,4,4,4,2,2,2,2,4.359,50.433,51.097,17,3,3,3,2,4,2,2,5,3,3.47,52.232,52.771,19,2,4,4,4,4,3,2,3,3,5.858,57.379,57.846,23,2,3,3,2,2,2,2,3,2,1.742,76.229,76.856,20,1,2,5,4,1,4,2,2,4,1.301,81.397,82.188,21,0,1,7,1,5,78,0,1,15,1,2,33,1,5,76,1,5,70,1,2,3,4,5,6,7,6,7,7,7,5,7,5,5,5,5,5,6,5,6,5,6,6,1,2,3,4,5,6,7,1,3,4,4,5,1,2,3,4,4,2,2,1,4,3,5,6,3,4,4,4,4,4,7,5,3,4,5,3,1,2,3,4,5,6,6,6,6,6,6,6,,,,Sam
2026-03-25 11:39:04,2026-03-25 12:17:12,0,85.144.211.105,100,2287,1,2026-03-25 12:17:13,R_2Unh5I7xwHJMQX7,,,,,52.515,5.4847,anonymous,EN,1,2,,2,,30,2,,,,,5,4,22,36,16,,10,,16,,6,,140,,,2,,,,,,3,1,4,4,1,4,2,4,2,2.115,74.798,77.548,17,4,5,2,2,4,4,4,2,1,1.381,152.409,152.993,22,2,2,2,2,3,4,2,2,4,5.139,146.188,147,21,2,4,2,2,3,5,4,4,2,5.22,67.752,69.3,28,2,4,2,2,4,2,4,4,4,4.406,46.676,48.046,21,2,4,4,4,2,4,2,4,2,1.714,52.64,53.443,23,1,4,4,5,4,4,2,3,2,4.328,64.744,65.578,24,1,4,73,1,6,96,1,6,92,1,4,64,1,6,100,0,2,17,3,7,3,4,3,1,4,2,5,1,5,5,4,7,2,4,7,4,4,2,1,3,4,4,3,4,3,6,2,6,5,5,1,5,3,6,4,3,5,4,3,5,7,7,4,7,7,4,4,5,2,3,5,5,2,3,4,1,1,6,5,3,6,4,2,1,4,4,4,4,7,1,,,,Merve
2026-03-25 12:49:53,2026-03-25 13:13:54,0,31.201.107.33,100,1441,1,2026-03-25 13:13:54,R_8LCDJYGVQwyrGZi,,,,,52.0671,4.2608,anonymous,EN,1,1,2873748,1,,19,1,1,,1,,2,0,23,,,,,,,,,,,,,,,16,,6,,2,4,3,4,2,4,4,3,3,3.738,38.239,38.488,11,2,2,5,5,3,2,3,4,1,3.045,46.894,48.301,12,2,3,3,2,3,3,2,4,2,3.788,44.598,45.436,16,2,3,4,1,3,2,4,5,2,4.056,49.354,49.903,24,4,4,3,4,3,3,3,2,3,4.762,41.238,42.324,17,2,4,3,4,2,3,2,2,3,4.193,40.667,41.926,12,2,3,5,2,3,2,2,3,4,8.483,47.029,47.996,10,1,6,98,1,6,93,0,2,19,1,4,67,1,4,55,0,2,26,1,3,2,6,7,1,7,3,7,2,6,4,1,2,2,6,7,1,6,7,6,2,6,4,7,7,6,2,5,6,3,3,1,4,1,5,3,4,5,3,6,5,2,3,3,6,7,2,3,2,2,6,7,2,5,6,6,2,2,6,3,4,6,6,5,7,3,2,2,6,6,2,,,26249,
2026-03-25 11:16:04,2026-03-25 13:14:36,0,194.171.56.13,100,7112,1,2026-03-25 13:14:37,R_2c1MBtSxbI6EutP,,,,,52.3712,4.9044,anonymous,EN,1,1,wqo054,2,,19,1,1,,4,pedagogic sciences,3,4,22,38,21,grocery store,16,,7,,6,,80,,,5,,,,,,2,3,4,2,1,5,5,5,4,9.552,126.154,127.04,11,5,4,3,4,1,2,3,1,1,3.298,19.904,23.387,11,2,1,1,3,4,5,1,4,3,3.981,34.548,35.196,15,5,3,4,4,2,1,3,5,4,1.94,7.574,8.282,9,5,5,3,4,2,3,4,1,2,0.981,7.535,8.953,9,2,3,4,2,3,4,3,1,5,2.243,10.226,13.678,9,3,1,3,3,1,4,3,2,4,2.788,9.991,10.874,9,1,6,100,0,2,20,1,6,100,0,3,45,0,1,0,1,4,59,2,6,3,4,6,2,7,7,2,2,4,5,7,5,2,4,6,4,7,2,5,2,4,4,1,6,3,4,7,2,5,4,3,5,2,6,4,4,6,2,4,7,7,7,1,3,6,3,1,7,2,5,2,5,4,1,2,6,2,5,2,2,6,4,3,6,7,1,6,4,2,7,,,26819,
2026-03-25 12:17:26,2026-03-25 13:18:51,0,80.61.135.31,100,3684,1,2026-03-25 13:18:51,R_8ThYOgf5ayRjpvP,,,,,52.3564,4.8802,anonymous,EN,1,2,,2,,61,2,,,,,5,39,22,20,15,,8,,15,,8,,4800,,,,5,,,,,1,4,4,4,2,5,4,3,2,8.273,137.085,138.235,21,2,4,1,4,1,3,5,4,1,2.088,84.179,85.24,19,5,3,2,1,4,5,1,4,1,6.976,113.994,116.589,21,4,2,4,1,1,2,4,5,3,6.326,104.892,106.749,20,2,5,4,5,3,3,2,1,4,2.956,91.232,93.092,20,1,3,2,4,1,2,4,4,1,2.309,69.227,71.262,19,1,2,4,1,2,3,3,1,1,2.076,100.238,102.009,20,1,6,90,1,6,95,0,1,10,1,6,95,1,6,90,0,1,5,1,6,2,7,7,4,7,2,4,3,2,6,1,7,1,7,6,1,6,1,7,1,1,4,1,5,7,7,6,6,3,5,1,5,6,2,2,7,2,7,5,2,5,5,3,5,4,2,3,6,2,5,7,2,6,3,4,3,1,7,6,1,6,1,2,7,6,5,6,5,7,1,,,,Sam
2026-03-25 13:36:45,2026-03-25 13:51:17,0,92.109.209.21,100,871,1,2026-03-25 13:51:17,R_2s4FjjJ5xWFAXUu,,,,,52.4092,4.911,anonymous,EN,1,2,,2,,24,2,,,,,3,6,22,40,21,Marketing,6,,7,,1,,3,,,,,,,,,2,4,3,2,2,3,4,4,2,6.107,57.45,57.82,20,4,5,1,5,1,2,4,4,1,1.456,65.885,66.745,18,2,2,2,2,4,4,4,4,2,1.34,43.893,44.756,18,4,4,4,2,2,2,2,5,2,0.87,73.585,74.059,20,2,2,4,4,4,2,4,4,4,4.311,57.961,58.401,17,2,4,2,4,2,2,4,4,4,1.192,35.668,36.419,25,1,2,4,3,2,2,2,2,2,4.516,59.476,60.123,20,0,2,0,1,5,100,0,1,6,1,5,100,0,2,0,0,2,0,1,1,3,6,5,5,2,4,5,4,5,3,3,2,3,3,5,5,3,3,4,5,5,7,2,2,6,3,6,6,1,3,6,5,4,1,1,2,5,3,7,6,2,1,4,3,4,3,4,5,7,5,6,3,4,5,6,6,2,5,2,6,4,4,6,3,1,4,1,1,4,1,,,,Sam
2026-03-25 11:23:25,2026-03-25 14:38:07,0,77.250.131.163,100,11682,1,2026-03-25 14:38:08,R_2vfP3KGf307u03n,,,,,52.3746,4.8552,anonymous,EN,1,2,,1,,20,1,2,,4,"Philosophy, Politics, Economics",2,0,23,,,,,,,,,,,,,,,10,,2,,1,4,5,4,2,2,5,4,4,8.071,81.56,82.633,11,1,4,4,2,4,2,5,3,1,85.072,120.242,121.374,9,2,1,3,2,5,1,4,5,2,4.513,42.848,43.6,9,2,1,2,2,2,2,4,5,4,16.691,76.801,78.742,13,2,2,4,4,2,4,5,2,3,4.429,43.232,44.147,11,2,4,1,2,1,4,1,2,2,4.872,41.718,42.683,11,1,4,4,1,2,4,4,3,4,6.104,61.028,61.854,9,0,2,20,0,3,40,0,1,10,1,4,55,1,4,55,1,5,65,1,5,6,6,5,2,7,3,5,2,2,6,3,7,6,7,1,4,5,1,5,3,2,5,5,5,7,4,3,6,5,1,1,1,2,3,2,7,6,7,6,2,6,3,6,3,2,6,3,5,5,5,7,3,3,5,4,3,5,7,5,3,6,3,1,7,4,3,4,4,7,1,,,,Bopha
2026-03-25 15:02:10,2026-03-25 16:00:33,0,88.159.219.33,100,3502,1,2026-03-25 16:00:33,R_2FFCOLn4BtV9ZTa,,,,,52.3086,4.669,anonymous,EN,1,1,wyu309,2,,20,1,1,,4,Pedagogische wetenschappen/Pedagogical Sciences,2,5,22,10,7,,24,"Cashier ",7,,8,,150,,,2,,,,,,3,2,4,3,2,4,2,4,2,16.062,111.231,113.155,12,2,5,2,3,2,1,4,5,1,10.268,66.215,68.023,10,2,3,4,1,4,4,2,3,3,5.104,125.291,126.035,10,4,2,4,2,4,4,3,5,4,5.156,73.547,74.525,9,1,5,3,4,4,4,2,3,4,3.183,137.067,137.895,9,4,4,3,4,2,3,3,4,3,13.177,76.894,78.02,11,1,1,4,4,3,2,2,1,2,7.557,103.64,104.309,10,0,3,40,1,6,80,0,2,40,1,4,55,1,5,70,0,2,25,2,6,5,4,6,3,2,2,6,2,2,6,6,6,2,6,4,3,4,3,3,2,5,5,3,2,6,3,4,7,5,4,2,4,3,5,2,6,2,6,5,2,6,6,4,6,4,3,4,5,4,6,6,3,6,5,6,3,2,6,2,2,6,3,6,7,4,5,4,5,4,2,,,26807,
2026-03-25 17:00:00,2026-03-25 17:20:59,0,188.207.82.100,100,1258,1,2026-03-25 17:20:59,R_2QfHfbc0JQapaxT,,,,,52.3824,4.8995,anonymous,EN,1,1,Lez200,2,,36,1,1,,4,"Pedagogische wetenschappen ",4,20,22,0,16,,5,,15,,8,,150,,,1,,,,,,2,4,2,3,2,3,2,4,4,3.687,49.788,50.678,17,1,5,5,5,2,5,4,4,1,1.519,38.17,39.227,19,4,1,3,3,4,4,4,5,5,3.264,34.486,35.36,18,4,2,4,3,4,2,3,5,5,2.01,46.877,47.658,19,2,2,5,5,5,4,1,4,5,2.83,42.509,43.335,18,4,3,4,4,4,2,4,2,4,1.979,39.087,39.789,21,1,5,4,1,2,2,5,2,2,2.518,52.578,53.749,23,1,6,93,1,6,100,0,2,24,1,4,63,1,4,70,0,1,16,1,6,4,4,4,1,6,7,4,4,7,4,1,7,4,4,1,1,1,1,5,1,7,6,5,1,7,1,3,7,2,2,4,4,7,4,6,3,3,3,4,4,1,1,3,3,4,4,1,7,4,4,7,7,6,1,3,3,1,7,4,1,6,3,1,7,1,3,4,4,7,1,,,26904,
2026-03-25 17:28:03,2026-03-25 17:53:24,0,87.49.44.73,100,1520,1,2026-03-25 17:53:24,R_8ENn0rae41Kk0xq,,,,,55.674,12.5696,anonymous,EN,1,2,,1,,22,1,3,,4,"International Business ",4,2,22,42,18,,13,,13,,2,,10,,2,,,,,,,3,4,4,4,2,3,4,5,2,5.847,55.968,57.591,27,3,3,3,2,2,2,4,4,1,2.997,60.544,62.034,32,4,4,3,2,3,4,2,3,3,3.109,52.481,54.089,37,4,2,3,3,2,1,4,4,4,4.244,62.161,63.177,32,4,3,2,4,3,3,4,2,3,4.233,44.027,45.196,28,4,3,3,4,2,5,3,3,2,1.933,44.737,45.957,32,1,3,3,3,3,2,3,3,2,7.519,51.136,52.424,28,1,5,38,0,2,60,1,4,49,1,5,40,0,3,51,1,5,45,2,4,3,3,5,4,2,3,3,2,2,6,3,2,2,4,5,2,6,5,5,3,3,4,6,2,5,2,3,4,3,4,1,3,4,4,5,5,3,5,5,3,2,5,3,5,6,2,5,2,4,2,5,4,6,4,5,2,2,6,3,4,6,3,2,7,3,3,3,4,5,1,,,,Bopha
2026-03-26 00:29:00,2026-03-26 01:03:08,0,185.19.58.250,100,2048,1,2026-03-26 01:03:10,R_8s0SqAcRl5svoKC,,,,,52.3294,4.8739,anonymous,EN,1,2,,2,,55,2,,,,,2,32,22,30,4,,2,,4,,2,,35,,3,,,,,,,5,4,2,4,2,4,2,2,2,13.223,116.154,117.335,10,4,4,2,2,2,2,4,4,1,3.991,71.762,73.866,9,2,4,3,2,4,4,4,2,2,6.115,40.697,41.727,9,2,4,2,2,4,2,4,5,2,48.658,136.8,138.647,12,4,4,2,4,3,2,2,4,2,5.125,72.926,74.864,9,2,3,2,4,2,4,2,2,2,6.938,47.13,48.603,9,1,2,4,3,2,2,2,2,2,4.225,74.987,76.077,9,1,5,77,1,5,81,0,2,20,1,5,73,1,5,71,1,5,83,1,4,3,6,6,6,7,1,7,1,1,1,1,1,1,6,7,7,7,7,7,2,4,2,7,7,7,1,1,1,1,4,2,2,2,3,1,1,1,7,7,7,2,6,2,6,6,6,1,6,2,7,7,7,6,6,6,1,1,1,7,7,7,1,4,3,3,4,4,5,6,2,,,,Sam
2026-03-26 00:44:28,2026-03-26 01:23:19,0,82.169.242.131,100,2330,1,2026-03-26 01:23:20,R_8ygBS8kn4ujBp1N,,,,,52.3801,4.7965,anonymous,EN,1,1,jvt871,2,,19,1,1,,1,,2,4,22,24,18,,13,,16,,15,,100,,,3,,,,,,4,2,5,3,2,4,2,3,1,10.727,66.051,69.598,10,5,5,3,2,4,1,4,5,1,4.792,53.929,65.726,9,3,4,2,3,4,4,1,1,4,7.477,120.552,121.74,11,4,4,4,4,5,2,5,5,2,5.178,77.963,79.57,10,1,3,4,4,4,2,2,3,4,7.926,79.562,81.244,11,4,2,3,5,2,4,4,4,4,6.656,51.065,52.593,9,1,1,2,2,2,4,2,1,3,6.31,72.984,74.98,9,1,4,60,1,6,95,0,3,35,0,2,25,1,4,55,1,5,70,1,4,1,7,7,1,6,4,6,3,3,6,1,7,2,6,5,3,4,1,6,1,3,5,7,1,7,1,5,4,2,4,1,1,2,5,2,6,2,7,7,1,7,4,4,1,2,5,2,4,4,6,7,1,7,4,4,2,1,5,2,4,4,3,3,7,2,5,3,6,7,1,,,26283,
2026-03-26 02:13:15,2026-03-26 02:29:54,0,86.85.14.229,100,998,1,2026-03-26 02:29:55,R_2pxOZmUKSIuB1ZF,,,,,52.3752,4.6559,anonymous,EN,1,1,Fyt594,2,,22,1,1,,4,"Pedagogische wetenschappen ",2,8,22,12,16,,11,,15,,15,,250,,,,1,,,,,1,3,5,4,2,4,3,3,2,4.057,37.136,37.8,11,4,2,4,4,2,4,4,2,1,7.925,50.305,52.32,12,4,3,4,1,4,5,3,4,2,3.436,34.466,35.092,12,5,3,2,1,1,2,3,5,2,6.555,41.119,41.711,11,4,2,4,3,4,2,4,4,3,4.216,47.596,48.192,12,2,4,3,3,2,4,2,4,2,4.163,34.077,35.124,14,1,2,5,2,4,2,2,1,4,5.277,55.775,60.11,19,0,3,37,1,5,75,0,3,43,1,5,82,1,5,84,0,2,14,1,4,3,6,6,3,6,4,4,2,2,5,3,7,4,7,5,3,4,3,6,2,5,1,1,5,5,5,3,3,1,4,4,4,3,4,3,5,5,2,5,5,2,4,2,2,5,6,1,2,4,5,6,3,5,5,3,5,5,5,4,2,6,3,5,5,3,5,2,5,2,5,,,26809,
2026-03-26 02:47:44,2026-03-26 03:36:26,0,130.37.100.31,100,2922,1,2026-03-26 03:36:27,R_2dcXtUirFc5DHjl,,,,,52.3766,4.835,anonymous,EN,1,2,,1,,22,1,3,,4,"Philosophy, Politics, Economics",2,0,23,,,,,,,,,,,,,,,13,,2,,1,3,5,4,3,2,5,5,2,10.236,113.784,115.823,12,2,4,4,4,1,3,4,3,1,7.665,68.497,71.339,9,1,2,2,3,4,3,1,5,4,6.279,82.462,86.101,11,4,1,2,4,3,2,3,1,4,14.579,125.194,127.316,11,4,3,4,3,3,4,4,4,4,7.582,65.179,66.267,11,1,4,2,4,4,3,4,3,4,5.774,71.075,72.979,14,1,3,2,2,3,5,4,3,4,4.702,86.584,87.389,10,0,1,10,0,3,45,0,2,30,0,2,30,0,2,40,1,5,65,2,3,6,2,6,3,7,2,7,2,1,7,2,3,6,2,6,3,5,2,6,2,3,6,5,2,7,2,5,6,2,6,1,2,7,2,2,5,2,5,6,2,7,6,2,7,6,2,2,2,6,2,6,2,2,3,3,3,2,6,6,3,7,2,1,7,3,3,6,3,6,2,,,,Bopha
2026-03-26 05:25:54,2026-03-26 05:54:23,0,62.45.102.153,100,1709,1,2026-03-26 05:54:24,R_8z3HfEvTfB9EK3L,,,,,52.2753,4.7914,anonymous,EN,1,2,,2,,22,1,4,,4,Medical Psychology,4,7,22,45,7,,16,,16,,10,,250,,,,2,,,,,2,4,4,4,3,5,3,5,2,5.768,58.196,58.761,17,3,5,2,5,1,4,4,4,1,3.109,50.655,51.944,18,3,2,4,1,2,5,1,4,1,4.209,59.583,60.46,21,2,2,4,1,2,2,4,5,1,2.436,43.439,44.296,16,1,5,5,5,2,1,4,4,3,1.745,57.621,58.358,22,1,5,4,5,1,2,5,4,4,3.452,37.262,38.474,17,1,1,5,2,2,3,2,1,1,3.075,47.607,48.571,18,0,1,10,1,6,100,1,6,90,1,5,70,1,5,75,0,2,20,1,1,2,3,6,2,7,1,5,4,4,2,4,7,5,5,5,2,4,1,4,2,3,4,4,2,7,4,6,1,1,1,1,1,4,4,2,5,4,6,7,2,6,3,6,1,4,6,1,1,1,4,7,1,4,1,2,2,1,6,4,1,6,2,2,7,4,4,4,4,7,1,,,,Merve
2026-03-26 05:59:16,2026-03-26 06:20:20,0,217.105.29.58,100,1264,1,2026-03-26 06:20:21,R_2bM5osyKN1X8385,,,,,52.3975,4.9278,anonymous,EN,1,1,"Uder ID:iif290, ",2,,23,1,1,,1,,2,8,23,,,,,,,,,,,,,,,16,,24,Psychology,5,2,4,2,1,5,3,4,1,9.123,68.56,69.746,10,4,5,4,4,2,4,3,2,1,3.837,60.752,65.444,11,2,2,4,2,2,2,1,1,4,4.232,52.348,53.472,10,2,4,4,1,3,4,3,5,3,8.546,61.811,63.201,9,2,4,4,4,4,4,2,2,4,6.726,77.507,78.415,10,4,3,3,4,1,1,1,3,4,16.736,65.051,66.375,12,1,4,2,3,4,2,1,3,2,5.572,57.972,59.247,9,1,5,79,1,1,98,0,1,3,0,2,13,0,6,1,0,6,0,4,4,4,4,4,4,7,4,6,4,4,4,4,4,4,4,4,4,4,4,4,4,4,4,4,4,4,4,4,4,4,4,4,4,4,4,4,4,4,4,4,4,4,4,4,4,4,4,4,5,4,4,1,1,4,4,4,4,4,4,4,4,4,4,4,4,4,4,4,4,4,4,,,26573,
2026-03-25 10:08:27,2026-03-26 06:22:14,0,172.226.96.38,100,72826,1,2026-03-26 06:22:15,R_8e3mUlia21eaev9,,,,,52.3759,4.8975,anonymous,EN,1,1,aso541,1,,22,1,2,,1,,2,5,22,36,18,,1,,13,,1,,180,,,4,,,,,,4,4,2,4,1,1,3,5,4,7.229,50.744,52.174,18,1,4,3,3,2,2,5,2,1,3.605,89.611,90.391,29,1,1,2,2,4,3,4,2,1,2.813,39.971,40.849,17,3,1,2,2,3,1,3,5,4,1.077,77.538,78.401,13,4,4,4,5,3,3,4,5,3,3.635,46.264,46.277,15,2,4,3,4,5,4,5,3,1,4.689,64.011,64.841,18,1,4,4,2,2,2,4,3,2,1.575,121.656,122.235,17,0,1,6,1,5,75,0,1,10,0,2,34,0,2,30,0,3,44,2,6,6,5,6,2,7,3,5,2,3,6,1,5,3,6,7,2,6,2,5,2,4,5,1,5,5,6,7,2,5,2,5,2,3,6,1,7,2,7,7,2,6,3,2,2,3,6,2,3,5,5,6,2,5,3,5,2,3,6,5,2,6,3,4,7,3,5,4,5,6,1,,,,Sam
2026-03-26 05:57:54,2026-03-26 06:50:35,0,81.172.239.194,100,3160,1,2026-03-26 06:50:36,R_2CoC0I9d0nx9d85,,,,,52.0056,4.6939,anonymous,EN,1,1,Name: Yaro Oud.   User ID: vqm044,1,,18,1,1,,4,Pedagogical Sciences,2,3,22,8,7,,24,Inventory management,15,,8,,150,,,2,,,,,,2,3,4,4,4,4,4,2,2,4.774,39.106,39.743,10,4,4,4,4,2,4,4,4,1,3.371,38.689,40.674,11,2,2,2,3,4,4,2,2,2,5.726,36.161,36.878,9,4,4,4,2,4,2,4,5,2,4.658,36.277,37.468,9,2,3,4,4,4,2,3,4,4,4.036,38.828,39.436,10,1,4,4,4,2,5,4,4,3,3.891,43.161,43.797,10,1,2,4,4,2,3,1,2,2,4.084,37.236,38.191,9,1,4,68,1,6,91,1,5,82,1,4,61,1,4,60,1,4,58,1,4,2,4,6,3,7,2,6,2,5,5,5,6,4,5,6,3,4,1,5,1,4,5,2,4,7,3,3,6,4,2,1,2,4,4,2,6,2,5,6,4,7,5,2,6,6,2,6,5,2,5,7,2,3,3,2,2,1,5,4,3,6,3,3,7,6,5,2,6,6,1,,,26885,
2026-03-26 06:12:09,2026-03-26 07:12:49,0,81.206.17.164,100,3639,1,2026-03-26 07:12:49,R_224GRfKvTPNWxZD,,,,,52.506,4.9757,anonymous,EN,1,2,,1,,51,2,,,,,5,25,22,45,19,,1,,21,"Sports Service ",1,,10,,3,,,,,,,3,5,4,4,2,3,4,4,3,15.843,123.43,124.813,9,2,4,5,1,1,5,4,4,1,23.117,95.233,97.021,9,3,1,1,1,5,4,3,3,1,24.854,102.34,104.611,9,4,1,2,1,2,2,5,5,3,19.034,176.967,179.008,9,3,5,4,5,4,3,3,3,4,12.887,96.045,97.286,9,1,5,4,4,2,3,5,4,1,5.756,67.933,70.46,9,1,4,1,2,1,4,4,1,2,16.392,90.587,93.779,9,1,5,68,1,6,90,0,1,19,1,4,70,0,3,35,1,4,70,1,5,1,5,3,2,7,3,7,2,6,3,3,7,2,6,2,3,6,1,6,1,6,4,2,2,6,2,4,6,6,2,2,1,2,4,3,5,4,6,6,2,6,5,5,2,6,5,2,3,3,6,7,1,1,1,1,2,2,5,6,2,6,2,2,6,4,4,3,6,7,1,,,,Sam
2026-03-26 06:58:39,2026-03-26 07:35:06,0,87.210.135.205,100,2187,1,2026-03-26 07:35:07,R_8VCsva36CAkQv8a,,,,,52.3782,4.853,anonymous,EN,1,2,,2,,25,2,,,,,4,3,22,38,21,Government,24,Police Officer,20,,23,,62942,,,,1,,,,,5,5,2,5,2,2,1,4,5,2.865,192.349,193.271,41,5,4,2,3,2,5,2,3,1,1.587,80.481,81.199,22,2,4,2,2,5,3,3,2,1,1.389,120.426,122.821,33,2,2,1,4,5,4,2,5,5,0.935,179.452,180.222,24,2,5,4,5,2,3,4,2,2,6.875,89.497,90.266,37,3,2,1,2,2,5,5,2,1,1.184,65.77,66.39,23,1,5,4,5,2,4,5,3,1,0.978,121.612,122.074,24,0,1,3,1,4,86,0,1,0,0,3,29,0,1,4,1,4,84,6,1,6,6,6,1,2,5,2,6,6,1,7,1,7,1,6,7,3,6,6,2,6,2,3,3,6,6,1,1,6,2,3,5,6,1,6,2,2,6,6,1,1,6,6,1,6,1,2,6,6,6,2,1,5,1,2,6,7,1,2,2,6,6,1,1,4,5,3,6,6,1,,,,Sam
2026-03-26 06:37:07,2026-03-26 07:37:21,0,92.67.244.69,100,3614,1,2026-03-26 07:37:22,R_8rTbHTxm8M92kZK,,,,,51.4898,5.4766,anonymous,EN,1,2,,1,,20,1,2,,4,Communication Science,2,3,22,16,20,,17,,13,,1,,4,,,,,,,,,2,1,2,5,4,2,1,2,5,7.524,81.667,85.613,9,2,3,5,4,2,4,4,2,1,17.287,282.646,283.2,10,2,3,2,2,4,2,4,4,2,3.581,123.508,125.806,9,3,2,2,2,4,5,2,5,4,17.044,162.019,162.693,9,4,2,4,2,2,3,4,2,4,36.141,105.053,106.551,9,4,4,2,4,4,2,3,1,1,21.287,92.279,98.64,9,1,4,3,3,2,4,3,2,4,5.652,103.075,104.701,13,0,1,0,1,5,79,0,2,30,0,2,25,1,5,75,0,2,25,2,3,4,6,6,3,7,1,7,1,1,7,2,7,4,5,5,3,6,2,5,2,4,5,6,2,7,2,2,5,6,1,2,1,1,7,2,2,4,6,6,4,7,4,4,6,5,3,6,4,4,6,7,1,2,2,4,2,2,4,4,2,4,2,2,6,5,3,4,5,6,1,,,,Sam
2026-03-26 08:24:27,2026-03-26 08:48:46,0,31.151.68.158,100,1459,1,2026-03-26 08:48:47,R_8PpAZ0oWlQcnRly,,,,,52.2986,4.9728,anonymous,EN,1,2,,1,,23,1,1,,4,Fysiotherapy,4,8,22,25,18,,13,,16,,10,,300,,,,2,,,,,4,2,3,4,2,1,3,4,2,1.916,69.827,74.57,24,4,2,5,4,2,2,5,4,1,4.242,70.249,71.45,20,4,2,4,2,4,4,3,4,5,4.837,69.021,69.501,19,4,3,2,4,2,3,4,5,3,1.232,68.582,70.192,24,4,1,4,4,4,4,5,4,4,1.091,95.672,97.958,30,4,3,3,3,2,2,2,4,3,0.969,63.617,66.153,34,1,5,2,3,4,4,2,3,5,4.025,71.374,72.997,19,0,2,25,0,1,13,0,1,17,1,4,60,1,5,71,1,4,55,5,3,2,3,3,3,6,4,3,4,3,4,2,3,3,2,3,2,3,5,3,4,4,3,5,3,3,3,3,4,3,3,5,2,3,3,3,3,3,5,4,2,2,3,4,3,3,2,2,2,3,2,4,3,3,4,5,1,5,3,3,3,3,2,3,2,1,3,3,2,3,2,,,,Natalia
2026-03-26 08:19:58,2026-03-26 08:53:37,0,185.19.58.250,100,2018,1,2026-03-26 08:53:37,R_86b69rfLxkwvW2g,,,,,52.3294,4.8739,anonymous,EN,1,2,,1,,24,2,,,,,2,4,22,40,4,,20,,4,,20,,50,,,3,,,,,,5,2,4,4,1,1,1,5,4,8.927,45.947,46.88,10,3,2,1,1,1,4,4,2,1,14.173,46.662,51.419,9,1,3,4,3,4,2,4,1,3,4.403,85.014,85.81,10,4,2,1,1,5,2,4,5,4,5.569,43.105,44.171,10,4,4,4,5,2,3,4,5,3,6.871,84.56,85.814,9,2,3,1,4,4,3,4,4,1,76.913,113.094,113.862,9,1,3,2,5,2,4,4,1,1,48.926,75.701,76.621,9,0,1,0,0,1,0,0,1,12,0,1,0,0,1,0,1,6,100,1,2,2,6,4,2,4,4,1,1,6,4,4,6,5,4,4,4,4,4,6,2,6,2,4,4,7,1,1,4,4,4,1,4,4,4,2,2,5,1,4,2,4,3,5,4,4,4,4,4,4,4,6,2,4,3,6,2,7,5,6,6,4,5,2,3,4,3,6,3,5,1,,,,Sam
2026-03-26 08:37:13,2026-03-26 09:11:53,0,77.162.104.213,100,2080,1,2026-03-26 09:11:53,R_8dicZhZsvPsRPSy,,,,,52.3111,4.861,anonymous,EN,1,1,zei707,2,,20,1,1,,1,,2,1,22,12,18,,13,,16,,10,,20,,1,,,,,,,1,2,5,4,2,5,4,3,3,4.829,35.262,36.274,9,5,5,2,4,3,3,4,2,1,4.843,36.143,36.92,11,2,4,4,1,4,4,1,5,4,2.83,34.501,35.325,10,4,4,2,4,2,2,2,5,3,4.769,31.234,31.896,9,2,2,4,2,4,3,3,2,4,4.974,34.188,34.704,9,4,4,4,5,3,4,4,4,3,3.288,26.114,26.791,10,1,4,4,2,5,2,2,2,2,3.957,37.191,38.186,11,1,5,71,1,4,40,1,2,35,1,5,71,0,3,45,0,2,15,1,6,3,6,5,2,7,2,6,1,6,5,6,7,5,3,7,2,6,1,6,1,3,4,6,2,7,3,1,6,5,1,1,1,3,3,2,6,5,6,5,4,2,2,3,4,3,7,6,1,2,7,7,1,3,1,5,1,3,3,3,3,6,3,1,7,5,5,5,6,6,1,,,26502,
2026-03-26 09:56:10,2026-03-26 10:49:56,0,85.223.83.82,100,3226,1,2026-03-26 10:49:57,R_8mmFuWozOqLVCxc,,,,,51.8919,5.4514,anonymous,EN,1,1,vmz502,2,,20,1,1,,1,,2,1,23,,,,,,,,,,,,,,,16,,24,Psychologist,1,3,2,4,4,3,5,4,2,4.912,128.261,129.052,12,3,2,2,5,3,3,4,2,1,145.111,189.161,189.569,12,3,4,3,1,4,3,1,5,3,3.875,76.926,77.683,10,2,3,3,1,1,2,3,5,3,5.056,37.473,38.247,10,3,3,2,3,2,2,2,4,3,73.417,106.149,106.692,11,1,4,3,4,1,1,3,3,1,2.924,30.174,31.165,11,1,2,4,1,3,3,2,2,2,184.37,218.035,219.327,12,1,5,81,1,5,71,0,2,30,0,3,41,1,6,92,0,2,29,1,3,4,3,3,3,7,3,4,3,5,3,4,5,4,4,5,3,4,1,6,1,4,4,4,3,7,3,4,5,2,4,1,4,6,4,3,3,4,3,4,3,7,7,4,6,7,2,5,6,3,7,7,2,4,3,4,3,3,6,3,3,3,3,4,7,6,5,2,4,7,1,,,26199,
2026-03-26 12:00:56,2026-03-26 12:25:33,0,89.205.204.158,100,1477,1,2026-03-26 12:25:33,R_8nENL34nvlz3jTX,,,,,52.3824,4.8995,anonymous,EN,1,2,,2,,23,2,,,,,4,1,22,42,10,,17,,10,,3,,23000,,,,1,,,,,2,5,1,5,1,2,5,4,3,11.926,55.789,56.44,20,2,4,4,5,3,2,2,2,1,4.322,64.246,65.044,20,2,1,2,1,3,2,2,4,2,9.163,41.764,42.184,22,2,2,2,1,1,2,2,5,3,5.787,43.623,45.651,21,2,2,2,4,5,2,3,3,2,7.359,61.573,63.706,26,1,3,4,2,4,2,4,1,1,4.869,51.495,52.77,24,1,2,2,1,2,1,1,3,1,4.207,52.246,54.076,21,0,3,40,1,6,100,1,5,75,0,2,25,1,5,85,0,1,5,2,5,2,5,2,5,7,5,6,2,3,7,1,7,3,6,6,3,3,3,3,1,2,5,7,4,7,1,2,3,6,3,1,2,6,2,6,2,6,6,6,1,5,6,4,6,6,2,3,6,2,5,7,2,5,3,7,1,7,7,7,1,6,2,1,2,6,4,6,7,7,1,,,,Natalia
2026-03-26 16:22:18,2026-03-26 16:33:26,0,109.94.148.2,100,667,1,2026-03-26 16:33:26,R_2mO9Qpax4m0bDTX,,,,,52.3824,4.8995,anonymous,EN,1,2,,1,,21,1,4,,1,,4,0,22,14,4,,10,,4,,18,,14,,1,,,,,,,4,2,2,5,4,4,5,2,2,2.497,43.72,44.882,30,4,4,5,5,2,2,5,2,3,2.013,50.321,58.244,35,2,1,2,4,4,5,3,2,1,1.267,42.912,44.797,39,5,3,2,3,4,2,4,4,2,1.239,25.776,26.856,27,2,2,2,4,4,3,3,2,4,1.345,13.025,14.131,22,2,4,2,2,4,5,4,2,1,1.042,15.134,15.4,22,2,4,2,4,1,4,4,3,3,1.168,13.949,15,23,1,5,70,1,4,72,1,5,77,1,4,97,0,2,27,0,2,20,2,5,5,3,4,2,2,6,5,4,3,2,3,4,5,4,1,4,2,2,5,6,2,2,5,4,2,5,4,1,2,6,2,6,6,2,2,6,3,2,2,4,3,4,6,2,1,5,2,2,6,6,2,3,1,2,4,2,2,6,7,6,2,7,4,4,2,1,5,2,2,2,"Way too long, I could not focus on the questions after halfway through. Poor survey ",,,Natalia
2026-03-26 16:21:11,2026-03-26 16:38:51,0,109.94.148.2,100,1059,1,2026-03-26 16:38:51,R_2B3dp0I94xUYGRj,,,,,52.3824,4.8995,anonymous,EN,1,2,,2,,21,1,3,,1,,2,0,23,,,,,,,,,,,,,,,21,Reaearch,24,Research,5,4,4,3,4,4,4,5,2,12.045,106.433,107.889,20,3,5,5,1,4,4,4,4,3,13.966,110.021,113.328,22,5,1,2,4,2,5,1,5,5,10.602,76.422,77.464,20,4,4,3,4,2,1,5,5,1,20.371,117.293,118.401,18,1,3,2,5,5,2,4,2,5,29.254,168.345,169.5,20,2,3,2,3,3,4,4,4,2,58.882,66.582,67.219,13,5,2,4,4,2,2,3,3,3,0.675,9.71,10.332,18,0,2,65,0,1,21,1,4,88,0,1,23,1,4,30,0,2,45,2,3,6,2,7,2,3,3,3,2,6,2,3,6,6,5,3,2,7,6,4,2,1,2,2,5,6,4,2,6,3,4,3,6,2,4,2,4,4,3,5,4,2,5,3,2,5,1,2,5,6,5,5,2,2,3,6,5,2,1,3,3,2,2,5,3,2,6,5,5,4,3,"High detail but the length was far too much for people to want to take part ",,,Natalia
2026-03-27 00:53:17,2026-03-27 01:53:27,0,80.115.70.237,100,3610,1,2026-03-27 01:53:28,R_2uE8h36OZm6Qfjy,,,,,53.2264,6.5828,anonymous,EN,1,2,,2,,23,1,6,"Bachelor 4 - applied sciences ",4,"Creative Media & Game Technologies - Video game production ",4,4,22,32,17,,1,,17,,9,,9,2,,,,,,,,1,3,2,4,1,2,4,4,4,2.948,72.594,73.325,20,2,4,2,4,1,2,5,2,1,4.306,64.056,67.535,21,3,2,4,4,3,1,3,5,4,1.919,65.679,66.894,21,4,3,2,2,2,1,2,5,4,1.592,62.6,63.731,24,1,1,4,4,4,3,4,1,2,1.928,57.319,58.45,21,2,3,1,4,1,1,3,3,3,1.674,58.567,59.463,19,1,2,4,1,4,2,4,3,2,3.79,64.318,65.115,19,0,3,45,1,5,82,0,1,95,0,3,76,1,2,24,0,1,2,1,4,2,2,3,2,6,1,6,1,3,4,1,7,1,6,2,1,1,2,5,5,7,3,6,5,1,3,3,5,1,6,1,1,6,4,6,5,5,6,6,1,2,3,2,2,7,1,7,3,6,6,7,1,1,2,1,1,6,6,6,1,6,2,2,7,4,1,4,1,2,1,,,,Natalia
2026-03-27 01:46:24,2026-03-27 02:42:43,0,80.114.144.164,100,3378,1,2026-03-27 02:42:43,R_88mgWAlufj8OPuN,,,,,52.3782,4.853,anonymous,EN,1,1,lmm291,2,,22,1,1,,1,,2,4,22,155,17,,17,,12,,11,,5,1,,,,,,,,2,4,4,4,2,5,2,4,3,1.989,80.025,80.952,21,2,2,4,4,2,5,2,1,1,2.097,106.376,107.826,20,2,2,1,3,4,2,1,4,2,3.097,97.986,98.689,19,4,3,2,1,2,2,4,5,3,2.239,112.039,112.69,21,3,2,4,4,4,2,5,5,4,1.891,93.178,93.872,21,2,3,4,4,2,2,3,3,1,1.377,94.323,95.041,27,1,4,4,2,2,4,3,4,2,1.895,127.377,128.155,25,0,1,10,1,5,90,1,4,55,0,2,36,0,3,42,0,2,25,1,4,3,6,4,4,7,4,5,3,4,4,4,7,3,4,4,4,6,4,6,3,4,4,4,4,2,7,4,4,3,5,2,4,3,4,4,3,4,5,4,4,4,4,5,2,5,4,4,4,4,3,6,4,4,3,4,3,2,5,3,4,6,3,5,7,4,4,5,3,4,4,,,26312,
2026-03-27 02:39:24,2026-03-27 02:59:17,0,95.124.126.173,100,1192,1,2026-03-27 02:59:18,R_2YgiZX3onsVnTQ5,,,,,43.2481,-2.9209,anonymous,EN,1,2,,1,,26,2,,,,,4,6,23,,,,,,,,,,,,,,,17,,9,,1,3,5,3,2,2,2,5,2,10.124,95.818,96.939,21,1,5,5,5,2,4,5,3,1,6.631,63.236,64.398,18,3,2,4,3,3,1,4,5,5,4.88,51.555,52.145,20,4,2,5,4,2,1,4,5,5,11.609,95.432,96.383,17,2,3,5,5,3,5,3,3,5,17.358,83.654,84.486,16,5,3,2,1,3,1,4,4,4,5.398,47.931,48.471,16,1,1,3,1,4,3,4,2,3,42.337,110.541,111.449,15,1,4,61,1,5,84,0,1,4,1,4,60,1,4,64,0,2,17,3,5,2,4,5,4,3,1,3,5,3,2,5,2,3,4,5,3,4,5,3,4,3,2,5,5,3,4,4,3,5,4,5,2,5,2,5,4,4,4,4,6,2,3,2,5,3,4,4,4,5,4,6,3,3,4,5,4,5,5,3,3,4,1,4,3,4,4,4,5,1,6,,,,Natalia
2026-03-27 02:12:00,2026-03-27 03:01:44,0,172.225.252.8,100,2983,1,2026-03-27 03:01:45,R_2G9V99UqAi7DNvP,,,,,50.6337,5.5675,anonymous,EN,1,2,,2,,24,1,4,,4,Artificial Intelligence,4,5,22,40,12,,3,,9,,3,,32000,,,,1,,,,,3,4,2,4,1,2,3,4,4,14.182,81.73,82.696,9,2,3,5,1,2,5,4,4,1,6.391,55.846,57.314,9,2,4,2,4,4,3,2,5,3,43.549,100.864,102.009,10,2,4,4,2,2,2,3,5,3,40.446,112.748,113.624,10,2,4,2,4,3,4,4,2,3,10.451,55.965,56.832,11,4,3,2,1,3,4,5,2,3,4.651,55.845,58.459,10,1,2,3,5,2,2,3,2,2,17.201,68.455,69.425,11,0,2,15,1,6,82,0,2,28,0,3,40,1,4,65,0,2,19,2,4,4,4,5,4,7,4,6,2,4,6,4,2,5,4,3,3,6,2,5,3,5,5,6,3,7,3,6,6,4,5,2,3,3,2,2,6,2,6,3,2,2,5,3,6,6,5,4,6,4,5,6,3,4,4,5,2,7,6,6,2,5,3,6,4,3,4,4,5,3,1,,,,Natalia
2026-03-27 03:11:34,2026-03-27 03:34:07,0,86.95.74.212,100,1352,1,2026-03-27 03:34:07,R_2HtXeI2aANdoZoN,,,,,52.3927,4.8235,anonymous,EN,1,2,,2,,22,1,3,,1,,2,0,22,32,21,Recruitment,17,,13,,17,,8,1,,,,,,,,1,5,2,4,1,2,4,5,2,4.263,35.42,36.728,25,2,5,2,4,2,2,3,5,1,4.833,48.203,49.1,22,2,2,2,1,4,5,1,5,2,6.7,46.637,47.521,22,4,4,4,4,2,2,4,5,4,6.999,35.795,36.861,23,1,4,4,5,3,4,2,4,2,30.155,52.433,53.301,24,2,5,4,5,2,3,5,2,4,4.349,32.996,33.901,24,1,2,4,2,1,2,2,1,2,11.468,37.695,38.568,26,1,6,89,1,6,86,0,1,9,1,6,97,0,1,10,0,1,8,1,5,4,5,5,3,7,3,5,3,6,5,3,7,3,5,1,6,6,1,4,1,3,4,6,2,7,2,3,5,4,3,1,4,7,3,3,3,5,7,3,5,5,1,4,1,4,5,4,3,5,4,7,2,4,4,7,3,1,5,5,4,7,3,1,6,3,4,4,6,5,1,,,,Natalia
2026-03-27 03:17:35,2026-03-27 03:40:09,0,80.112.140.105,100,1354,1,2026-03-27 03:40:10,R_2Yb4yRun6pGRiJg,,,,,52.3066,4.8812,anonymous,EN,1,1,ctj370,2,,18,1,1,,1,,2,0,23,,,,,,,,,,,,,,,16,,5,,1,5,3,4,4,4,3,3,2,5.688,35.615,36.349,14,4,5,2,4,2,2,3,4,1,3.346,33.263,35.395,12,2,2,2,3,4,4,2,4,3,5.172,37.9,39.198,9,3,3,4,4,3,2,4,5,1,4.648,35.757,36.54,12,1,4,4,4,2,2,2,3,3,3.107,37.745,38.977,12,1,3,4,4,1,3,2,3,4,4.848,34.587,35.128,11,1,2,3,3,2,2,1,3,2,4.443,39.126,40.004,10,1,5,82,1,5,74,1,4,64,1,5,63,0,1,5,0,3,41,1,4,2,5,6,4,6,2,6,1,5,3,5,6,2,4,6,3,4,1,6,1,5,3,4,1,7,1,3,2,2,2,1,2,6,2,3,6,5,6,5,3,6,3,6,6,5,3,5,1,5,5,7,1,2,2,4,2,1,6,4,2,6,3,1,7,5,4,6,5,6,1,,,26440,
2026-03-27 06:39:20,2026-03-27 06:55:31,0,77.250.51.5,100,971,1,2026-03-27 06:55:32,R_8LgxwpkOdcIevRL,,,,,52.3528,4.8584,anonymous,EN,1,1,mha344,2,,22,1,1,,1,,2,7,22,15,16,,11,,16,,11,,2500,,,,1,,,,,2,4,1,3,4,2,4,4,1,4.643,26.556,27.366,10,4,5,3,4,1,5,4,4,1,4.627,24.943,29.097,11,4,1,1,1,2,4,1,4,1,4.839,26.154,26.996,10,2,3,4,4,1,2,4,5,1,3.272,27.388,29.092,10,1,5,1,4,1,1,4,1,4,4.755,27.329,27.976,11,1,5,5,4,1,1,4,4,4,9.191,32.645,33.202,10,1,2,5,1,1,5,2,4,4,6.787,34.163,34.896,9,1,6,92,1,6,100,0,3,29,1,4,60,0,1,9,0,2,13,1,2,2,5,7,1,7,1,5,1,1,7,7,7,4,7,7,1,6,1,6,3,4,5,5,2,7,2,3,6,4,2,1,1,3,4,3,5,2,7,7,1,5,2,6,1,1,6,2,3,2,6,7,2,4,1,6,1,1,6,6,1,6,2,2,7,1,6,4,6,7,1,,,26485,
2026-03-27 06:50:21,2026-03-27 07:51:10,0,80.57.175.107,100,3649,1,2026-03-27 07:51:11,R_2hSk7Ic84RyCKwJ,,,,,52.327,5.5436,anonymous,EN,1,1,fkw608,2,,22,1,1,,1,,2,8,22,10,17,,9,,16,,11,,20,,3,,,,,,,2,4,3,4,3,3,2,4,3,70.375,136.06,137.028,9,2,4,3,5,2,3,4,4,1,875.617,913.829,915.359,9,2,3,3,2,4,4,4,5,3,9.391,51.042,52.069,11,3,2,4,3,4,2,3,5,4,12.308,55.349,57.021,9,2,3,4,4,4,4,4,4,3,118.354,152.922,153.891,9,2,4,3,4,3,1,4,2,2,4.309,40.845,41.801,11,1,3,2,2,3,2,4,2,2,6.099,53.847,54.7,9,0,3,32,1,6,97,0,2,18,1,4,64,1,5,74,0,2,17,1,4,2,6,6,2,4,4,7,2,4,4,3,6,2,6,7,2,5,1,6,1,5,4,6,2,7,2,3,5,5,4,4,3,4,4,2,6,3,7,6,2,7,4,7,3,3,3,4,4,4,6,7,2,3,3,4,3,2,5,4,4,3,3,2,7,3,5,4,5,7,1,,,26586,
2026-03-27 07:47:00,2026-03-27 08:23:42,0,62.194.25.250,100,2202,1,2026-03-27 08:23:43,R_2EBj6uUfNccqCdw,,,,,52.3782,4.853,anonymous,EN,1,2,,2,,70,2,,,,,7,1,23,,,,,,,,,,,,,,,15,,24,onderwijs,1,4,3,4,2,5,4,3,4,21.072,100.884,102.094,9,2,4,1,4,2,3,5,3,1,12.938,80.38,82.305,9,3,4,3,3,4,4,2,5,1,25.532,100.29,102.667,11,2,2,3,2,2,1,2,5,5,9.014,86.022,87,9,2,5,3,4,3,4,3,4,4,7.699,73.99,75.264,9,2,3,3,4,3,3,4,2,2,9.504,66.084,67.495,9,1,3,3,4,2,2,4,2,1,10.921,142.299,143.768,9,1,6,91,1,6,90,0,1,19,1,6,91,0,2,20,1,5,81,6,3,5,2,5,4,6,2,3,3,6,4,6,2,3,3,5,4,6,2,5,3,6,4,6,2,5,2,5,4,6,2,5,3,5,4,6,2,6,2,5,4,6,2,5,2,5,4,6,2,4,3,5,4,6,2,4,2,6,4,6,2,5,2,5,4,6,2,6,3,5,4,,,,Sam
2026-03-27 08:02:02,2026-03-27 08:27:50,0,82.169.129.61,100,1547,1,2026-03-27 08:27:50,R_824UN9WTr8moXXW,,,,,52.364,4.8913,anonymous,EN,1,2,,2,,20,1,3,,1,,2,5,22,12,6,,16,,16,,11,,5,1,,,,,,,,4,4,4,4,2,3,2,5,1,7.568,55.882,57.201,15,2,4,2,2,2,4,4,4,1,5.255,57.218,58.809,11,2,1,2,3,4,3,1,2,2,7.873,52.605,53.663,10,4,1,4,2,5,2,3,5,3,6.356,49.49,50.23,11,3,4,1,4,4,4,2,4,3,8.15,57.217,58.391,12,2,4,2,4,1,4,4,4,1,4.599,40.27,41.141,10,1,2,4,4,2,2,2,1,2,7.497,47.126,48.065,11,0,3,40,1,6,92,0,2,29,0,2,22,0,1,12,1,5,71,2,5,2,6,6,2,7,1,7,1,2,6,2,6,6,6,3,6,5,2,2,2,2,3,6,2,7,2,2,6,2,6,2,6,6,2,2,6,2,6,6,2,6,2,6,2,2,6,2,3,3,3,6,2,6,5,5,6,2,2,6,2,6,3,2,7,2,5,2,5,6,2,,,,Sam
2026-03-27 08:23:08,2026-03-27 09:04:13,0,77.161.0.82,100,2464,1,2026-03-27 09:04:13,R_8EsLbpuOojpBdKX,,,,,52.1613,4.505,anonymous,EN,1,1,zlf715,2,,19,1,1,,1,,2,5,22,10,18,,13,,16,,5,,18,,2,,,,,,,4,2,3,2,2,3,4,4,4,7.981,45.745,47.801,9,2,4,2,2,1,4,3,2,1,5.885,54.651,55.811,10,2,2,2,3,2,4,2,2,3,3.437,106.487,107.264,10,2,3,2,2,4,4,1,5,3,5.352,58.652,59.362,9,1,3,3,4,2,3,4,3,3,8.785,53.485,54.18,13,2,2,3,3,2,4,5,2,4,7.385,46.768,47.762,9,1,3,5,1,2,4,4,3,2,7.568,76.485,77.345,9,0,3,81,1,5,81,0,2,18,0,2,11,0,2,9,1,4,50,1,3,1,6,7,1,7,2,7,1,2,5,2,6,2,6,6,2,6,1,7,1,4,6,4,3,7,2,5,4,2,1,1,2,6,3,2,2,4,6,6,2,7,6,6,1,1,6,3,4,3,6,7,2,7,2,6,2,2,7,5,2,6,2,5,7,5,4,5,5,7,1,,,26703,
2026-03-27 06:47:25,2026-03-27 09:29:23,0,213.10.203.64,100,9718,1,2026-03-27 09:29:24,R_8gGlNLoDRLJPjxL,,,,,52.3665,4.9353,anonymous,EN,1,2,,2,,60,2,,,,,4,1,23,,,,,,,,,,,,,,,10,,1,,2,4,3,4,4,3,3,4,4,7.118,1272.268,1273.16,9,2,4,2,4,3,2,4,3,1,7.95,60.423,62.542,10,3,4,2,1,3,3,2,4,2,8.536,57.592,59.022,12,4,2,3,1,3,2,4,5,4,8.641,40.377,43.879,10,3,4,2,4,3,4,3,3,4,7.483,67.811,68.833,9,2,4,4,4,3,5,4,4,3,7.358,37.173,38.003,11,1,3,4,2,2,2,4,2,2,7.045,41.533,43.227,10,1,4,61,1,5,81,0,2,68,1,4,72,1,4,72,0,3,50,1,5,1,5,6,5,7,1,6,4,3,4,2,6,4,5,2,4,6,2,6,2,4,6,1,4,6,4,4,6,5,2,3,3,4,7,1,5,4,6,4,3,4,5,2,2,2,4,3,4,4,4,4,4,6,3,4,3,3,5,7,1,4,1,1,4,2,4,3,6,2,5,,,,Sam
2026-03-27 09:20:30,2026-03-27 10:01:50,0,62.45.98.134,100,2479,1,2026-03-27 10:01:50,R_8hsSBt7EcGSRlZh,,,,,52.2753,4.7914,anonymous,EN,1,1,2883524,2,,19,1,1,,1,,2,5,22,5,7,,16,,7,,5,,25,,2,,,,,,,3,4,2,4,3,4,5,4,2,37.68,131.775,132.685,16,2,5,2,2,2,2,4,4,1,36.503,81.331,83.926,10,4,2,2,2,4,5,2,3,1,6.556,74.9,76.068,10,4,4,5,3,4,2,3,5,2,14.272,75.716,76.36,10,1,3,2,4,2,4,3,1,4,4.278,91.709,92.487,12,1,4,4,4,1,1,2,4,2,10.528,49.053,51.395,10,1,1,4,2,2,4,4,1,2,52.901,106.025,106.876,9,1,5,80,1,6,89,1,5,75,1,4,57,1,4,65,0,2,25,1,3,5,6,6,2,7,2,7,2,7,5,2,6,6,5,4,4,5,2,6,1,7,6,5,6,7,6,5,6,3,5,7,3,3,4,1,6,5,7,7,3,6,2,6,2,5,5,1,6,3,5,5,1,3,6,3,6,2,3,6,3,5,2,7,7,2,5,4,5,6,1,,,26484,
2026-03-27 09:58:15,2026-03-27 10:15:10,0,86.89.74.38,100,1014,1,2026-03-27 10:15:10,R_2HTvgbSLe51QkaM,,,,,52.3528,4.8584,anonymous,EN,1,2,,1,,28,2,,,,,5,3,22,12,17,,9,,17,,9,,10,,2,,,,,,,3,3,3,4,4,3,5,4,4,4.421,39.035,39.522,18,2,4,1,5,2,4,4,4,1,4.501,32.473,32.834,18,3,2,3,3,4,4,2,4,4,2.102,29.808,30.274,18,4,2,2,3,2,2,3,5,4,6.101,35.895,36.292,18,3,4,4,4,2,4,3,3,3,2.901,33.598,34.102,20,3,3,2,4,3,2,3,2,2,2.401,27.703,28.193,18,1,4,4,2,3,4,4,2,2,5.901,36.894,37.493,19,0,2,8,0,3,26,0,2,10,0,2,11,0,2,11,0,3,31,2,2,6,3,6,2,7,4,7,2,5,4,1,1,7,7,1,7,7,7,1,1,7,7,1,7,1,1,1,1,6,2,2,6,2,2,1,2,5,6,2,4,1,7,1,7,1,1,1,7,4,4,4,4,7,4,4,4,4,4,2,6,2,6,2,6,2,3,4,3,7,1,,,,Lise
2026-03-27 09:37:33,2026-03-27 11:07:34,0,149.143.69.90,100,5400,1,2026-03-27 11:07:34,R_8gdRDq7roJLF1ol,,,,,51.9729,4.6173,anonymous,EN,1,2,,2,,48,2,,,,,5,1,23,,,,,,,,,,,,,,,15,,6,,2,4,2,4,2,3,4,4,2,20.019,208.273,209.754,18,3,4,2,5,2,4,4,5,1,18.901,206.807,207.682,18,4,2,2,3,3,4,2,4,4,4.215,269.783,271.048,14,4,2,4,2,2,2,4,5,4,7.673,95.792,96.838,15,1,5,5,4,3,4,1,2,3,7.805,125.368,126.401,18,2,4,3,5,3,2,4,3,3,7.798,82.074,83.101,17,1,2,4,2,2,4,3,2,1,11.701,78.588,79.551,17,1,5,70,1,5,70,0,3,40,1,3,54,1,4,60,0,1,20,2,6,5,6,6,3,5,3,6,2,5,5,3,7,5,5,5,3,5,4,6,6,6,5,5,3,6,3,5,3,4,4,3,4,4,5,6,5,5,2,5,5,6,3,5,2,5,5,6,3,2,6,7,1,3,4,3,3,1,7,3,3,2,5,1,7,5,4,6,3,5,5,,,,Lise
2026-03-27 11:01:34,2026-03-27 11:27:59,0,94.211.232.66,100,1585,1,2026-03-27 11:27:59,R_2qeOC7XcBxvn7y3,,,,,52.6917,4.8081,anonymous,EN,1,1,way860,2,,20,1,1,,4,pedagogische wetenschappen,4,3,22,8,18,,16,,15,,5,,9,1,,,,,,,,5,4,2,5,1,3,2,4,3,91.164,121.139,121.779,13,1,3,3,5,1,3,5,4,1,5.334,35.166,36.859,9,2,3,2,1,4,2,3,2,2,4.128,34.962,35.785,10,2,3,2,2,4,2,3,5,3,5.812,49.562,50.201,12,2,3,4,4,3,3,4,3,4,5.622,31.905,32.578,10,2,3,2,5,2,2,3,2,1,5.789,40.022,41.846,11,1,3,4,2,3,3,4,3,3,8.41,49.025,51.334,13,1,5,83,1,5,87,0,3,42,1,5,82,0,2,25,1,6,96,2,6,3,5,6,2,7,4,7,1,4,6,4,6,1,6,6,2,5,4,6,2,3,4,5,4,7,1,6,7,5,4,7,1,7,5,2,2,2,6,6,2,4,4,4,3,7,1,3,4,1,6,6,2,5,3,7,2,6,6,4,4,7,2,7,7,4,6,6,6,7,1,,,26908,
2026-03-27 11:05:15,2026-03-27 11:35:51,0,149.143.69.90,100,1835,1,2026-03-27 11:35:52,R_8PZYYs5WUu9TEA1,,,,,51.9729,4.6173,anonymous,EN,1,2,,1,,49,2,,,,,5,26,22,32,19,,3,,19,,3,,1000,,,,5,,,,,2,4,4,4,1,4,4,3,2,8.991,55.267,57.894,11,2,2,1,3,2,2,3,2,1,2.588,67.75,71.391,13,4,3,2,1,4,2,2,5,2,4.171,47.603,49.022,10,4,2,2,2,2,2,4,5,3,6.09,46.828,48.157,9,4,5,2,3,4,2,4,1,3,4.154,51.739,53.389,10,2,3,3,2,1,4,3,3,2,5.434,51.746,52.699,11,1,4,4,3,2,3,3,4,1,5.39,64.406,65.814,11,1,6,90,1,5,70,1,4,60,1,4,60,0,2,30,0,2,35,1,6,6,7,6,3,6,2,5,2,2,6,2,7,2,5,2,5,5,1,5,3,6,4,5,3,6,2,3,6,3,3,1,4,6,3,6,6,5,6,3,5,3,6,2,3,5,2,5,2,3,5,6,3,3,5,4,2,2,6,5,3,5,2,2,6,3,6,3,3,7,1,,,,Lise
2026-03-27 11:47:27,2026-03-27 12:04:34,0,82.170.200.246,100,1027,1,2026-03-27 12:04:35,R_8phkdwoSVJAJM67,,,,,51.9172,4.5945,anonymous,EN,1,2,,1,,21,1,3,,4,Hrm,7,3,22,32,14,,6,,14,,2,,170,,,4,,,,,,5,4,5,4,4,4,3,4,2,8.617,47.47,48.436,28,2,4,2,1,1,2,4,4,1,8.311,62.673,65.047,29,2,3,4,2,4,3,3,2,2,1.048,60.703,61.734,30,4,2,4,2,4,2,4,4,4,7.143,58.206,59.021,30,4,4,4,5,5,4,5,2,3,5.872,42.329,43.324,23,2,3,4,4,2,3,4,3,2,9.139,43.845,44.101,30,1,2,2,3,4,4,2,4,2,11.142,62.968,64.05,29,0,3,42,1,6,96,1,4,88,1,4,94,1,4,77,1,4,74,5,5,6,6,3,6,5,5,3,2,6,2,6,2,5,3,5,7,3,5,4,6,3,1,3,4,6,5,5,4,5,3,5,2,6,5,2,4,5,3,6,1,5,6,5,3,6,5,3,5,4,5,6,4,5,5,5,3,6,6,5,6,5,2,3,2,6,6,2,5,2,4,,,,Lise
2026-03-27 11:20:10,2026-03-27 13:12:16,0,84.107.104.105,100,6726,1,2026-03-27 13:12:17,R_8JxunAfmiuy1eNE,,,,,52.4329,4.6591,anonymous,EN,1,2,,1,,25,1,5,,4,"Science, Business & Innovation",4,10,22,8,7,,17,,13,,1,,40,,2,,,,,,,2,4,4,4,2,4,4,4,4,2.509,90.608,92.257,30,2,3,2,4,2,4,5,3,1,1.173,58.707,59.727,25,4,2,3,3,4,3,4,4,4,10.052,69.98,70.501,22,3,2,2,2,2,2,3,5,4,11.839,84.504,85.662,30,3,4,3,4,2,3,3,2,3,3.574,99.112,99.796,25,2,3,3,2,3,2,4,2,3,3.926,81.268,81.987,30,1,4,4,2,3,3,4,2,2,5.822,76.559,78.397,29,1,4,61,0,3,41,0,1,15,0,2,27,0,2,31,0,3,38,1,5,4,5,5,3,7,2,6,2,3,5,3,5,3,6,6,3,6,1,4,2,2,5,4,3,7,3,3,5,2,5,1,4,4,4,4,5,5,3,5,3,6,5,3,5,6,3,3,5,3,5,6,2,5,3,4,2,3,5,6,4,5,3,3,5,3,5,4,5,5,1,,,,Lise
2026-03-28 02:06:55,2026-03-28 02:20:47,0,80.61.182.249,100,832,1,2026-03-28 02:20:47,R_87BZLd8akobbh8U,,,,,51.6618,5.6022,anonymous,EN,1,1,chj553,2,,19,1,1,,1,,2,4,23,,,,,,,,,,,,,,,16,,10,,4,4,2,4,3,4,4,4,2,4.164,23.614,24.354,10,4,4,1,4,1,4,4,2,1,3.1,24.976,27.249,9,1,3,2,2,3,4,1,5,1,3.824,28.716,29.827,9,2,4,3,4,4,3,3,3,3,4.391,128.708,129.732,10,2,3,4,4,3,4,3,2,2,2.981,20.764,21.622,12,3,3,3,4,3,2,5,4,2,3.326,17.247,18.859,11,3,3,3,3,3,2,3,3,2,276.818,283.566,284.403,9,1,6,100,1,5,80,0,3,40,1,5,70,1,5,60,0,2,20,4,3,3,5,4,5,4,4,4,4,4,4,4,4,4,4,4,4,3,4,5,4,4,3,5,3,5,4,4,5,4,3,5,5,4,4,5,3,4,4,5,3,3,5,5,4,4,4,3,5,1,1,4,4,4,3,5,3,3,3,4,4,4,4,5,3,4,5,5,3,4,5,,,26436,
2026-03-28 02:41:25,2026-03-28 03:28:08,0,84.26.134.164,100,2802,1,2026-03-28 03:28:08,R_2K2qOdQ5aS7PRAf,,,,,52.4429,4.8054,anonymous,EN,1,2,,1,,24,1,3,,4,Mathematics,2,9,22,16,18,,13,,10,,2,,100,,,1,,,,,,2,2,1,2,1,4,5,5,5,3.556,124.452,125.104,13,4,4,3,5,2,3,4,4,1,2.984,253.736,260.4,11,2,3,3,2,4,2,2,5,3,87.075,136.992,137.778,10,3,4,4,2,4,2,2,5,2,3.975,79.52,88.979,10,3,4,4,4,4,3,4,4,4,5.066,113.036,114.237,17,3,4,4,2,2,1,4,3,4,180.521,278.752,333.659,15,1,3,4,3,4,2,2,2,2,4.32,78.706,79.958,15,0,3,43,1,4,53,0,3,44,0,3,42,1,4,54,0,2,30,1,2,2,5,6,4,5,3,5,2,4,5,6,6,6,4,2,2,4,1,1,2,2,4,2,5,7,5,3,6,3,1,1,1,1,4,3,5,4,6,5,3,7,5,4,6,6,4,7,4,5,4,5,1,2,4,2,2,1,6,3,4,5,3,2,7,6,5,4,5,5,1,,,,Natalia
2026-03-28 04:15:58,2026-03-28 04:37:08,0,80.56.144.25,100,1270,1,2026-03-28 04:37:09,R_2DOd6pSWpCSzEBP,,,,,52.2281,5.198,anonymous,EN,1,1,enx901,2,,22,1,1,,1,,2,7,22,12,21,supermarket,24,cassiere,10,,15,,100,,,3,,,,,,3,3,4,5,2,3,4,4,1,6.558,46.141,46.649,12,2,2,1,4,1,2,3,4,1,3.637,41.554,42.644,11,4,2,3,3,5,4,1,2,2,8.745,44.079,44.686,14,5,2,5,1,3,4,3,5,5,5.033,42.449,43.04,10,3,3,3,4,4,5,2,2,3,4.439,37.854,38.396,17,2,4,3,5,2,2,3,5,1,3.45,34.583,35.174,11,1,2,4,3,3,2,4,1,1,3.813,39.463,40.487,11,1,4,61,1,5,58,0,3,34,1,5,69,1,5,73,1,4,50,3,4,4,2,4,7,2,2,6,1,5,5,6,6,3,5,5,3,2,1,6,1,5,5,3,2,7,2,6,7,4,2,4,1,5,6,3,3,4,5,5,4,6,4,3,7,6,2,5,4,4,4,6,3,2,3,6,2,5,5,4,4,6,2,5,7,5,3,4,5,4,2,,,25423,
2026-03-28 11:49:05,2026-03-28 12:08:19,0,188.91.250.136,100,1154,1,2026-03-28 12:08:20,R_2XpqpQcInxd4rxa,,,,,52.3159,5.0341,anonymous,EN,1,1,qof587,2,,18,1,1,,4,pedagogische wetenschappen,2,4,22,35,20,,2,,16,,12,,15,,2,,,,,,,5,4,3,4,2,4,2,4,3,6.194,132.281,133.443,10,3,4,5,1,2,4,4,2,1,8.903,70.402,71.456,9,2,4,3,4,4,2,4,1,1,7.349,31.534,32.544,10,2,2,2,1,4,2,3,5,3,4.698,30.508,32.32,10,4,4,5,4,2,1,5,2,2,3.651,32.835,33.776,11,4,2,3,5,1,4,4,4,2,61.535,92.237,93.24,10,1,4,5,5,4,4,4,3,5,46.093,74.732,75.985,10,0,2,34,0,2,24,1,5,82,0,2,45,1,5,85,1,5,77,1,1,3,7,6,3,7,4,6,3,4,6,2,2,2,5,5,5,6,1,1,7,7,2,3,5,3,5,3,5,4,3,5,3,4,5,3,3,4,4,4,4,2,5,5,3,5,3,5,3,3,3,5,5,6,2,6,2,2,4,7,7,1,5,3,4,3,3,6,3,5,4,,,26737,
2026-03-28 14:48:57,2026-03-28 15:21:03,0,172.225.253.130,100,1925,1,2026-03-28 15:21:04,R_2qxwezpbLX7rBNZ,,,,,52.3716,4.8883,anonymous,EN,1,1,Koa591,2,,21,1,1,,1,,2,6,22,5,16,,24,Housekeeping assistance,16,,5,,80,,,1,,,,,,1,4,3,2,4,4,2,4,2,4.328,53.054,54.227,26,4,4,2,5,2,5,4,4,1,5.069,78.444,79.591,29,2,2,4,2,2,4,3,5,2,2.35,49.422,50.301,29,2,4,5,1,4,2,2,5,2,23.585,137.277,138.801,24,1,4,4,4,3,2,4,3,4,5.189,61.294,62.189,26,2,4,3,4,1,4,4,4,5,2.157,34.697,35.591,25,1,2,4,4,3,1,1,2,2,1.344,60.411,61.621,32,0,3,22,1,6,100,0,2,15,1,5,84,1,5,66,0,3,42,4,4,3,3,3,5,5,3,3,3,6,2,4,7,4,5,3,2,3,1,3,3,5,3,5,3,5,6,5,3,4,2,1,1,3,5,4,5,5,3,4,3,5,6,5,5,6,3,4,3,3,6,7,2,4,3,3,5,5,4,3,4,6,4,5,6,4,2,4,3,5,2,,,26960,
2026-03-28 14:38:58,2026-03-28 15:26:47,0,86.82.184.162,100,2869,1,2026-03-28 15:26:48,R_2CD1vZ4riE4pGPn,,,,,52.6531,5.0939,anonymous,EN,1,1,rht087,2,,19,1,1,,1,,2,4,22,7,21,sports,5,,17,,9,,15,,2,,,,,,,1,2,4,4,3,2,4,4,3,4.51,100.231,103.663,9,4,4,2,5,2,1,5,4,1,6.915,95.978,102.272,9,2,1,2,1,4,3,2,5,4,21.113,73.027,74.643,9,4,3,1,3,2,4,4,5,3,6.591,82.646,83.731,11,2,3,4,4,5,5,2,3,3,3.096,75.341,76.707,10,5,4,2,4,1,1,2,2,2,4.597,56.396,58.198,10,1,2,3,2,4,1,3,4,2,8.064,62.949,64.403,10,1,4,63,1,5,85,0,3,43,1,4,56,1,5,76,0,2,30,7,3,3,5,2,5,3,3,2,1,4,6,6,7,4,6,5,2,2,1,3,3,1,5,2,3,7,2,1,5,3,1,4,3,4,4,6,7,5,6,7,3,4,4,2,3,6,4,3,6,4,7,7,2,2,3,2,3,4,4,2,2,6,1,3,7,6,5,6,7,7,2,,,26539,
2026-03-29 07:43:21,2026-03-29 08:16:58,0,213.10.5.52,100,2016,1,2026-03-29 08:16:59,R_2NfANDjMpBMxs3Y,,,,,52.3984,4.9206,anonymous,EN,1,2,,2,,46,2,,,,,3,26,22,40,21,aviation maintenance industry,24,Slotplanner,21,aviation maintenance related industry,20,,31000,,,,4,,,,,3,5,3,4,4,5,4,3,2,8.66,77.476,79.727,16,1,4,3,4,1,1,4,3,1,7.867,50.843,51.919,13,2,2,1,1,4,2,2,2,1,13.462,59.666,60.522,12,2,1,2,1,2,1,3,5,3,2.738,81.334,82.402,20,2,5,3,4,2,2,4,3,3,4.008,52.3,53.342,18,1,2,2,4,2,4,2,3,2,5.37,44.214,45.289,17,1,2,4,3,2,2,2,2,2,5.245,52.415,53.054,18,1,4,60,1,6,86,0,2,83,0,3,70,0,1,82,0,3,15,5,5,5,5,5,5,5,5,5,5,5,5,5,5,5,5,5,5,5,4,5,5,5,5,4,3,4,2,4,4,5,5,5,5,5,5,4,4,5,5,4,4,5,5,5,5,5,5,5,5,5,5,5,5,5,5,5,5,5,5,5,4,1,2,2,2,5,5,5,5,5,5,,,,Sam
2026-03-29 07:53:25,2026-03-29 08:18:30,0,31.184.81.8,100,1505,1,2026-03-29 08:18:31,R_8Pq1E6H2SAjfQXz,,,,,52.0765,5.0901,anonymous,EN,1,1,msz566,2,,19,1,1,,4,pedagogische wetenschappen,2,5,22,20,4,,24,accept mail,16,,11,,500,,,,2,,,,,4,2,4,4,4,2,4,4,4,4.21,34.342,35.833,12,2,4,2,4,2,4,2,4,1,3.661,41.944,47.901,13,2,2,2,2,4,4,1,4,2,4.453,36.386,37.542,10,2,2,2,4,4,4,2,5,4,10.924,48.557,49.298,12,2,2,4,4,4,2,4,5,4,3.524,35.19,35.882,12,4,4,2,5,2,2,5,4,1,5.729,33.328,33.735,11,1,2,2,2,2,2,2,4,2,6.124,56.091,56.813,10,0,2,22,0,2,22,0,2,22,0,1,5,0,2,25,1,4,64,2,2,2,5,6,2,5,3,3,2,3,6,3,2,3,3,3,2,5,3,5,3,2,5,6,3,5,3,3,5,2,2,2,5,5,3,6,3,3,3,2,5,6,5,5,5,6,3,5,5,3,5,5,2,5,5,5,1,1,6,2,2,3,2,3,6,2,5,2,5,6,2,,,26865,
2026-03-29 09:55:13,2026-03-29 10:14:25,0,31.201.37.162,100,1151,1,2026-03-29 10:14:25,R_2sKShF4z8nYMIsV,,,,,52.4091,4.8896,anonymous,EN,1,1,xpy479,2,,20,1,1,,4,Pedagogische Wetenschappen,2,5,22,12,15,,8,,15,,8,,8,1,,,,,,,,4,4,4,4,3,5,2,3,1,6.481,47.964,49.24,10,2,4,4,1,2,1,3,2,1,12.094,45.211,46.333,9,2,3,3,1,4,3,1,1,4,3.704,155.687,156.609,10,4,4,3,1,5,4,1,5,3,5.395,44.413,46.286,9,2,4,4,4,3,4,4,3,3,7.339,63.707,64.779,10,2,3,3,4,2,3,1,3,3,4.361,26.91,27.883,9,1,2,5,1,3,1,2,3,3,6.349,69.183,70.04,9,0,2,25,1,4,64,1,4,59,0,3,44,1,5,75,0,3,36,2,2,3,3,6,3,2,2,3,3,6,3,2,2,3,3,5,3,2,2,3,3,6,3,2,2,3,3,6,4,2,2,3,3,6,3,2,2,3,3,6,3,2,2,3,3,6,3,4,2,3,3,6,3,2,2,3,3,6,3,2,2,3,3,6,3,2,3,3,3,5,4,,,26711,
2026-03-29 11:38:25,2026-03-29 12:03:55,0,86.88.143.146,100,1529,1,2026-03-29 12:03:55,R_2hu2LXaPkDi1wEm,,,,,52.2957,6.5832,anonymous,EN,1,1,cvm752,2,,18,1,1,,4,Universitaire pabo,2,0,23,,,,,,,,,,,,,,,15,,8,,2,5,2,4,3,2,5,4,3,4.424,30.045,31.087,10,3,5,2,5,1,2,5,4,1,3.354,47.233,48.208,11,4,2,3,4,5,5,1,5,1,3.955,34.767,35.721,11,2,3,2,4,4,2,3,5,4,4.904,39.039,39.904,14,1,5,5,4,3,4,1,3,3,5.034,30.294,31.093,9,2,3,3,5,1,2,5,2,1,4.951,31.002,31.766,10,1,1,3,4,2,4,2,1,1,3.922,42.234,43.358,12,1,6,95,1,6,100,0,3,40,1,4,53,0,2,16,0,2,29,1,1,3,7,6,2,7,1,7,1,1,7,2,7,2,7,5,3,7,3,7,1,2,7,6,3,7,1,6,6,2,1,1,1,2,3,1,7,4,7,7,1,5,1,2,1,3,1,2,6,4,7,7,1,1,6,4,6,1,6,6,3,7,2,1,7,4,4,3,2,2,1,,,26770,
2026-03-29 11:26:34,2026-03-29 12:08:36,0,217.121.158.51,100,2522,1,2026-03-29 12:08:37,R_8jXWmL9WXwbvIe5,,,,,52.5066,4.6597,anonymous,EN,1,1,2842825,2,,19,1,1,,4,pedagogische wetenschappen,2,4,22,14,19,,15,,16,,10,,20,,2,,,,,,,2,4,3,4,2,5,1,4,1,8.215,72.23,73.355,12,2,4,2,3,2,4,5,2,1,4.88,50.693,51.968,10,2,3,2,3,4,3,1,5,3,6.793,71.509,72.751,11,3,2,2,2,4,3,3,5,2,19.826,123.246,124.86,9,1,3,4,4,2,3,3,3,3,5.951,111.9,113.625,9,2,2,2,4,1,4,4,2,2,4.244,60.794,61.769,9,1,3,2,4,2,4,3,1,3,29.132,184.164,185.506,10,0,3,35,1,5,88,0,2,13,1,5,86,0,2,18,0,2,18,4,7,5,2,6,4,4,4,4,4,4,4,3,5,3,4,5,3,4,4,4,4,4,4,4,4,4,4,4,4,4,4,4,4,4,4,4,4,4,4,4,4,4,4,4,4,4,4,3,2,6,2,6,4,4,1,6,4,4,4,4,4,4,4,4,4,4,4,4,4,4,4,,,26742,
2026-03-29 12:27:52,2026-03-29 12:54:35,0,212.115.133.219,100,1602,1,2026-03-29 12:54:35,R_83Sait3EWD2ic4V,,,,,52.3716,4.8883,anonymous,EN,1,1," nhq320",2,,20,1,1,,1,,2,0,23,,,,,,,,,,,,,,,12,,5,,2,4,2,4,5,5,2,5,4,10.165,45.549,46.423,10,4,5,1,4,2,4,4,5,1,6.387,80.083,81.176,9,1,2,3,2,5,5,1,5,3,8.321,44.611,46.214,9,2,2,5,1,5,1,2,5,4,16.167,58.203,59.188,12,1,5,5,4,3,4,2,5,5,13.228,49.087,50.447,11,2,5,2,5,4,1,4,4,3,4.865,72.781,73.956,9,1,4,1,1,1,3,4,1,1,5.204,64.238,65.419,9,1,5,81,1,5,99,0,1,8,0,3,40,1,6,92,0,1,8,3,6,2,7,7,1,7,5,7,2,3,6,6,7,3,5,6,3,7,1,7,2,4,5,1,5,7,2,2,6,1,1,1,1,5,1,1,7,6,7,7,4,1,7,7,7,6,1,1,6,1,6,7,2,6,2,7,2,7,7,6,2,7,2,2,7,1,6,7,7,7,1,,,26704,
2026-03-29 14:19:14,2026-03-29 14:58:16,0,217.62.213.64,100,2342,1,2026-03-29 14:58:17,R_2JzmeqlxXQCvYD7,,,,,52.206,4.8677,anonymous,EN,1,1,2883748,1,,18,1,1,,1,,2,3,22,12,7,,21,,16,,5,,85,,,3,,,,,,4,4,5,5,1,5,5,3,2,10.226,48.911,49.801,10,4,4,4,2,3,1,5,2,1,33.078,85.798,87.968,12,4,4,2,1,5,4,2,4,1,5.934,43.803,45.028,14,5,1,2,1,1,5,4,5,2,3.738,41.153,43.379,10,4,3,2,4,5,3,4,2,3,2.364,48.37,49.355,10,2,5,4,2,1,5,2,4,1,4.088,39.369,40.438,10,1,5,4,2,4,4,2,2,4,5.401,48.691,49.031,12,1,6,87,0,3,43,0,2,31,1,4,60,1,5,76,1,5,76,1,5,5,6,4,3,7,2,4,1,2,5,3,7,4,5,6,3,5,1,6,2,3,6,2,6,7,1,3,5,3,2,1,2,1,5,2,6,5,6,6,2,6,5,5,2,2,6,3,6,4,6,7,2,4,2,1,1,5,3,5,4,7,2,2,7,6,3,4,6,7,1,,,26493,
2026-03-29 17:42:16,2026-03-29 18:07:50,0,80.112.190.29,100,1533,1,2026-03-29 18:07:50,R_8akPAmc4lqIE9t9,,,,,52.3179,4.9521,anonymous,EN,1,1,2874955,2,,19,1,1,,1,,2,0,23,,,,,,,,,,,,,,,16,,15,,3,4,2,3,4,5,4,3,2,12.609,55.685,58.718,10,3,2,4,5,4,2,3,5,1,10.858,52.002,53.8,10,2,2,2,2,4,4,3,3,3,10.302,46.711,48.243,10,2,3,5,2,2,2,2,5,3,14.145,56.012,58.412,10,4,3,4,2,4,3,2,3,5,13.655,63.344,65.125,10,3,3,2,4,4,1,2,2,2,11.647,56.051,57.534,11,1,3,4,2,5,3,2,4,4,8.724,63.946,66.784,11,0,2,18,1,4,71,1,6,100,0,3,47,1,6,100,0,3,45,1,7,3,7,7,5,6,2,7,1,2,2,1,7,2,7,7,7,1,2,7,1,2,3,6,3,7,2,2,3,1,6,1,6,6,6,1,7,2,6,7,7,7,2,7,2,1,2,2,7,2,7,7,2,5,2,6,2,2,3,2,5,2,5,7,7,6,1,7,1,1,3,,,26266,
2026-03-30 00:34:08,2026-03-30 01:03:39,0,178.229.126.103,100,1770,1,2026-03-30 01:03:39,R_2BxuswPT19kItaX,,,,,52.2301,5.9478,anonymous,EN,1,1,xah488,2,,18,1,1,,1,,2,1,22,16,21,Receptionist,11,,16,,11,,20,,1,,,,,,,2,2,2,5,1,3,3,3,5,6.098,46.05,46.519,12,2,3,5,2,2,4,2,4,1,6.372,97.636,99.843,12,1,3,4,4,4,4,3,4,3,46.39,342.143,342.868,11,2,2,1,3,4,4,3,5,5,10.016,98.604,99.483,10,3,3,4,4,2,4,4,3,3,132.856,225.772,226.395,11,4,3,3,2,3,4,4,1,1,10.402,46.623,47.675,11,1,4,2,3,4,4,5,3,3,54.58,191.501,192.303,13,0,2,40,1,6,100,0,2,39,1,5,81,0,2,35,0,2,51,3,5,4,3,4,4,2,4,4,5,4,4,5,2,5,3,5,3,3,6,5,3,5,4,3,6,5,4,6,3,2,6,3,5,4,5,6,5,5,4,6,4,3,5,3,5,5,4,3,5,4,3,5,5,2,5,4,4,4,7,3,5,4,3,4,7,2,5,4,3,5,3,,,26483,
2026-03-30 00:34:26,2026-03-30 01:49:19,0,178.231.187.214,100,4492,1,2026-03-30 01:49:19,R_8iDmkU84iaRoqdP,,,,,52.3802,4.9157,anonymous,EN,1,1,unb204,2,,20,1,1,,1,,2,5,22,16,21,Administration/receptionist,11,,16,,11,,20,,1,,,,,,,1,2,3,4,3,2,3,4,4,3.336,32.37,33.237,10,2,4,1,5,1,3,4,2,1,11.583,102.099,109.673,11,2,3,4,4,2,4,3,5,3,57.797,559.945,561.178,12,3,2,4,4,3,4,3,5,5,10.165,90.849,91.452,10,1,2,4,4,1,4,5,4,3,6.689,67.656,68.299,13,4,3,3,5,3,1,4,3,4,15.119,344.209,345.324,14,1,2,3,2,3,4,3,1,3,14.822,104.686,105.429,9,0,3,50,1,5,64,0,2,32,0,2,40,0,2,5,0,1,0,2,4,2,3,4,4,4,4,2,2,6,4,5,3,4,4,2,6,4,2,2,2,2,4,3,3,5,3,2,4,3,4,5,3,4,3,2,6,4,3,2,4,6,4,5,1,4,4,6,1,5,4,2,5,4,5,4,4,2,4,4,2,6,6,4,3,7,2,2,3,4,4,,,26261,
2026-03-30 02:35:29,2026-03-30 03:12:30,0,84.28.102.198,100,2220,1,2026-03-30 03:12:31,R_8wfFhstDyIwctgt,,,,,52.6954,5.2233,anonymous,EN,1,1,blq968,2,,18,1,1,,4,Pedagogische Wetenschappen,2,5,22,8,7,,16,,15,,8,,5,1,,,,,,,,2,4,2,4,3,4,4,3,2,3.514,43.658,44.59,9,2,4,1,4,1,4,5,2,1,3.417,45.367,47.52,10,4,3,2,2,4,5,1,3,1,14.391,54.182,55.721,11,4,4,4,2,4,2,4,5,4,8.49,67.456,68.717,9,1,5,4,5,3,2,3,2,3,5.621,100.007,101.164,11,1,2,2,4,1,2,4,4,1,3.69,48.635,49.791,10,1,1,4,3,2,3,4,1,1,5.651,57.206,58.277,10,1,6,100,1,5,86,0,2,5,1,5,85,0,3,38,0,2,17,1,6,1,6,6,2,7,2,6,2,2,6,3,6,3,4,6,2,5,1,6,2,2,4,7,2,7,2,2,7,1,4,1,4,5,2,1,7,2,7,7,1,5,7,2,7,7,1,2,6,2,7,7,3,5,2,5,1,1,5,6,2,6,2,1,7,1,6,2,7,7,1,,,26759,
2026-03-30 03:44:13,2026-03-30 04:08:18,0,94.211.143.221,100,1445,1,2026-03-30 04:08:19,R_8VwPk9HZn58TuPL,,,,,52.6602,4.7906,anonymous,EN,1,1,2890644,2,,18,1,1,,4,Pedagogical sciences,2,4,22,12,7,,16,,15,,8,,10000,,,,1,,,,,1,4,4,4,4,3,5,4,2,0.976,36.346,37.009,21,4,4,1,4,2,4,4,4,1,0.992,32.626,33.328,17,4,1,2,1,4,4,2,4,2,0.974,29.99,30.733,19,5,4,4,3,2,2,2,5,2,0.964,34.955,35.66,19,2,3,4,4,4,2,4,3,3,1.189,34.188,34.941,17,2,4,4,4,2,2,4,4,4,1.03,35.717,36.718,13,1,1,2,1,2,4,1,1,1,1.629,51.044,51.581,21,1,6,100,1,6,100,1,5,80,1,4,55,1,5,70,0,1,0,1,5,5,7,7,1,7,1,3,3,3,6,3,7,4,5,6,2,6,1,3,1,1,6,3,2,7,3,5,3,6,2,1,1,3,6,2,5,5,7,7,2,5,5,4,3,7,1,3,5,4,7,7,1,6,2,4,2,2,4,6,2,2,2,2,7,3,3,4,7,7,1,,,26779,
2026-03-30 03:55:22,2026-03-30 04:23:22,0,185.19.58.250,100,1680,1,2026-03-30 04:23:22,R_278N0zuyIoMu4WR,,,,,52.3294,4.8739,anonymous,EN,1,2,,1,,24,2,,,,,3,4,22,40,4,,20,,4,,20,,40,,2,,,,,,,4,4,2,4,2,3,3,4,4,18.244,73.105,74.416,9,2,3,2,3,2,4,4,2,1,4.142,58.598,62.605,10,2,3,3,3,4,2,3,2,2,3.097,32.311,32.955,9,2,2,2,2,4,2,2,5,3,4.925,42.07,42.766,13,4,3,3,4,2,2,3,4,3,3.111,70.721,71.058,11,2,3,2,4,2,3,3,2,2,4.017,38.344,39.058,11,2,3,4,3,3,4,4,3,1,7.617,79.411,80.304,11,1,4,60,1,4,61,0,3,40,0,3,45,1,4,60,0,3,40,2,5,2,5,4,3,6,2,6,2,6,6,3,6,3,6,3,3,5,3,5,3,3,3,3,5,5,3,6,3,6,2,6,2,6,6,3,3,6,6,3,3,6,2,6,2,6,6,5,3,5,4,5,4,6,3,6,2,2,5,6,3,5,4,5,3,5,3,5,3,3,3,,,,Sam
2026-03-30 03:44:20,2026-03-30 04:32:31,0,130.37.60.133,100,2890,1,2026-03-30 04:32:31,R_8OrJ5LV1Mtu4uIB,,,,,52.3548,4.9065,anonymous,EN,1,1,Cvb923,1,,19,1,1,,1,,2,5,22,8,16,,15,,13,,11,,1300,,,,1,,,,,4,2,4,3,3,4,2,3,4,5.333,42.094,43.239,22,3,5,4,2,3,4,4,3,1,3.267,45.766,46.78,21,3,2,4,3,4,4,1,2,4,10.151,101.757,102.673,24,2,3,4,4,4,4,3,5,3,3.984,241.525,241.543,19,4,3,4,2,4,4,3,4,4,2.961,222.641,223.188,22,4,4,2,4,2,4,2,4,4,15.445,56.432,56.446,21,1,3,2,4,4,4,2,4,2,50.726,182.912,183.941,25,1,5,67,1,6,87,0,1,24,1,5,82,0,3,29,1,5,81,1,6,6,6,7,1,5,3,5,1,3,4,4,6,5,4,3,5,1,1,4,1,3,4,2,1,7,1,4,5,2,2,1,1,3,6,2,2,6,2,4,6,3,6,3,3,5,3,6,6,2,6,6,3,5,5,2,6,6,1,2,2,6,2,2,7,4,4,4,6,6,1,,,26459,
2026-03-30 04:09:50,2026-03-30 04:32:47,0,130.37.158.124,100,1376,1,2026-03-30 04:32:48,R_2irMUBvwzbAWEpB,,,,,52.352,4.9392,anonymous,EN,1,1,isv694,2,,19,1,1,,1,,2,7,22,15,18,,13,,16,,12,,70,,,3,,,,,,2,5,2,2,3,5,4,4,4,12.348,40.203,41.301,10,2,4,2,4,2,5,4,4,1,4.949,34.892,35.36,10,2,3,2,1,3,4,2,1,4,9.255,45.802,47.131,9,1,4,3,1,4,2,2,5,3,6.063,81.843,82.887,9,1,4,4,4,4,3,4,4,4,3.313,41.808,42.835,11,2,4,4,2,2,1,5,4,4,11.814,39.246,40.237,10,1,2,5,2,2,4,2,2,1,9.058,43.35,44.734,10,1,4,61,1,5,87,0,2,8,1,5,91,1,5,61,0,3,41,1,4,2,6,6,2,7,4,7,2,3,4,3,7,1,5,6,1,4,1,4,2,3,4,4,4,7,2,3,4,4,4,1,3,4,3,3,5,4,5,6,2,4,5,4,6,6,3,4,6,2,4,7,1,4,2,4,2,2,4,3,3,5,2,3,6,4,5,4,5,6,1,,,26597,
2026-03-30 04:02:48,2026-03-30 04:38:37,0,92.109.213.222,100,2149,1,2026-03-30 04:38:37,R_20BJGEx13AEQji8,,,,,52.3889,4.9522,anonymous,EN,1,2,,2,,21,1,3,,1,,2,5,22,20,21,Babysitting and sports administration,9,,13,,1,,10,,2,,,,,,,4,4,4,4,2,4,2,5,3,3.134,44.634,46.029,17,2,5,2,3,1,4,4,3,1,1.888,48.081,48.599,19,2,2,3,2,4,4,2,1,1,3.154,30.718,31.399,15,4,2,3,1,5,2,3,5,4,3.72,33.822,34.514,16,2,2,5,5,4,5,4,3,4,5.588,50.847,53.711,15,3,4,2,4,3,2,5,4,2,4.231,33.203,33.657,15,1,3,4,4,2,3,3,1,2,3.295,67.003,68.499,17,0,3,35,1,6,100,0,1,3,1,4,62,0,2,20,1,5,80,1,3,3,4,4,4,7,1,5,1,4,4,3,7,4,6,4,4,5,3,5,2,4,4,1,4,7,4,5,5,3,4,1,4,4,4,1,6,1,1,1,1,4,4,4,3,2,4,4,4,4,2,7,3,4,3,4,3,1,4,4,4,4,4,4,7,1,1,3,5,6,1,,,,Sam
2026-03-30 03:46:03,2026-03-30 04:41:33,0,145.108.93.170,100,3329,1,2026-03-30 04:41:34,R_2uKXHAZOinQ25ft,,,,,52.3719,4.8829,anonymous,EN,1,1,xgb164,1,,19,1,1,,1,,2,5,22,9,7,,16,,16,,15,,125000,,,,1,,,,,2,4,3,4,2,3,3,4,1,18.664,60.562,61.898,9,2,4,3,2,2,3,2,4,1,9.949,48.112,49.715,11,3,3,2,2,4,4,2,2,2,41.94,80.023,81.271,9,2,3,2,2,5,2,2,5,2,14.452,80.639,82.195,13,3,4,3,4,4,3,4,2,3,6.22,101.456,103.309,10,1,4,3,4,2,4,3,5,2,81.612,132.203,133.61,9,1,2,5,3,2,2,2,2,3,15.336,77.827,79.063,12,0,3,39,1,5,81,0,3,40,1,5,80,0,3,40,1,4,71,2,3,5,5,5,5,6,4,5,3,5,5,6,6,4,5,7,6,3,2,5,3,5,5,2,3,7,2,3,2,4,3,7,2,3,4,5,5,6,6,5,2,7,6,5,6,4,2,5,2,4,5,7,2,4,2,2,1,3,6,5,3,5,4,3,7,5,5,5,3,6,1,,,26207,
2026-03-30 04:18:41,2026-03-30 04:47:21,0,77.63.18.30,100,1720,1,2026-03-30 04:47:22,R_8hPl8niXYTkCtmp,,,,,51.9235,4.4813,anonymous,EN,1,1,jjq183,2,,19,1,1,,4,"Pedagogische Wetenschappen ",2,5,22,15,18,,13,,16,,12,,80,,,3,,,,,,1,5,4,3,2,2,2,3,2,1.591,36.132,36.931,16,4,5,4,4,2,5,4,4,1,4.183,80.295,80.945,22,2,2,4,4,3,4,2,4,2,2.054,40.032,40.323,22,4,4,3,4,1,3,3,5,4,1.075,39.23,40.24,19,1,1,1,3,4,2,2,4,3,3.929,56.107,56.422,22,4,2,3,4,2,3,3,4,4,0.987,27.318,27.683,19,1,1,4,3,4,5,4,2,4,2.21,53.284,54.037,21,0,3,41,1,5,78,0,2,23,0,1,15,1,3,37,0,2,20,7,4,5,3,5,3,1,3,6,5,6,5,4,4,4,3,4,4,1,5,7,7,4,3,4,2,7,7,7,1,4,1,1,1,4,4,4,4,4,4,4,3,4,5,4,7,3,3,4,1,1,3,1,7,2,2,3,5,6,1,1,4,4,4,6,7,4,3,5,1,3,3,,,26778,
2026-03-30 04:33:06,2026-03-30 05:11:14,0,195.240.181.125,100,2287,1,2026-03-30 05:11:14,R_8PuFwIsCYVhmKLT,,,,,52.2829,4.8287,anonymous,EN,1,1,fdj495,2,,20,1,1,,1,,2,5,22,8,21,receptionist in a hotel,2,,16,,11,,50,,,2,,,,,,1,4,3,3,1,4,1,4,3,6.627,81.104,81.946,12,2,4,3,5,1,2,4,2,1,52.25,102.366,106.725,10,3,3,4,2,4,1,1,4,2,4.796,63.096,64.155,10,2,3,3,1,4,2,3,5,4,5.448,59.614,60.7,11,2,2,4,3,3,4,3,4,3,5.812,112.161,113.02,11,4,3,1,3,1,1,4,2,2,430.387,503.92,504.679,11,1,1,5,4,3,3,3,1,5,8.084,173.4,174.893,13,0,3,40,1,6,92,0,2,20,1,5,71,1,4,60,0,2,27,2,5,5,4,4,4,3,3,4,3,5,4,5,5,4,5,3,4,6,4,5,3,3,5,4,4,6,3,4,4,6,5,3,5,4,3,4,5,4,5,4,4,6,5,4,6,3,5,3,3,4,4,4,3,3,3,4,3,5,6,6,3,3,4,3,4,4,3,5,6,6,3,,,26352,
2026-03-30 04:54:06,2026-03-30 05:27:00,0,145.108.86.71,100,1974,1,2026-03-30 05:27:01,R_2hLPKqpMZnjatza,,,,,52.3746,4.8552,anonymous,EN,1,1,"User ID npz505,  student ID 2863561",2,,20,1,1,,4,pedagogical sciences,2,5,22,9,21,cleaning,14,,16,,9,,15,,2,,,,,,,2,2,4,4,1,2,1,3,2,3.973,30.722,31.587,11,4,4,4,5,2,2,5,4,1,4.36,34.165,35.181,10,2,2,3,1,4,3,1,2,4,20.521,106.102,106.919,11,4,4,2,2,4,3,2,5,2,6.869,48.893,49.687,9,2,2,5,4,5,4,3,2,4,3.477,37.222,38.192,10,4,5,3,4,1,2,2,4,4,10.048,91.948,92.616,10,1,4,4,2,4,2,2,3,3,6.277,79.367,80.115,9,0,2,47,1,4,71,0,3,36,1,5,78,0,2,43,0,3,54,1,3,2,6,4,4,4,4,4,4,6,3,4,7,4,4,6,3,4,1,7,3,5,4,4,4,7,3,3,4,2,4,2,2,3,4,3,4,3,6,7,2,4,4,4,4,3,6,4,4,4,6,6,2,5,2,5,3,3,2,4,4,6,2,2,7,4,4,3,6,6,1,,,26832,
2026-03-30 05:30:06,2026-03-30 05:58:20,0,94.213.23.50,100,1694,1,2026-03-30 05:58:21,R_20xfDHaSkpOG66J,,,,,52.8913,4.7448,anonymous,EN,1,1,etz018,2,,20,1,1,,1,,2,4,22,12,18,,13,,15,,11,,30,,2,,,,,,,2,3,2,4,3,3,2,4,4,6.303,40.636,42.236,13,4,5,4,2,2,4,2,4,1,3.542,35.938,37.322,9,2,2,2,2,4,4,2,3,2,5.073,31.08,31.769,9,2,3,4,3,4,2,3,5,2,6.12,50.963,52.001,9,1,3,4,4,4,2,2,4,3,3.273,36.692,37.683,10,2,3,4,4,2,4,2,4,3,4.251,38.184,39.361,11,1,2,2,2,2,4,2,2,1,5.952,41.875,42.709,10,1,4,80,1,6,100,1,4,75,0,3,40,0,3,45,0,2,15,1,4,7,5,7,2,7,4,5,3,5,5,7,7,3,4,4,3,6,4,7,1,4,5,5,4,7,2,6,5,2,3,1,4,3,2,2,5,5,5,5,2,4,4,4,2,4,2,5,5,4,5,7,2,4,1,1,1,3,7,6,4,6,3,5,6,3,4,4,4,4,1,,,26628,
2026-03-30 05:34:18,2026-03-30 06:06:21,0,145.108.86.43,100,1922,1,2026-03-30 06:06:21,R_8Vu1FXLkYQqD5Dz,,,,,52.3746,4.8552,anonymous,EN,1,1,2883990,2,,19,1,1,,4,Pedagogische wetenschappen,2,5,22,10,19,,13,,19,,11,,100,,,1,,,,,,4,5,3,5,2,5,2,3,2,9.067,51.17,52.402,9,3,4,1,3,2,3,4,3,1,13.186,47.666,49.347,10,2,3,2,3,5,2,2,3,1,4.742,50.556,51.358,11,2,2,2,1,2,2,3,5,5,7.795,55.202,57.619,10,3,1,2,4,3,3,4,4,3,3.413,55.555,56.468,11,2,3,2,4,2,2,2,3,2,5.322,69.071,70.126,11,1,4,4,2,3,3,3,2,1,8.54,61.195,62.336,11,0,2,15,1,5,86,0,2,27,1,4,59,1,4,65,1,4,53,1,5,4,5,6,4,7,3,5,3,4,6,4,6,6,6,5,3,5,2,6,3,5,4,5,2,7,4,5,7,2,3,1,2,4,3,6,5,4,7,7,3,4,5,5,2,6,3,4,5,4,7,7,2,2,2,2,3,1,4,6,3,5,3,4,7,4,4,4,6,7,2,,,26791,
2026-03-30 06:34:51,2026-03-30 07:08:43,0,95.99.79.116,100,2032,1,2026-03-30 07:08:44,R_2zpY6Tth9q4i04N,,,,,52.6531,5.0939,anonymous,EN,1,1,qke423,2,,19,1,1,,1,,2,5,22,12,7,,16,,7,,5,,200,,,2,,,,,,1,5,5,3,4,3,3,4,4,11.012,183.318,184.268,14,4,5,3,5,1,5,2,2,1,13.549,57.94,61.285,10,1,1,3,4,3,2,1,3,5,13.301,49.883,50.45,10,1,2,3,4,4,3,1,5,2,6.756,73.029,74.116,13,1,3,4,4,1,1,1,3,3,10.905,43.071,43.963,10,2,1,4,5,1,1,4,2,1,12.705,41.75,42.705,11,1,1,3,1,2,4,3,2,4,32.385,77.512,78.438,10,1,4,57,1,6,97,1,4,72,0,2,31,1,5,77,0,2,16,1,5,7,6,7,2,7,3,6,1,2,6,3,7,6,4,7,1,6,1,7,1,1,6,2,2,6,1,4,6,4,3,1,1,5,6,1,2,2,6,6,2,5,5,4,6,6,3,2,6,3,7,7,1,3,5,5,1,2,5,6,3,6,2,1,7,1,5,2,7,7,1,,,26541,
2026-03-30 07:49:58,2026-03-30 08:17:59,0,145.108.228.253,100,1681,1,2026-03-30 08:18:00,R_8540WQeu5DhEoVP,,,,,52.3294,4.8739,anonymous,EN,1,2,,1,,19,1,2,,1,,2,2,22,4,7,,16,,16,,11,,40,,1,,,,,,,1,4,3,2,2,2,4,4,1,1.637,75.051,75.781,32,2,5,2,5,2,1,2,2,1,2.348,48.765,49.773,23,2,2,2,2,3,1,1,5,2,1.56,54.293,54.908,24,3,4,2,3,1,1,4,5,2,4.774,70.555,71.71,25,1,4,4,4,4,3,4,1,4,2.589,51.605,53.104,21,2,3,2,4,2,1,3,5,4,6.699,79.778,80.574,22,1,1,4,1,1,1,4,2,2,2.423,108.685,109.378,33,1,5,70,1,4,65,0,2,21,1,5,80,0,3,33,0,1,0,1,7,2,7,6,1,6,4,7,4,6,5,6,7,6,6,5,3,2,1,3,1,4,5,5,4,7,2,5,6,5,3,6,2,3,5,2,6,6,7,7,2,7,1,4,1,5,3,6,6,6,7,7,1,2,4,1,1,1,6,2,4,7,3,1,7,6,7,6,7,7,1,,,,Merve
2026-03-30 07:59:35,2026-03-30 08:33:55,0,86.86.43.149,100,2060,1,2026-03-30 08:33:55,R_2I5fORfvU88MPNC,,,,,52.6358,5.035,anonymous,EN,1,1,nyj995,2,,18,1,1,,1,,2,5,22,12,18,,13,,12,,5,,20,,1,,,,,,,2,4,4,4,2,2,3,4,1,5.934,46.751,47.969,13,3,4,3,4,2,4,3,2,1,4.973,46.401,48.129,12,3,3,2,1,4,2,1,3,2,5.064,39.641,40.898,12,1,3,2,2,3,2,3,5,3,5.155,160.9,161.797,12,2,3,4,4,4,2,4,3,4,19.459,85.944,86.786,11,2,2,4,5,3,2,5,3,2,4.653,55.13,55.726,13,1,4,4,3,2,4,4,1,2,4.555,47.062,49.835,14,1,4,67,1,4,66,1,5,74,0,3,29,1,4,66,0,2,11,1,5,3,6,6,3,7,4,6,2,4,4,5,7,2,4,4,4,6,2,2,1,6,5,3,4,2,1,6,6,3,4,1,4,4,4,4,5,4,5,4,2,5,4,4,7,5,3,4,5,4,4,7,2,1,3,4,1,1,4,3,4,5,4,6,7,4,5,4,5,7,1,,,26487,
2026-03-30 08:44:34,2026-03-30 09:36:08,0,82.217.46.215,100,3093,1,2026-03-30 09:36:08,R_2YLHv1wMqnyVDSI,,,,,52.3615,4.6419,anonymous,EN,1,1,bfo358,2,,19,1,1,,1,,2,4,22,5,21,supermarkt,16,,16,,5,,10000,,,,2,,,,,3,3,2,3,2,3,1,3,2,32.243,110.287,111.151,12,2,5,4,3,1,4,4,4,1,88.333,201.326,202.738,10,2,3,2,3,4,4,2,3,2,4.24,106.354,107.371,10,4,3,3,2,3,3,3,5,3,5.349,47.356,48.198,13,1,3,3,4,2,3,3,4,3,6.597,43.201,44.346,9,2,3,3,4,2,4,4,2,4,4.866,47.542,48.319,10,1,2,4,4,2,3,3,2,4,9.189,87.699,89.351,10,0,3,40,1,4,60,0,2,30,1,5,71,0,3,38,0,3,44,1,4,2,5,6,3,5,4,5,3,3,5,3,7,3,3,6,2,4,2,5,3,2,4,6,4,7,2,3,6,3,2,1,2,5,3,2,2,2,6,6,2,5,3,3,3,5,4,3,3,2,3,7,3,6,3,6,2,2,6,3,4,4,4,3,7,3,4,3,4,5,1,,,26604,
2026-03-30 09:05:45,2026-03-30 09:48:10,0,143.177.228.253,100,2544,1,2026-03-30 09:48:11,R_8urBoGDkPi72BGj,,,,,52.5969,4.7083,anonymous,EN,1,1,olv417,2,,19,1,1,,1,,2,3,22,12,7,,16,,16,,24,"Professional, scientific, and technical occupations",125000,,,,2,,,,,2,4,2,4,3,2,2,5,4,6.548,43.213,44.697,9,2,4,5,4,1,4,4,2,1,7.303,58.495,62.832,12,2,2,2,1,4,3,3,4,3,21.705,60.747,61.545,10,3,2,2,2,2,2,4,4,3,7.01,53.661,54.517,10,2,2,2,4,4,4,5,4,3,12.892,88.751,89.624,11,2,3,4,2,2,2,5,2,2,5.496,51.613,52.453,12,1,4,2,3,1,2,2,4,2,6.137,65.837,66.773,12,0,3,30,1,4,60,0,3,40,0,2,30,0,2,20,0,2,30,2,5,5,3,6,3,6,4,6,3,4,4,2,6,4,2,6,4,5,1,6,2,2,6,2,5,6,2,3,5,4,4,4,2,4,4,2,6,2,6,6,2,5,3,6,5,4,5,6,4,4,5,7,2,5,3,5,3,2,4,5,3,6,2,5,6,3,4,6,3,5,1,,,26434,
2026-03-30 09:08:29,2026-03-30 09:51:36,0,84.28.99.37,100,2587,1,2026-03-30 09:51:37,R_2Mu7lN0dk9QN5Jl,,,,,52.7158,5.741,anonymous,EN,1,2,,1,,26,1,3,,1,,3,8,22,16,8,,24,webshop warehouse logistics occupation,16,,11,,200,,,1,,,,,,3,2,5,3,4,3,5,4,2,66.806,114.87,116.617,11,5,2,1,4,3,2,4,3,1,62.587,106.824,108.327,11,3,2,3,1,3,1,2,4,2,15.649,78.054,79.601,12,4,2,3,2,3,2,4,5,3,8.888,65.475,66.516,12,3,2,4,3,4,3,4,3,4,6.678,63.566,64.458,11,1,5,2,2,3,2,2,4,3,22.503,65.778,66.877,12,1,3,2,1,3,3,2,2,1,33.181,76.753,79.75,13,1,4,80,1,5,87,1,4,66,1,4,76,1,5,77,0,3,29,1,4,4,4,4,4,7,4,6,4,6,4,6,6,5,5,3,4,5,1,2,2,5,4,3,4,6,5,5,5,4,1,1,4,1,4,5,6,5,6,5,3,4,6,4,6,5,4,4,3,4,3,4,4,2,3,3,3,1,6,5,3,6,3,4,7,4,4,4,4,7,1,,,,Sam
2026-03-30 09:28:27,2026-03-30 10:18:09,0,188.90.189.159,100,2982,1,2026-03-30 10:18:10,R_2v1WarbjuaxkBIB,,,,,52.6531,5.0939,anonymous,EN,1,1,psu249,2,,19,1,1,,1,,2,4,22,6,7,,16,,16,,5,,50,,,1,,,,,,3,4,2,2,3,4,2,4,2,6.543,236.941,238.341,11,3,5,2,3,2,2,4,3,1,6.441,108.49,113.578,12,3,3,2,2,3,2,1,3,2,15.677,100.553,101.867,13,3,4,3,3,3,2,3,5,3,2.995,216.451,218.166,12,2,3,3,4,3,3,4,3,4,4.198,77.319,78.366,13,2,4,4,4,2,4,4,4,4,3.577,44.209,45.446,11,1,2,3,2,2,3,2,3,3,6.132,266.079,267.092,11,1,5,60,1,6,85,0,3,45,1,4,55,0,3,40,1,4,52,1,5,3,5,5,2,6,3,5,3,4,5,3,7,4,4,5,3,5,1,5,2,4,4,3,4,7,3,4,4,3,2,2,3,4,3,4,5,4,7,7,2,6,4,5,1,1,4,4,4,4,6,7,1,6,1,5,1,6,3,3,4,4,2,3,7,4,4,4,7,7,1,,,26432,
2026-03-30 08:57:19,2026-03-30 10:34:00,0,62.195.60.227,100,5801,1,2026-03-30 10:34:01,R_8Rqu94Wz1BUvfzP,,,,,52.3927,4.8235,anonymous,EN,1,1,2875758,2,,22,1,1,,1,,2,5,22,10,6,,16,,16,,10,,25,,2,,,,,,,2,3,2,4,3,2,4,4,4,5.151,33.115,33.827,12,1,4,3,4,2,3,5,4,1,5.928,53.241,54.137,11,2,2,3,2,5,5,4,4,4,104.815,221.772,222.601,13,2,2,4,2,3,3,3,5,4,8.515,43.757,44.524,13,1,2,3,4,1,4,2,5,4,18.432,53.413,54.19,12,2,4,2,3,3,2,3,2,3,30.938,72.584,73.578,11,1,3,2,2,2,3,4,1,4,13.869,63.896,65.059,13,0,2,20,1,6,96,0,2,3,0,3,43,0,3,31,0,2,19,1,4,2,5,5,5,7,3,3,3,3,6,4,7,4,5,3,6,4,1,3,1,4,4,4,4,7,5,4,5,3,1,1,1,4,4,4,5,4,7,5,5,3,6,3,5,5,1,4,4,4,4,7,4,4,4,4,4,1,4,4,4,4,3,3,7,3,3,4,4,5,1,,,26277,
2026-03-30 11:40:17,2026-03-30 12:05:29,0,80.112.181.176,100,1512,1,2026-03-30 12:05:30,R_85MkCoIUnO2LPDA,,,,,52.3179,4.9521,anonymous,EN,1,2,,2,,24,2,,,,,4,0,22,20,7,,16,,16,,5,,125000,,,,1,,,,,1,3,1,3,3,2,4,5,4,4.801,46.755,49.839,27,4,5,2,5,1,5,2,2,1,1.995,50.018,52.14,32,1,2,2,3,3,4,2,5,4,1.753,47.996,49.596,28,1,4,4,4,1,2,4,5,2,1.533,46.544,47.556,26,1,5,5,4,4,2,4,4,3,1.529,46.552,48.763,28,3,3,5,5,2,1,5,3,4,28.654,64.982,65.752,25,1,2,4,1,1,3,3,3,1,3.751,48.014,48.825,27,1,5,80,1,6,100,1,6,100,1,5,65,0,2,20,1,4,70,1,4,2,4,6,3,7,3,5,4,4,5,2,5,3,5,7,3,4,2,4,2,6,3,3,5,7,4,5,3,4,4,1,1,4,5,4,6,5,6,5,3,5,4,4,5,7,1,3,3,4,5,7,3,2,2,4,4,1,4,4,3,5,2,1,1,4,2,4,3,7,1,,,,Merve
2026-03-30 12:35:55,2026-03-30 13:06:27,0,62.166.219.154,100,1832,1,2026-03-30 13:06:28,R_8TaP4Zgxm56yVFf,,,,,52.297,4.6999,anonymous,EN,1,1,not sure if this is correct but: ttd689 or student number: 2879019,2,,18,1,1,,1,,2,1,23,,,,,,,,,,,,,,,12,,10,,2,4,3,5,1,4,5,4,1,5.496,45.797,46.555,10,2,4,1,5,1,4,3,1,1,5.998,44.466,47.013,9,2,3,1,1,4,5,1,5,2,5.481,65.847,67.049,9,4,4,1,2,1,3,4,5,3,5.899,72.671,76.11,10,4,2,5,5,4,3,5,4,5,6.638,62.317,63.082,9,2,4,5,2,1,2,2,4,3,5.6,172.853,173.482,16,1,5,2,2,3,4,1,2,1,1.116,82.302,83.076,18,1,4,67,1,6,100,0,2,20,1,4,59,0,2,30,0,1,0,1,5,7,6,4,4,7,2,7,2,3,6,4,7,5,5,3,4,4,1,4,2,1,6,5,4,7,2,2,7,3,3,1,1,4,5,6,1,3,3,5,5,2,6,6,6,7,1,4,3,2,3,7,1,4,2,1,2,1,5,7,1,2,1,1,7,2,3,7,5,6,1,,,26339,
2026-03-30 15:04:10,2026-03-30 15:21:04,0,178.226.208.150,100,1013,1,2026-03-30 15:21:05,R_8siXIfhHKtrPY6y,,,,,52.0565,4.328,anonymous,EN,1,2,,2,,22,1,2,,1,,2,1,23,,,,,,,,,,,,,,,16,,5,,2,4,3,4,4,2,4,5,3,5.836,41.264,42.285,17,2,4,4,4,2,4,3,3,1,2.214,46.894,49.534,16,2,1,2,2,3,4,2,5,4,4.953,62.532,63.322,21,3,5,3,2,3,3,3,5,3,29.936,60.314,60.901,18,2,3,4,4,4,3,5,5,4,12.727,46.967,47.954,20,1,4,4,2,4,4,4,3,4,37.273,77.822,78.7,20,1,4,3,2,2,1,3,3,3,2.367,33.189,33.861,18,1,4,77,1,5,72,1,4,75,0,3,34,0,3,25,0,2,19,2,2,5,4,3,2,6,5,5,5,4,5,2,5,7,5,3,5,3,5,6,2,6,2,3,3,5,5,5,5,1,1,2,2,2,1,5,2,7,3,2,2,2,2,2,2,3,7,4,3,4,6,5,7,3,1,3,4,6,5,6,2,3,2,5,7,1,1,1,1,1,1,,,,Merve
2026-03-30 15:43:30,2026-03-30 16:04:43,0,86.94.163.147,100,1272,1,2026-03-30 16:04:44,R_8JKM3UYxw0G5TUm,,,,,52.3744,4.9388,anonymous,EN,1,1,kcr248,1,,20,1,1,,1,,2,5,22,6,21,bar,13,,6,,16,,9,1,,,,,,,,2,3,3,4,2,2,4,3,4,13.267,35.219,36.318,9,2,3,4,2,3,3,4,3,1,4.334,23.54,36.733,10,2,3,3,2,4,2,3,4,3,7.444,26.915,27.966,9,3,2,2,3,3,2,2,5,3,11.978,55.362,56.209,10,2,3,2,2,3,3,2,3,4,4.004,33.124,34.436,9,2,3,2,4,2,3,2,2,2,3.849,30.826,32.22,9,1,4,3,3,4,2,3,2,2,11.621,31.937,32.939,9,0,2,19,1,4,72,0,2,27,0,3,26,1,5,71,0,2,29,3,6,4,4,2,5,2,5,3,3,3,6,2,5,3,4,3,6,2,3,6,4,4,5,2,5,3,4,3,3,2,6,2,4,2,5,2,7,4,4,2,5,2,4,3,6,6,3,2,6,6,4,2,6,2,2,6,4,4,4,2,2,5,5,4,7,3,3,4,4,6,4,,,26228,
2026-03-31 01:04:02,2026-03-31 02:02:43,0,130.37.200.253,100,3520,1,2026-03-31 02:02:43,R_2lK9fJSBjr5Q3Ed,,,,,52.364,4.8913,anonymous,EN,1,1,axv623,2,,19,1,1,,1,,2,5,22,18,18,,13,,16,,6,,35,,2,,,,,,,4,2,3,4,3,4,1,3,2,6.84,61.622,63.335,9,3,5,1,1,2,2,3,4,1,4.852,53.985,58.313,10,4,3,2,3,3,2,2,1,2,134.444,174.476,175.738,12,3,3,4,1,5,2,3,5,2,9.196,54.347,56.339,11,1,5,2,4,3,3,2,1,3,5.306,57.924,58.899,12,2,3,4,3,1,5,5,3,1,20.94,78.706,80.75,14,1,3,4,4,2,3,2,1,1,25.903,78.569,81.629,9,1,5,72,1,5,83,0,3,47,1,5,68,1,4,52,1,4,57,1,5,5,6,5,4,6,3,6,3,4,4,3,7,3,5,4,4,6,3,5,1,2,3,2,5,6,4,5,5,5,3,4,3,3,4,4,5,4,4,5,3,6,2,2,2,2,3,4,5,4,4,7,3,5,3,4,3,3,4,3,4,4,4,5,7,3,4,3,4,6,1,,,26511,
2026-03-31 02:01:21,2026-03-31 03:29:59,0,130.37.200.190,100,5318,1,2026-03-31 03:30:00,R_2IaJOTtHHP6AtkB,,,,,52.364,4.8913,anonymous,EN,1,1,hpt059,2,,20,1,1,,1,,2,8,22,16,21,callcenter,16,,16,,10,,60,,,1,,,,,,5,5,2,3,1,2,1,5,4,4.808,158.534,159.262,11,2,4,3,2,3,4,5,5,1,2.836,62.053,63.349,11,2,3,4,4,3,2,2,1,2,4.632,47.374,48.047,13,3,3,2,3,3,2,3,5,3,37.007,65.38,66.66,14,2,2,3,5,3,3,2,5,3,2.541,30.421,31.573,14,3,2,3,4,3,4,5,3,3,15.152,39.48,40.156,13,1,4,3,2,4,4,3,1,3,3.653,40.971,42.453,11,0,1,0,1,5,90,0,2,20,0,3,17,1,6,92,0,3,38,6,5,4,2,1,4,7,4,3,4,4,5,6,7,4,5,7,1,6,1,6,1,3,4,6,3,7,2,3,3,1,3,3,2,4,5,3,4,3,7,7,2,6,3,6,6,2,5,7,4,3,6,7,1,5,4,5,1,1,6,7,6,7,5,1,7,5,5,4,3,7,1,,,26402,
2026-03-31 02:43:14,2026-03-31 04:34:52,0,84.105.233.147,100,6697,1,2026-03-31 04:34:53,R_2kOehPtORib8xVa,,,,,52.6531,5.0939,anonymous,EN,1,1,zks094,2,,19,1,1,,4,Pedagogical Sciences,2,2,22,10,7,,21,,21,Pedagogical industry (care and welfare?),24,orthopedagogue,150,,,1,,,,,,3,3,4,3,3,2,2,4,1,6.546,663.444,664.35,15,5,2,3,5,3,3,3,4,1,7.935,64.978,65.828,15,3,3,2,1,5,4,3,2,2,12.387,60.483,64.043,12,4,3,2,2,3,1,2,5,3,8.163,59.353,60.559,10,3,3,4,4,4,3,3,3,3,5.318,47.089,48.039,11,2,5,3,4,2,2,3,5,4,5.636,38.699,39.76,10,1,2,3,3,2,1,3,1,2,4.444,56.028,57.047,14,1,5,71,1,6,87,1,4,63,1,5,72,1,4,67,0,2,35,2,3,3,5,4,3,6,4,5,5,4,4,3,6,4,5,4,5,4,4,4,2,3,5,3,4,5,5,4,4,4,4,3,3,3,4,4,4,4,3,4,4,2,5,4,7,4,2,5,5,4,6,3,3,5,4,4,3,3,4,4,4,5,1,2,7,5,4,4,5,5,2,,,26756,
2026-03-26 03:58:07,2026-03-31 05:08:01,0,94.190.207.9,100,436194,1,2026-03-31 05:08:01,R_2MY61eV6zGvtvZY,,,,,51.9235,4.4813,anonymous,EN,1,1,hqw876,1,,18,1,1,,4,pedagogy,2,6,22,15,1,,14,,15,,8,,10,,1,,,,,,,4,2,2,5,2,4,4,4,4,6.929,50.543,51.33,10,2,2,2,2,3,3,4,2,1,8.776,41.33,42.567,11,4,2,2,2,4,1,3,1,2,38.849,75.894,77.372,11,2,2,2,3,4,1,2,5,2,145.791,209.571,215.626,9,4,2,4,5,2,4,4,2,4,30.573,290.731,291.607,10,2,2,2,3,1,5,2,4,2,3.434,185.997,187.168,9,1,4,4,4,4,1,4,3,1,29.66,143.943,144.831,9,0,2,34,0,3,39,0,2,20,0,2,28,1,5,75,1,5,80,1,7,4,7,7,1,7,2,4,2,5,7,1,7,6,5,6,7,6,1,2,2,2,2,2,6,6,6,6,6,4,2,1,5,2,3,6,2,2,3,3,5,6,2,6,2,2,2,2,6,6,6,6,5,5,2,3,2,1,4,4,6,6,2,7,7,2,6,4,7,6,2,,,26813,
2026-03-31 02:48:04,2026-03-31 06:20:06,0,145.108.79.136,100,12722,1,2026-03-31 06:20:07,R_2pXxjwvBECGia6B,,,,,52.3802,4.9157,anonymous,EN,1,1,Crs515,2,,19,1,1,,1,,2,3,22,20,8,,17,,16,,10,,12,,2,,,,,,,2,2,3,3,4,4,3,4,2,8.027,281.825,283.872,25,4,4,2,4,2,2,3,2,1,1.27,605.009,606.158,25,3,2,2,1,4,5,1,1,5,20.086,268.538,269.03,21,4,4,5,3,4,2,3,5,2,5.243,98.661,99.252,18,2,4,3,4,4,2,5,1,2,3.892,101.524,101.9,20,3,5,5,4,1,4,2,4,2,3.004,86.077,86.686,17,1,3,4,4,2,1,2,3,1,1.163,73.264,73.818,25,1,4,60,1,5,80,1,5,75,1,5,75,1,4,65,1,4,65,1,4,2,3,6,3,7,4,5,3,5,2,5,2,3,1,2,4,6,1,4,1,4,3,2,3,7,3,5,2,3,4,1,3,4,5,3,6,6,6,7,2,5,5,4,5,5,2,3,3,4,5,7,1,6,1,4,2,1,5,4,2,4,3,3,7,3,5,5,5,4,1,,,26236,
2026-03-31 07:05:08,2026-03-31 07:17:56,0,83.82.50.244,100,767,1,2026-03-31 07:17:56,R_8Qh7AwWi5BMjHkD,,,,,52.0953,4.3191,anonymous,EN,1,1,qcz126,2,,19,1,1,,1,,2,4,22,19,21,Cashier,16,,18,,10,,5000,,,,5,,,,,3,3,5,4,4,3,4,3,2,0.736,13.066,13.568,16,5,4,4,4,4,2,3,3,1,1.983,39.406,40.739,24,3,2,3,4,2,1,3,4,4,3.506,24.89,25.375,22,5,2,4,3,2,4,3,4,2,0.772,14.169,14.702,21,4,5,4,4,3,4,4,4,3,3.394,28.204,28.223,26,4,4,2,4,4,2,2,3,2,1.59,18.013,18.632,19,1,3,4,2,3,2,3,2,2,2.326,37.686,39.051,27,1,4,56,0,2,18,1,5,76,0,2,17,1,4,74,0,1,15,3,4,4,4,1,6,5,6,2,6,6,4,3,3,5,3,5,5,2,5,6,2,5,7,6,5,5,4,6,7,7,7,7,7,7,7,4,4,4,5,5,4,6,4,4,2,3,6,5,7,5,4,7,7,7,7,7,7,7,7,5,6,4,2,5,2,5,5,4,1,5,4,,,26307,
2026-03-31 07:15:41,2026-03-31 07:48:13,0,188.89.250.93,100,1951,1,2026-03-31 07:48:13,R_2Vbn0BtJbDgHBcd,,,,,52.3125,4.6445,anonymous,EN,1,1,2883605,2,,19,1,1,,1,,2,4,22,18,18,,6,,6,,6,,300,,,,2,,,,,4,4,4,4,2,2,2,2,2,11.595,59.696,60.757,10,4,4,2,2,2,2,4,4,1,11.256,52.275,55.034,11,2,2,3,1,4,3,2,4,3,7.244,49.604,50.505,11,3,2,4,4,4,4,3,5,2,7.643,46.482,47.405,11,2,2,2,4,4,4,3,3,4,4.383,44.325,45.595,9,2,4,2,3,2,4,2,5,3,6.725,52.013,53.277,10,1,2,2,4,3,2,2,2,2,6.442,55.573,56.786,10,1,5,71,1,6,86,0,3,42,1,4,68,1,6,86,1,4,60,1,7,2,6,7,2,6,2,6,1,2,6,3,7,5,4,2,4,6,1,6,1,2,6,2,4,6,3,3,4,6,2,1,3,2,5,2,6,2,7,6,2,6,2,5,2,3,5,2,6,2,6,7,1,6,1,6,1,1,6,6,2,7,2,1,7,6,2,6,2,2,3,,,26488,
2026-03-31 07:19:41,2026-03-31 07:50:15,0,86.94.96.193,100,1833,1,2026-03-31 07:50:16,R_8rTjQ2A1hi6Bj2h,,,,,52.6682,4.7649,anonymous,EN,1,1,rlh486,2,,18,1,1,,4,Pedagogische wetenschappen,2,1,22,12,18,,24,selling fruit,18,,24,childcare/ after-school care,4,,,,,,,,,5,5,3,4,5,2,2,5,5,4.844,60.935,61.413,22,2,4,5,1,2,1,4,4,1,2.55,35.719,36.848,18,2,3,1,4,5,5,3,1,1,2.386,29.906,30.873,17,2,1,1,2,4,2,4,4,5,52.88,107.506,108.014,20,2,2,2,5,5,5,5,4,3,8.33,40.22,40.802,17,1,4,1,5,4,4,5,2,1,2.67,34.589,35.809,17,1,1,2,1,3,2,4,2,2,4.002,45.448,46.1,15,0,1,5,1,6,100,0,1,3,1,5,83,1,6,100,0,3,44,1,5,2,2,6,5,7,3,5,1,1,3,5,7,5,4,4,4,6,1,4,1,1,4,6,4,6,2,3,6,4,4,2,2,1,5,4,5,4,6,5,5,6,5,5,5,5,6,4,5,5,3,6,6,5,5,6,3,4,5,5,4,6,2,2,5,6,4,6,3,3,1,,,26734,
2026-03-31 07:04:36,2026-03-31 08:16:19,0,109.38.158.147,100,4302,1,2026-03-31 08:16:20,R_2R2UvyB7Y7y1E60,,,,,52.3801,4.7965,anonymous,EN,1,1,arb638,2,,19,1,1,,1,,2,1,22,4,15,,8,,16,,10,,30,,2,,,,,,,5,4,4,4,1,2,3,5,3,6.773,52.255,53.44,11,1,4,2,1,4,4,5,4,1,4.779,72.079,72.957,9,5,1,2,3,5,4,1,4,1,5.752,62.283,63.227,14,5,4,2,1,5,4,4,5,4,6.773,63.728,66.585,9,4,5,5,5,5,5,4,2,3,5.954,54.096,55.442,14,4,3,1,2,1,5,2,2,2,3.788,64.966,65.867,12,1,5,5,2,4,1,5,4,1,7.173,51.268,52.18,10,1,5,94,1,4,60,0,1,0,0,2,30,1,6,95,1,5,92,1,2,3,7,7,2,7,1,5,1,3,4,5,7,5,1,7,1,7,1,7,1,5,1,1,3,2,6,7,1,6,1,6,1,2,4,7,1,7,1,7,2,6,5,3,3,3,2,4,1,4,2,7,1,4,1,3,1,1,5,7,1,5,2,2,7,7,1,4,2,2,1,,,26548,
2026-03-31 01:05:49,2026-03-31 08:42:36,0,212.127.194.66,100,27407,1,2026-03-31 08:42:37,R_2pRMCYndvAgrPb3,,,,,52.3675,4.5304,anonymous,EN,1,1,nkg815,2,,18,1,1,,4,universitaire pabo,2,3,22,6,7,,16,,16,,6,,10000,,,,2,,,,,2,4,4,4,3,2,4,4,4,4.195,42.525,43.349,10,2,5,2,5,1,4,5,4,1,3.694,37.315,40.293,9,3,1,3,2,3,5,1,4,3,4.205,46.49,47.697,12,3,4,3,3,4,2,4,5,2,7.342,68.716,69.976,10,1,4,5,4,2,2,2,2,4,5.226,50.106,53.038,9,2,4,3,5,2,2,4,3,4,6.322,45.093,48.765,9,1,2,4,1,3,4,4,1,1,6.065,51.601,52.882,10,1,5,76,1,5,74,0,1,7,1,5,74,0,3,35,0,1,10,1,3,1,6,7,2,7,2,7,1,4,7,2,7,2,5,6,2,5,2,6,2,5,5,1,3,7,2,6,2,3,2,1,3,6,7,2,6,2,6,7,1,5,3,5,2,5,7,2,3,2,7,7,2,3,3,5,2,1,6,6,1,6,1,2,7,4,2,2,2,7,1,,,26817,
2026-03-31 09:03:00,2026-03-31 09:34:46,0,77.173.202.75,100,1906,1,2026-03-31 09:34:47,R_2CdAjnQee5aw4u9,,,,,52.0101,4.7433,anonymous,EN,1,1,xob756,2,,19,1,1,,4,Pedagogical Sciences,2,2,23,,,,,,,,,,,,,,,16,,10,,2,4,4,4,2,3,4,4,2,8.568,43,43.725,10,2,4,4,4,3,2,4,2,2,3.289,49.189,51.83,10,4,2,2,1,4,4,1,4,1,4.48,41.813,42.701,11,4,4,3,3,2,2,2,5,4,5.439,86.12,87.295,12,2,2,3,4,4,2,4,3,4,9.643,43.243,44.516,11,2,4,3,4,2,4,4,4,4,3.519,37.086,37.977,9,1,4,2,3,2,2,4,2,3,4.847,48.496,50.42,9,0,3,42,1,5,75,0,2,18,1,4,58,0,2,23,1,5,74,2,3,4,4,3,4,6,3,5,3,3,5,4,5,3,4,5,4,6,2,3,3,3,5,6,2,6,2,2,5,5,4,1,2,3,5,3,4,4,5,5,4,2,6,2,6,6,2,2,5,4,4,6,3,3,4,5,3,3,5,5,3,5,3,2,5,3,4,6,6,6,3,,,26831,
2026-03-31 09:25:03,2026-03-31 09:39:59,0,1.174.112.159,100,895,1,2026-03-31 09:39:59,R_9QhWTyn6O2PpPel,,,,,22.6148,120.3139,anonymous,EN,1,2,,2,,22,1,4,,4,marketing,4,0,23,,,,,,,,,,,,,,,13,,16,,1,4,2,4,4,3,4,5,2,3.754,39.72,40.459,10,2,5,3,4,2,1,4,4,1,3.776,34.231,34.967,11,3,2,3,3,5,4,1,5,3,4.478,29.928,30.535,9,4,1,4,3,3,2,4,5,3,6.858,35.275,36.664,10,2,4,4,3,5,3,2,2,4,3.58,34.598,35.418,10,2,4,2,5,1,1,2,4,1,3.956,32.657,33.332,10,1,1,4,2,3,2,3,1,1,2.846,29.731,30.337,10,1,5,79,1,6,92,0,1,0,1,5,72,1,5,80,0,2,19,7,1,4,2,2,6,7,1,7,1,1,7,2,6,2,6,6,2,7,2,6,2,2,7,6,2,6,2,2,7,6,2,6,2,2,7,2,6,3,6,6,2,6,2,6,1,2,5,2,6,2,6,6,2,4,2,5,2,1,6,6,2,6,1,1,7,4,6,3,6,6,1,,,,Sam
2026-03-31 09:18:48,2026-03-31 09:44:08,0,84.83.9.140,100,1519,1,2026-03-31 09:44:08,R_8plshvFgQBLfuxj,,,,,52.3801,4.7965,anonymous,EN,1,1,pgc247,2,,20,1,1,,1,,2,4,23,,,,,,,,,,,,,,,16,,10,,1,5,4,3,3,4,5,4,3,3.964,45.86,46.42,17,2,5,1,5,1,5,2,2,1,3.271,42.367,44.478,13,3,2,3,2,3,5,2,4,2,1.588,40.951,41.693,15,4,4,5,3,2,2,3,5,1,1.613,47.79,48.735,18,1,5,4,5,4,1,5,4,3,2.779,39.826,40.853,13,2,4,4,5,2,2,5,4,4,5.831,39.545,40.101,13,1,1,3,1,2,3,4,1,1,3.659,48.138,48.931,20,1,6,90,1,6,100,1,6,100,1,5,70,1,5,75,0,2,25,6,4,4,7,7,4,1,3,5,1,2,6,6,7,5,5,4,5,1,1,4,1,1,4,5,4,7,4,6,3,3,1,4,1,2,4,2,7,4,7,7,2,7,7,4,6,6,2,6,6,3,5,7,3,1,1,4,1,1,5,2,3,4,3,1,7,7,4,4,5,6,1,,,26479,
2026-03-31 10:42:59,2026-03-31 11:10:30,0,178.228.179.192,100,1650,1,2026-03-31 11:10:31,R_2veP2BBQZFAzF3u,,,,,52.364,4.866,anonymous,EN,1,1,student ID: 2877159 User ID: boe615,2,,22,1,1,,1,,2,5,23,,,,,,,,,,,,,,,16,,10,,1,3,4,4,3,1,4,2,2,8.797,53.391,54.984,10,3,2,5,4,4,2,3,4,1,6.883,50.721,52.134,12,1,2,4,2,4,4,2,4,3,6.057,38.609,40.341,10,2,3,4,2,2,2,3,5,2,7.455,49.222,50.596,12,4,1,4,2,4,3,3,5,4,12.333,50.071,51.34,10,3,4,4,2,2,2,3,4,1,4.249,38.104,39.458,10,1,3,2,1,4,2,2,3,5,5.838,36.397,37.537,9,0,2,9,1,2,88,1,5,67,1,5,70,1,4,60,0,2,29,1,5,4,5,6,4,7,5,6,2,3,4,4,6,4,4,5,3,4,2,4,2,3,4,4,3,7,3,2,6,4,4,1,3,4,4,4,5,4,5,5,3,4,6,4,5,5,4,2,2,4,5,7,2,2,5,4,2,1,7,4,4,4,3,2,7,4,5,4,4,5,4,,,26306,
2026-03-31 09:51:26,2026-03-31 14:12:19,0,92.109.217.55,100,15653,1,2026-03-31 14:12:20,R_2rVm8uikBclLPIQ,,,,,52.4329,4.9129,anonymous,EN,1,2,,1,,58,2,,,,,2,40,22,40,4,,24,logistiek,4,,19,,35,,3,,,,,,,5,4,1,4,2,5,3,2,1,22.897,240.316,241.626,9,2,4,1,1,2,1,2,2,1,39.177,294.208,297.602,9,2,1,2,1,4,2,1,2,1,27.972,271.754,290.336,10,1,2,2,1,4,1,5,5,4,33.947,311.28,313.879,9,4,5,1,5,5,2,4,4,2,25.208,443.821,448.206,9,1,5,2,2,1,4,2,3,1,12.149,246.976,248.72,9,1,4,5,3,2,1,2,2,1,89.524,471.34,473.676,9,1,5,75,1,6,100,0,2,25,1,5,100,0,2,25,1,6,100,1,6,6,6,6,4,4,1,5,1,4,1,2,7,4,7,7,5,2,1,6,1,4,1,6,1,6,1,6,1,7,1,2,1,1,4,1,7,4,7,6,6,7,2,2,1,6,6,1,6,4,6,7,2,4,1,6,1,4,4,6,2,2,4,6,6,4,2,6,2,6,1,,,,Sam
2026-03-31 16:30:24,2026-03-31 16:48:17,0,178.230.71.135,100,1073,1,2026-03-31 16:48:18,R_8XaphiZjtXAU8mZ,,,,,51.9235,4.4813,anonymous,EN,1,1,lec664,2,,19,1,1,,4,"Pedagogische wetenschappen ",2,3,22,25,7,,16,,7,,16,,95,,,2,,,,,,2,4,4,4,2,4,4,4,4,5.096,48.602,49.534,16,2,2,2,2,2,2,4,2,1,3.869,38.229,40.074,15,2,2,4,4,4,4,4,1,2,2.342,48.43,53.01,16,4,2,2,2,3,4,2,5,5,4.208,40.916,42.045,15,4,5,3,4,4,3,4,4,4,6.533,45.356,46.435,19,2,2,4,4,2,1,5,2,2,3.738,45.258,45.963,19,1,4,4,4,5,5,4,2,1,5.396,43.058,45.191,16,0,2,19,0,2,13,0,1,12,0,2,0,0,1,0,1,5,63,1,1,7,6,6,1,3,3,5,5,2,4,1,2,6,2,6,6,2,3,6,3,3,3,2,3,5,5,3,5,3,3,5,5,3,4,3,6,3,4,4,5,2,2,1,2,3,6,1,6,6,6,7,1,3,4,4,5,4,4,2,1,2,4,4,5,3,4,3,3,5,4,,,26847,
2026-03-26 09:27:19,2026-03-31 16:55:16,0,86.86.174.233,100,458876,1,2026-03-31 16:55:17,R_2bQbw9jGuORS0RL,,,,,51.941,5.3059,anonymous,EN,1,1,Zij018,2,,18,1,1,,1,,2,4,22,14,7,,13,,6,,16,,21000,,,,4,,,,,2,2,5,2,2,3,5,4,1,2.12,44.461,45.647,18,3,3,1,4,3,2,3,1,1,3.025,50.024,51.426,17,1,2,4,1,3,5,1,4,2,1.453,157.362,158.546,22,5,4,3,3,3,4,5,5,3,1.844,116.391,117.026,21,2,3,4,3,4,4,5,5,3,1.915,50.854,51.467,23,2,4,4,3,1,2,2,5,2,1.919,45.716,46.566,29,1,3,5,1,4,4,3,2,1,2.887,91.05,92.15,23,1,6,1,1,4,37,0,1,3,1,5,11,0,2,74,0,3,57,2,4,7,5,2,6,3,5,5,5,4,3,3,4,5,6,2,6,7,4,2,2,3,6,4,5,2,4,2,5,2,4,6,3,4,2,3,5,5,2,3,5,4,4,3,4,6,3,1,4,5,6,6,6,2,4,3,6,6,2,2,6,4,5,2,5,6,4,3,2,2,6,,,26369,
2026-04-01 00:04:25,2026-04-01 00:53:57,0,172.225.252.220,100,2971,1,2026-04-01 00:53:57,R_8RmvjPDJPYCLw2E,,,,,52.0758,4.2925,anonymous,EN,1,2,,2,,20,1,3,,1,,2,0,22,15,21,University council,24,"Representing students, advisory and consent right, plenary meetings and consultation meetings",16,,15,,3000,,,,2,,,,,1,3,3,4,4,4,4,3,4,3.984,71.406,72.227,24,2,4,2,4,2,3,4,3,2,3.46,60.312,61.248,19,4,2,2,2,4,3,2,4,4,2.553,112.845,113.782,22,3,2,4,2,4,3,3,4,3,1.213,77.085,77.871,18,3,3,4,4,4,3,3,3,4,1.855,69.622,70.095,20,2,4,4,4,2,3,4,3,3,1.577,48.676,49.495,20,2,3,4,1,3,2,3,2,3,1.482,67.621,68.301,22,0,3,46,1,4,31,0,3,44,1,4,42,0,2,28,1,4,56,2,4,2,6,5,2,6,2,6,2,2,4,2,6,3,6,5,4,5,2,3,2,4,4,4,3,7,3,6,4,2,2,2,2,4,4,3,4,4,6,5,4,6,2,5,2,2,6,4,3,4,4,6,4,4,3,4,4,2,4,2,2,4,3,3,5,3,2,3,3,4,1,,,,Lise
2026-04-01 03:51:21,2026-04-01 04:38:08,0,130.37.208.75,100,2807,1,2026-04-01 04:38:08,R_2cZJEDtAMl0hoew,,,,,52.3746,4.8552,anonymous,EN,1,1,user ID: lpd454,2,,20,1,2,,4,pedagogische wetenschappen,2,3,23,,,,,,,,,,,,,,,16,,6,,2,4,4,4,4,2,3,4,2,17.606,131.178,132.511,9,4,4,2,5,2,2,4,4,1,91.936,167.491,176.537,11,3,2,2,2,4,5,1,4,4,21.986,77.73,80.34,11,4,4,3,2,4,3,4,5,3,14.718,85.06,86.682,9,3,4,4,4,3,4,4,2,3,8.542,83.071,84.798,9,2,4,3,3,1,2,4,4,2,7.468,67.751,69.66,12,1,3,4,2,2,2,2,1,1,8.827,89.649,91.331,11,0,2,41,1,6,95,1,5,73,1,5,66,1,5,82,0,3,50,1,4,6,5,6,2,7,2,6,2,3,5,3,1,2,5,5,4,5,1,5,2,3,6,6,3,7,2,2,5,3,2,1,2,3,5,1,6,6,5,6,2,5,5,5,6,6,3,3,4,3,6,7,2,2,3,3,2,1,5,5,2,6,2,2,7,2,5,4,5,7,1,,,24996,
2026-04-01 06:25:04,2026-04-01 06:56:54,0,130.37.185.21,100,1909,1,2026-04-01 06:56:55,R_2xBuAICzv4Ft3O1,,,,,52.3591,4.793,anonymous,EN,1,1,owz508,2,,20,1,1,,1,,2,6,22,8,7,,24,"Bartender ",21,Mental health care,11,,200,,,1,,,,,,1,4,4,4,3,4,5,5,4,4.862,34.002,34.632,14,2,2,5,5,2,4,2,5,1,3.359,59.136,60.728,17,4,2,2,2,4,4,2,4,2,3.939,31.553,32.317,14,3,4,2,2,2,3,4,5,4,6.531,43.848,44.473,15,2,2,4,4,4,2,2,3,4,4.018,35.75,36.367,15,2,2,4,5,2,2,4,4,1,3.97,47.834,48.678,14,1,1,4,2,4,2,3,2,2,2.512,49.322,50.085,16,1,5,86,0,1,3,0,2,34,0,1,8,0,1,33,0,1,3,1,6,1,7,3,3,6,2,2,2,5,6,2,5,2,6,3,3,7,1,1,1,4,4,3,2,7,2,6,2,5,1,1,5,1,5,1,2,6,1,7,1,1,7,7,7,1,2,4,2,1,2,7,1,5,6,2,5,2,2,6,2,2,1,4,7,3,6,6,2,6,1,,,26238,
2026-03-31 02:15:28,2026-04-01 07:37:59,0,130.37.66.189,100,105751,1,2026-04-01 07:38:00,R_2PBzerCTUELB9NU,,,,,52.3294,4.8739,anonymous,EN,1,1,wqz902,2,,20,1,1,,1,,2,4,22,8,18,,13,,18,,11,,78000,,,,1,,,,,3,4,4,5,2,3,1,4,2,4.082,47.548,48.424,12,2,4,5,2,2,4,5,4,1,4.929,34.812,36.001,12,1,2,2,3,4,5,2,4,2,23.693,83.653,84.843,10,4,3,3,2,4,2,2,5,4,4.403,61.474999999999994,62.762,11,3,3,2,4,4,4,4,2,4,5.066,55.749,56.74,13,2,3,2,5,2,4,2,2,2,9.908,34.858,35.366,10,1,2,2,3,2,3,5,2,4,6.077,39.56,40.485,12,1,5,68,1,6,90,0,2,39,0,3,46,0,2,28,0,3,48,2,3,1,5,6,2,4,2,6,2,6,2,2,3,3,5,7,1,4,3,6,2,6,2,3,6,3,6,6,3,4,2,6,2,6,2,3,4,6,6,3,6,4,2,6,2,6,2,6,1,3,4,2,6,4,2,6,5,6,3,4,2,6,2,1,7,4,4,4,4,6,1,,,26211,
2026-03-31 13:28:22,2026-04-01 12:21:30,0,84.41.135.145,100,82387,1,2026-04-01 12:21:30,R_2PCa7fzlhzoCQNP,,,,,52.4984,5.0677,anonymous,EN,1,1,sql396,2,,19,1,1,,1,,2,6,22,15,21,hospitality,13,,16,,11,,40,,2,,,,,,,2,4,2,4,2,4,1,4,2,11.961,51.581,53.276,9,4,4,2,4,1,4,4,1,1,6.782,45.183,46.963,10,2,4,2,2,4,4,1,2,2,7.238,34.687,35.895,9,4,2,2,2,4,2,2,5,2,21.817,56.897,58.664,10,1,4,2,2,4,2,5,4,2,4.221,40.89,42.749,11,2,4,4,5,2,2,4,4,1,26.385,61.206,62.516,10,1,2,5,1,2,2,1,1,2,5.12,47.477,48.721,10,1,5,69,0,3,41,0,2,27,1,6,88,0,2,8,1,5,71,1,3,4,5,5,3,7,2,5,2,2,3,1,7,2,6,2,6,6,2,6,2,4,3,3,3,5,5,3,5,2,5,4,2,3,3,2,5,4,5,2,3,5,2,5,2,5,5,5,3,4,5,6,2,6,2,6,2,1,6,3,2,5,2,2,7,6,3,4,3,2,2,,,26489,
2026-04-01 13:49:48,2026-04-01 14:05:28,0,82.169.46.35,100,939,1,2026-04-01 14:05:28,R_2iWK6SpvqlpiXpw,,,,,52.4091,4.8896,anonymous,EN,1,2,,2,,24,1,3,,4,Human geography,3,4,22,8,8,,22,,17,,13,,30,,1,,,,,,,4,4,2,4,3,2,2,4,2,6.187,37.369,38.622,9,1,5,1,4,1,3,5,4,1,4.249,29.084,30.392,9,4,2,1,2,4,4,2,4,2,2.974,24.556,25.564,10,3,1,2,2,4,2,3,5,4,4.43,28.881,29.954,9,2,4,4,4,4,4,3,2,4,3.295,25.678,26.615,9,2,3,2,3,1,2,3,3,2,3.382,26.149,27.752,9,1,2,4,2,2,3,3,2,1,4.55,35.633,36.691,9,1,5,65,1,4,55,0,3,40,0,2,37,0,2,38,0,2,29,1,6,3,5,4,3,7,2,5,2,3,4,5,6,3,4,3,4,5,3,3,3,5,4,3,4,6,5,4,4,5,3,2,2,5,3,5,4,5,5,5,3,3,4,3,3,3,4,4,4,3,4,6,2,4,4,5,3,1,7,5,4,6,3,2,5,2,5,3,5,4,2,,,,Lise
2026-04-01 18:22:22,2026-04-01 18:53:27,0,77.162.150.165,100,1864,1,2026-04-01 18:53:27,R_2oBJ43HLDKBX6UI,,,,,52.1306,4.663,anonymous,EN,1,1,nnp188,2,,18,1,1,,4,Pedagogische Wetenschappen,2,4,22,10,21,Supermarkt,15,,16,,11,,125000,,,,1,,,,,4,4,1,5,1,4,4,4,4,5.472,53.004,56.146,9,1,4,5,1,1,3,5,2,1,7.417,62.616,63.601,9,3,2,1,1,4,5,2,1,1,9.524,49.386,50.865,9,1,4,2,2,5,4,2,5,4,6.818,74.868,76.176,12,2,2,4,5,1,1,5,2,3,9.24,63.391,64.382,9,1,2,3,5,1,4,5,2,2,9.188,44.055,45.114,9,1,2,2,3,1,2,3,1,4,4.773,59.406,60.782,9,1,6,95,1,5,80,0,3,40,0,2,30,0,1,0,0,1,5,1,2,6,3,3,6,7,1,1,1,7,4,1,5,5,4,6,2,7,1,6,1,7,7,4,1,1,1,6,1,5,6,3,4,5,4,2,4,4,5,5,6,6,6,5,5,4,4,6,3,1,6,3,4,6,3,4,4,3,5,5,3,2,6,5,5,4,3,6,3,5,6,,,26764,
2026-04-02 00:22:51,2026-04-02 01:08:32,0,217.105.29.51,100,2740,1,2026-04-02 01:08:32,R_8DCrlNzJ301ZoQy,,,,,52.3864,4.9072,anonymous,EN,1,1,uqr770,2,,19,1,1,,1,,2,0,23,,,,,,,,,,,,,,,21,consulting and professional services,17,,1,4,2,2,2,2,2,3,2,6.326,51.893,53.166,11,4,4,4,5,2,4,3,1,2,6.281,64.532,66.886,10,2,2,1,3,3,2,1,4,3,3.884,62.616,64.772,10,2,3,3,3,3,2,2,5,1,5.464,55.612,58.301,9,2,3,4,3,4,2,5,1,3,4.968,165.73,166.033,11,2,2,3,3,1,2,3,3,5,4.265,45.281,46.254,12,1,1,3,2,2,2,2,2,3,4.43,57.165,58.319,9,0,3,40,1,6,100,1,2,54,1,4,53,0,3,45,0,2,36,2,5,7,7,7,1,7,3,6,2,4,4,3,7,1,5,6,2,5,2,4,3,5,3,2,3,7,4,7,4,3,3,2,2,3,4,2,6,7,7,6,2,2,6,6,7,6,3,3,5,3,5,7,1,7,3,4,3,1,4,5,3,6,3,3,7,2,5,7,7,7,1,,,26452,
2026-04-02 00:51:45,2026-04-02 01:35:18,0,80.56.204.84,100,2613,1,2026-04-02 01:35:19,R_2f6K0NdE8h9fa7z,,,,,52.3541,4.8975,anonymous,EN,1,1,Pql526,2,,25,1,1,,1,,2,7,22,15,19,,13,,16,,5,,15,,3,,,,,,,4,3,2,3,4,4,4,4,2,4.747,77.6,78.236,15,4,4,2,1,4,4,4,4,1,8.547,65.201,66.387,15,3,2,2,2,3,4,3,2,4,4.104,52.085,53.1,14,2,4,4,4,3,3,3,5,2,11.635,61.561,62.901,14,1,4,3,4,2,3,1,5,4,8.645,76.204,77.389,13,2,4,4,4,2,5,2,4,4,6.753,55.396,56.064,15,1,2,2,2,2,4,2,2,2,9.012,65.402,66.239,14,1,5,82,1,6,100,1,5,74,1,4,50,0,2,39,0,3,42,1,4,7,6,7,1,7,3,6,2,5,2,6,7,4,6,6,2,7,1,1,1,4,7,4,4,7,5,4,2,2,2,1,2,2,2,1,7,4,5,6,2,7,1,4,1,7,1,2,3,4,6,7,1,2,2,2,3,2,2,6,2,3,2,1,7,6,3,4,3,7,1,,,26234,
2026-04-02 01:53:52,2026-04-02 02:23:16,0,172.225.253.141,100,1764,1,2026-04-02 02:23:17,R_2V2ubymEWBYr9V2,,,,,52.3716,4.8883,anonymous,EN,1,2,,2,,24,1,6,Bachelor 4 HBO,4,"Applied psychology ",2,1,22,8,16,,11,,16,,11,,4700,,,,3,,,,,2,3,4,4,3,3,4,4,1,5.569,90.189,90.845,19,4,4,2,4,2,2,4,2,2,14.675,77.066,78.05,30,2,2,3,2,4,4,3,4,4,3.187,70.239,70.257,25,2,3,4,2,3,4,4,4,3,1.646,117.544,118.422,21,3,3,4,4,3,3,3,2,3,2.042,60.019,60.772,28,2,4,3,4,2,3,4,4,4,7.918,57.944,61.389,20,2,3,4,2,2,2,2,2,2,3.471,65.993,66.901,23,1,5,61,1,5,71,0,2,30,0,3,50,1,5,77,0,2,22,2,4,4,3,2,4,2,1,2,5,5,2,3,5,3,2,3,3,3,3,4,4,4,4,2,4,3,4,4,4,2,4,3,3,3,3,4,3,4,3,3,3,1,1,5,5,5,4,4,3,3,2,3,3,4,2,3,5,3,2,4,2,2,2,2,3,2,1,1,4,2,2,,,,Merve
2026-04-01 07:50:02,2026-04-02 03:13:08,0,130.37.186.159,100,69786,1,2026-04-02 03:13:09,R_8hNvzbJreDjUKdz,,,,,52.3591,4.793,anonymous,EN,1,1,ixd791 (student number: 2844377),1,,24,1,1,,1,,2,10,22,20,18,,13,,18,,5,,60,,,3,,,,,,4,4,3,4,1,2,4,3,2,10.356,56.206,57.529,9,2,4,5,4,2,2,5,3,1,7.985,63.251,74.674,10,2,1,2,1,4,2,2,4,2,5.741,63.691,66.547,11,2,2,1,2,4,2,4,5,4,7.587,61.537,63.993,9,1,3,4,4,4,4,4,3,4,4.56,62.893,67.749,9,2,3,2,4,2,4,3,4,1,14.978,65.645,68.834,10,1,4,3,1,3,3,3,2,4,3.776,101.125,101.915,11,1,4,71,0,2,29,0,2,25,0,3,41,1,5,81,0,2,14,1,5,2,5,6,2,7,4,4,2,2,5,3,6,5,4,3,3,6,2,4,3,2,5,5,3,7,3,6,3,6,2,1,1,3,5,3,3,3,2,5,3,5,3,2,2,5,5,3,5,5,6,7,2,3,4,2,3,2,5,6,3,6,1,4,7,2,4,4,5,6,2,,,26580,
2026-03-30 08:50:31,2026-04-02 04:27:39,0,130.37.102.205,100,243428,1,2026-04-02 04:27:40,R_8drSi8wIT5pc1dg,,,,,52.3543,4.8951,anonymous,EN,1,2,,1,,25,1,3,,1,,2,12,23,,,,,,,,,,,,,,,16,,10,,4,4,1,4,1,2,4,3,2,3.657,27.51,28.245,13,2,3,3,4,2,2,5,5,1,2.547,27.765,28.292,15,4,2,2,2,4,4,1,4,3,2.424,26.101,26.785,12,1,1,2,2,4,2,2,5,4,2.998,37.001,37.925,13,2,4,3,4,3,4,2,1,4,2.701,41.591,42.318,13,2,2,2,5,2,4,2,2,2,48.9,72.371,73.224,13,1,5,1,2,4,3,3,3,2,6.66,32.7,33.658,13,1,5,67,1,6,83,0,1,11,0,1,1,1,5,71,0,1,13,4,4,4,4,4,4,4,4,4,4,4,4,3,4,4,1,4,5,3,4,4,4,4,4,4,4,4,4,4,4,5,5,5,4,4,4,4,4,5,3,3,5,4,4,2,4,5,4,4,3,4,4,4,4,5,4,7,4,3,5,5,4,6,3,3,6,3,3,4,4,4,4,,,,Sam
2026-04-02 04:41:06,2026-04-02 05:13:22,0,62.131.158.94,100,1935,1,2026-04-02 05:13:22,R_2HT9qyGWO95Srtv,,,,,52.0873,5.2297,anonymous,EN,1,1,hvy460,2,,21,1,1,,4,pedagogische wetenschappen,2,7,22,15,7,,24,front desk,16,,6,,120,,,3,,,,,,4,4,4,4,4,4,4,4,4,3.522,9.088,15.528,9,3,3,3,3,3,3,4,4,4,6.61,11.845,13.376,9,2,3,4,5,5,5,2,2,4,0.002,12.387,13.43,10,3,4,4,4,4,2,4,1,4,2.41,30.131999999999998,44.370999999999995,12,2,2,2,2,2,2,2,2,4,58.03,66.009,67.918,9,3,3,3,3,3,4,4,3,4,3.585,28.29,29.686,13,1,2,4,4,4,4,4,4,4,9.639,44.924,58.164,10,0,3,44,1,6,100,1,4,65,0,2,61,0,3,50,1,5,74,3,5,7,6,2,6,6,2,4,4,4,4,3,6,2,6,2,6,2,3,2,5,5,6,4,4,4,4,4,4,4,7,1,6,6,2,5,5,6,5,5,6,3,6,3,6,3,6,2,5,5,3,6,4,7,4,7,1,1,7,3,5,4,4,6,3,7,1,1,7,7,1,,,26900,
2026-04-02 05:09:27,2026-04-02 05:42:45,0,84.25.28.37,100,1998,1,2026-04-02 05:42:46,R_8UXBtuTmeqy4XQp,,,,,52.3111,4.861,anonymous,EN,1,1,tqn968,2,,18,1,1,,1,,2,2,23,,,,,,,,,,,,,,,16,,10,,1,4,2,2,2,4,5,4,2,4.016,50.557,53.244,9,2,5,3,5,2,4,4,2,1,3.553,57.537,62.242,10,3,1,2,1,2,4,1,2,4,15.014,75.19,77.23,10,2,3,3,2,1,2,4,5,2,6.813,73.076,76.026,10,2,2,5,4,2,2,4,2,4,46.581,85,91.026,10,2,4,3,4,1,1,4,2,4,5.857,63.984,70.924,12,1,3,4,1,2,4,3,2,1,3.837,192.399,193.536,9,1,6,93,1,5,71,1,5,83,1,6,92,0,2,20,0,1,7,2,5,4,6,6,4,7,2,4,2,5,4,4,6,4,4,3,4,6,1,6,1,5,5,4,3,7,3,5,4,5,3,2,1,4,4,3,5,4,6,5,4,7,6,4,5,4,4,4,4,4,4,7,3,2,5,4,3,1,4,6,4,5,4,4,7,3,4,3,4,7,1,,,26448,
2026-04-02 05:21:58,2026-04-02 06:27:41,0,145.108.231.222,100,3942,1,2026-04-02 06:27:41,R_8g19m9RaV8sFeEI,,,,,52.0909,5.0958,anonymous,EN,1,1,uyt592,2,,19,1,1,,1,,2,1,22,14,13,,1,,12,,5,,10,,1,,,,,,,4,4,2,4,3,5,4,3,2,3.894,34.543,35.218,15,2,3,1,3,2,3,4,3,1,2.537,34.682,35.524,16,2,2,2,3,4,3,2,1,2,6.08,35.594,36.301,18,2,2,2,2,4,3,4,5,3,6.794,36.808,37.469,13,4,2,4,2,2,2,2,2,4,5.142,145.715,146.524,18,2,3,4,4,2,2,3,2,2,3.147,28.309,29.52,14,1,4,4,2,2,4,4,2,1,1.213,50.607,51.551,16,1,5,84,1,5,88,1,5,79,0,2,24,1,5,87,0,2,30,1,4,3,6,5,2,7,2,6,3,6,5,3,7,5,5,2,6,6,2,5,6,4,3,6,2,6,2,3,5,2,4,2,3,5,4,2,5,2,6,5,3,6,2,5,2,5,4,2,5,2,6,6,2,5,5,3,3,3,5,5,3,5,3,2,6,3,3,5,4,3,1,,,26264,
2026-04-02 05:54:42,2026-04-02 06:38:36,0,130.37.103.3,100,2633,1,2026-04-02 06:38:36,R_2Cy8x7gEmbeioQF,,,,,52.3543,4.8951,anonymous,EN,1,1,dcu215,2,,18,1,1,,1,,2,4,22,9,18,,13,,7,,15,,17000,,,,1,,,,,1,2,2,3,2,4,3,3,3,9.166,83.33,84.417,11,3,3,1,4,2,5,4,2,1,9.037,86.998,87.889,15,2,2,3,1,3,3,1,5,2,13.869,76.442,77.739,13,4,4,3,4,3,3,4,5,2,12.398,77.965,78.761,13,2,2,5,3,2,3,4,4,4,10.075,66.198,68.04,12,4,5,5,2,3,2,3,4,4,8.8,64.293,65.259,11,1,4,2,1,3,4,2,2,2,24.449,76.04,77.396,10,1,6,95,1,5,85,0,2,33,1,4,65,1,4,60,0,1,15,1,5,5,7,7,1,7,1,7,1,1,7,2,6,3,7,7,1,5,1,7,1,1,7,4,3,7,6,6,4,2,4,1,4,4,1,1,6,4,7,6,1,7,3,5,1,1,4,4,2,2,7,7,2,6,4,5,4,1,1,6,2,7,1,1,7,1,6,2,6,7,1,,,26418,
2026-04-02 06:36:47,2026-04-02 06:58:29,0,80.56.139.40,100,1302,1,2026-04-02 06:58:30,R_8WwdZOdU1Ag5yLF,,,,,52.364,4.866,anonymous,EN,1,1,amx137,2,,21,1,1,,1,,4,0,23,,,,,,,,,,,,,,,16,,15,,1,5,3,5,2,2,4,5,4,4.386,50.369,51.659,9,2,3,1,5,2,4,4,4,1,6.557,35.84,38.112,9,3,2,2,1,5,4,1,4,1,5.669,54.151,55.491,9,3,2,1,4,2,2,3,5,4,9.581,66.747,67.937,9,3,4,3,4,4,4,2,2,5,5.943,54.343,55.348,9,1,4,1,5,2,2,4,2,1,6.623,37.622,39.296,11,1,3,2,1,2,2,4,2,2,4.26,37.377,38.599,9,1,6,100,1,6,100,0,1,0,0,2,30,0,3,40,0,1,0,1,2,2,5,6,2,7,2,6,1,2,7,2,7,4,5,4,4,6,1,5,2,4,5,5,3,7,3,4,5,3,2,1,4,5,3,2,6,5,7,7,2,6,7,4,6,6,2,4,2,3,6,7,2,5,6,5,2,1,6,6,5,7,2,2,7,3,2,4,6,6,1,,,26320,
2026-04-02 07:14:50,2026-04-02 07:43:10,0,92.109.229.205,100,1700,1,2026-04-02 07:43:11,R_8qb3S62DbcbTEdk,,,,,52.6954,5.2233,anonymous,EN,1,1,fso867,2,,20,1,1,,1,,2,3,22,12,3,,13,,16,,11,,60,,,2,,,,,,2,5,4,2,4,4,2,4,2,6.214,38.675,39.869,9,4,5,2,4,2,2,3,2,1,8.123,44.221,46.586,10,4,2,2,1,4,4,1,4,2,2.721,132.535,133.214,10,4,4,4,3,4,2,2,5,2,3.806,55.128,55.905,10,1,3,2,4,4,3,4,2,4,5.944,58.227,59.263,9,2,4,3,4,2,3,4,4,3,9.095,51.454,52.013,11,1,1,4,4,2,2,2,1,2,7.583,52.341,53.131,11,1,4,65,1,6,100,0,1,10,1,5,70,0,2,25,0,3,40,1,3,2,6,6,2,6,3,5,3,5,5,3,7,3,5,6,2,6,1,6,2,5,6,3,3,6,3,5,6,5,3,3,4,5,4,2,3,3,5,6,2,7,2,5,1,5,5,5,4,3,5,6,2,5,3,4,2,5,3,6,3,6,3,5,6,3,3,3,5,5,1,,,26226,
2026-04-02 01:30:33,2026-04-02 08:59:03,0,77.160.219.165,100,26910,1,2026-04-02 08:59:04,R_2CcUAua1JGgi7Rj,,,,,52.364,4.8913,anonymous,EN,1,1,rwm320,2,,24,1,1,,1,,4,9,22,30,18,,1,,16,,10,,25,,3,,,,,,,2,3,2,3,1,4,4,3,2,7.153,148.286,149.112,10,2,4,2,2,1,2,4,2,1,4.034,175.701,177.216,12,4,1,1,3,4,3,2,4,3,5.799,126.86,127.358,13,4,2,1,3,2,1,2,5,3,5.429,68.277,77.938,12,1,2,4,4,2,4,4,2,3,21.269,420.456,421.155,14,1,4,2,4,2,2,4,3,3,3.68,172.118,172.895,12,1,3,3,1,2,3,4,1,2,5.603,55.828,56.535,11,1,4,73,1,4,64,0,1,0,1,5,82,1,5,71,0,2,29,2,2,1,7,7,1,6,2,6,3,4,6,4,6,3,4,6,2,4,2,5,1,4,5,6,2,7,1,3,4,5,2,4,3,5,4,2,4,4,6,6,2,6,2,3,4,5,6,2,5,2,5,7,2,2,2,4,4,3,6,6,2,2,2,1,7,3,2,4,4,7,1,,,26202,
2026-04-02 08:29:29,2026-04-02 09:03:59,0,77.161.107.128,100,2070,1,2026-04-02 09:04:00,R_2PH4fPmLOMvvNVx,,,,,51.6025,4.7919,anonymous,EN,1,1,sou206,2,,22,1,1,,4,Pedagogische Wetenschappen,2,1,22,10,16,,15,,16,,12,,5000,,,,2,,,,,3,4,4,4,2,2,2,4,1,9.966,52.359,53.552,9,2,2,1,5,2,3,3,2,1,10.983,75.568,76.918,9,3,3,2,1,4,4,2,1,2,9.783,48.842,50.092,9,3,3,2,3,3,2,2,5,3,18.625,119.928,122.888,11,4,4,3,2,4,4,4,2,3,5.857,66.227,67.374,9,2,4,4,3,1,4,2,3,1,5.023,48.601,52.425,10,1,2,2,4,2,2,2,1,1,5.429,57.183,59.991,11,0,3,40,1,6,100,1,5,70,0,2,30,1,5,85,0,3,40,1,4,4,4,4,4,7,1,6,1,3,4,4,7,2,5,3,4,3,1,6,1,4,4,3,2,7,4,4,4,2,5,1,5,2,4,2,2,4,7,6,1,7,7,4,3,4,4,3,2,4,4,7,3,4,6,3,5,3,4,2,2,6,2,2,7,3,2,4,3,7,1,,,26824,
2026-04-02 08:45:31,2026-04-02 09:07:45,0,31.21.241.207,100,1334,1,2026-04-02 09:07:46,R_27lr0EJC3kvwTdT,,,,,52.3889,4.9522,anonymous,EN,1,2,,2,,62,2,,,,,4,38,22,40,15,,24,lecturer sports and coordinator,15,,24,lecturer in sports and physical education,2500,,,,6,,,,,3,4,2,4,1,3,4,4,3,7.273,46.001,48.274,9,2,3,1,2,2,2,4,3,1,3.848,62.11,63.384,11,3,2,2,3,4,3,3,2,2,10.415,54.047,54.817,9,2,2,3,2,2,2,3,5,3,6.23,56.087,57.065,9,2,3,3,4,3,3,4,2,3,6.17,46.451,47.341,9,1,4,2,3,2,3,4,3,1,8.005,52.937,53.818,11,1,4,4,2,2,3,4,2,1,6.864,49.936,51.026,10,0,3,50,0,3,40,0,2,21,1,4,50,1,4,52,0,3,44,4,4,4,4,4,4,4,4,4,4,4,4,4,4,4,4,4,4,4,3,5,3,5,4,4,4,4,4,4,4,4,4,4,4,4,4,4,4,4,4,4,4,4,4,4,4,4,4,4,4,4,4,4,4,4,4,4,4,4,4,4,4,4,4,4,4,4,3,6,3,5,4,Ik vond de survey te lang. De laatste vragen heb ik 'gemiddeld' ingevuld,,,Sam
2026-04-02 08:52:08,2026-04-02 09:29:16,0,130.37.65.15,100,2227,1,2026-04-02 09:29:16,R_2EGchu1E0y9Nz5W,,,,,52.3294,4.8739,anonymous,EN,1,1,jjc520/student number: 2874438,2,,21,1,1,,1,,2,2,22,14,18,,13,,17,,6,,50,,,2,,,,,,2,4,3,4,4,4,5,2,4,9.993,98.476,99.698,9,1,5,2,5,2,4,5,5,1,6.227,62.039,63.338,9,4,2,4,2,4,3,2,4,3,7.981,58.646,59.836,9,2,2,2,2,1,3,2,5,4,13.872,55.976,57.421,9,2,4,3,4,2,4,2,2,4,13.35,57.261,60.223,9,4,3,2,5,3,2,3,3,2,13.278,71.006,72.716,9,1,2,2,2,4,4,4,2,4,8.808,56.306,58.711,9,1,5,90,1,5,90,0,2,35,0,2,21,1,4,55,0,1,0,1,4,4,7,7,1,7,1,4,1,2,7,2,7,1,6,5,2,6,1,6,2,3,6,2,3,7,5,6,1,6,4,1,1,4,6,1,7,5,7,7,2,2,7,6,6,6,2,1,6,4,7,7,1,4,5,4,3,1,4,5,4,4,2,2,7,2,5,7,6,7,1,,,26256,
2026-04-02 09:47:22,2026-04-02 10:02:42,0,145.108.228.247,100,919,1,2026-04-02 10:02:42,R_80eqIOALQ2MDrjp,,,,,52.3294,4.8739,anonymous,EN,1,1,thb019,1,,21,1,1,,1,,2,2,23,,,,,,,,,,,,,,,16,,11,,2,3,4,2,1,2,4,2,2,4.217,33.014,33.583,11,2,4,5,4,2,4,2,3,1,3.378,29.19,30.206,9,2,3,2,2,3,4,2,2,4,2.501,27.144,28.141,9,4,2,5,3,3,3,4,5,3,5.116,33.422,34.554,10,4,1,3,3,4,2,4,3,4,4.099,33.643,37.034,10,4,5,4,3,2,4,2,3,4,3.55,27.103,28.454,9,1,2,2,2,3,4,3,2,5,2.717,32.532,33.634,10,0,2,40,1,6,70,1,6,81,1,5,72,0,2,20,1,4,55,1,4,2,7,6,3,6,3,5,2,3,5,2,7,5,5,3,4,3,2,5,4,6,4,6,4,7,3,3,7,3,3,1,2,2,3,2,3,4,7,6,2,6,4,6,1,2,5,2,4,3,6,7,3,5,5,4,3,1,5,5,2,6,2,3,6,3,2,4,5,6,1,,,26632,
2026-04-02 10:22:12,2026-04-02 11:07:09,0,84.41.143.128,100,2696,1,2026-04-02 11:07:09,R_2rvYEgVKTVC8rXk,,,,,52.5012,5.0626,anonymous,EN,1,2,,1,,51,2,,,,,2,29,22,40,15,,8,,15,,8,,70,,,5,,,,,,4,5,4,5,1,5,3,5,2,44.782,212.857,218.673,16,1,3,1,5,2,3,3,2,1,21.154,183.195,184.437,16,4,4,2,2,4,2,3,2,1,5.514,118.176,119.891,16,3,1,2,1,1,1,4,5,2,4.577,73.939,75.963,16,3,4,3,5,4,3,4,2,3,11.83,61.675,64.228,16,2,4,2,2,2,2,4,2,1,4.046,59.876,62.3,17,1,4,5,2,3,3,4,2,1,8.651,88.564,89.3,16,0,2,30,1,5,67,1,4,55,1,4,51,0,3,47,0,3,45,1,7,1,7,1,7,5,4,3,2,5,6,1,6,2,6,2,6,6,2,7,1,6,1,2,5,7,3,6,2,7,1,1,1,7,1,5,4,3,2,6,5,2,6,3,6,3,5,7,6,5,6,7,2,5,4,4,5,3,5,1,6,6,7,2,7,7,2,7,2,7,1,,,,Sam
2026-04-02 11:56:25,2026-04-02 13:07:33,0,62.163.247.177,100,4267,1,2026-04-02 13:07:33,R_2dQdwPdNlaMTukw,,,,,52.3882,4.8844,anonymous,EN,1,1,dsc680,2,,21,1,1,,4,Pedagogical Science,2,5,23,,,,,,,,,,,,,,,16,,15,,2,5,4,4,2,5,1,5,4,8.768,51.217,53.276,10,3,5,1,2,2,3,4,3,1,198.346,235.577,236.851,10,3,3,1,2,4,4,1,4,1,565.917,609.598,610.556,13,2,3,2,2,4,2,3,5,3,26.352,92.301,96.761,12,2,2,3,4,4,4,3,2,3,54.057,106.973,108.447,10,2,2,2,3,1,2,5,3,4,20.606,89.372,90.179,11,1,1,2,5,1,2,1,1,2,13.067,54.034,58.128,9,1,5,72,1,6,99,0,2,24,1,4,55,0,1,8,0,3,46,3,3,3,6,3,6,6,4,3,4,5,5,3,5,3,3,3,4,4,2,2,2,6,4,6,2,5,3,5,5,6,3,2,2,4,5,3,5,5,5,4,3,6,5,4,5,6,3,2,4,3,4,6,2,3,2,5,5,2,6,5,2,5,3,3,6,3,3,3,5,5,2,,,26877,
2026-04-02 14:40:54,2026-04-02 15:06:08,0,84.86.152.134,100,1513,1,2026-04-02 15:06:08,R_8GD4bakplsT2xhD,,,,,52.3294,4.8739,anonymous,EN,1,1,boa649,2,,19,1,1,,1,,2,4,22,15,18,,13,,16,,11,,30,,2,,,,,,,2,4,4,4,4,4,2,3,2,8.586,52.365,54.145,10,2,4,5,3,2,4,5,2,1,5.613,49.159,50.622,11,2,2,1,1,4,4,1,4,2,4.705,45.127,46.348,12,2,3,3,2,4,2,2,5,3,5.823,52.688,53.486,9,2,3,2,4,4,4,4,4,4,3.546,42.61,43.94,9,2,4,3,4,2,2,4,2,2,5.652,43.2,44.525,11,1,4,4,2,2,2,4,2,4,13.919,76.635,78.848,13,1,5,82,1,5,75,1,4,70,1,4,71,1,4,71,0,1,13,2,4,2,4,6,3,4,4,3,2,3,5,4,6,4,5,5,4,2,1,4,2,5,4,3,3,6,5,6,4,4,2,6,2,2,5,2,2,4,3,5,3,6,6,4,2,3,5,2,4,4,4,7,3,5,3,3,3,2,5,4,5,2,3,4,6,3,3,4,3,7,2,,,26566,
2026-04-03 01:41:50,2026-04-03 02:07:10,0,84.29.175.233,100,1519,1,2026-04-03 02:07:11,R_8jqvQ3hHK98vSe7,,,,,52.3111,4.861,anonymous,EN,1,1,xgc728,2,,18,1,1,,1,,2,0,23,,,,,,,,,,,,,,,16,,15,,4,5,4,5,2,4,4,4,2,6.401,57.442,59.283,9,2,3,1,1,2,2,5,4,1,4.25,41.767,44.72,9,4,2,3,2,4,2,1,4,2,3.753,34.159,35.706,9,3,2,2,2,4,1,3,5,4,6.662,46.592,48.844,9,2,4,3,4,4,4,2,2,4,3.504,44.127,45.781,9,2,3,4,3,1,4,5,4,1,3.077,35.689,36.693,9,1,2,4,3,2,2,3,2,1,3.881,39.287,41.099,9,0,3,34,1,5,71,0,2,14,0,3,40,1,4,56,0,2,25,2,6,4,6,6,3,7,2,6,2,2,4,2,6,5,5,6,5,6,2,7,2,2,4,3,5,3,5,6,2,4,2,1,4,3,4,4,5,6,5,4,3,6,4,5,4,5,3,5,3,6,3,4,4,5,1,4,3,3,4,3,5,4,5,5,5,5,3,6,3,3,1,,,26400,
2026-04-03 02:38:35,2026-04-03 03:04:57,0,77.169.219.246,100,1582,1,2026-04-03 03:04:58,R_8a1MCEfJ4m4CZ7r,,,,,52.3111,4.861,anonymous,EN,1,1,aty534,2,,21,1,1,,1,,2,5,22,16,17,,24,Theatre Occupation,17,,9,,70,,,2,,,,,,1,1,2,3,2,2,4,4,2,3.652,51.41,52,11,2,5,4,5,1,2,4,4,1,3.097,45.007,45.701,14,4,2,5,2,4,5,1,4,5,2.764,30.132,30.954,10,4,4,1,1,2,2,5,5,2,3.184,45.196,45.843,13,1,2,4,5,4,3,4,2,4,3.434,38.381,39.032,12,1,2,5,3,2,1,5,3,4,3.967,35.362,36.258,11,1,3,5,4,4,4,3,2,2,4.925,84.475,85.475,15,1,4,60,0,3,45,1,6,90,1,5,65,0,2,20,0,1,5,1,4,3,7,6,2,7,2,4,2,5,4,4,7,5,4,6,1,4,1,6,1,3,4,3,3,7,2,2,6,4,3,1,2,3,4,2,2,6,7,7,1,7,6,6,6,5,2,7,4,1,4,7,1,4,2,7,1,1,7,4,3,6,2,5,7,5,5,6,6,7,1,,,26241,
2026-04-03 04:31:10,2026-04-03 05:18:08,0,83.87.185.40,100,2817,1,2026-04-03 05:18:08,R_2o52kFRVt3x3W5B,,,,,52.0881,4.8721,anonymous,EN,1,1,cdz127,2,,21,1,1,,1,,2,6,22,35,18,,1,,16,,10,,70,,,4,,,,,,4,4,4,3,2,5,2,4,3,18.882,74.036,75.307,12,2,5,4,2,2,4,5,5,1,5.316,37.916,39.257,10,2,4,4,2,3,4,2,1,2,6.287,39.988,41.315,12,4,1,2,1,3,1,3,5,3,6.225,39.456,41.049,10,1,3,4,5,2,3,1,2,2,3.083,47.641000000000005,49,10,2,4,2,4,2,5,5,2,4,8.893,55.377,56.301,9,1,2,5,1,2,2,2,1,1,6.823,45.189,47.948,12,0,1,1,0,2,40,0,1,1,1,4,61,1,4,50,1,5,70,1,7,1,7,7,3,6,1,7,2,6,5,4,7,3,6,3,6,3,1,4,5,6,4,7,7,7,1,6,6,1,4,1,4,4,2,3,5,1,7,7,1,7,4,7,1,7,4,1,4,2,7,7,1,3,2,6,2,1,4,2,1,7,3,5,7,1,1,1,7,7,1,,,26477,
2026-04-03 11:10:47,2026-04-03 11:52:28,0,77.63.90.49,100,2500,1,2026-04-03 11:52:28,R_87Mo8RAsH6FcrNn,,,,,52.3824,4.8995,anonymous,EN,1,1,hbo229,2,,21,1,1,,4,educational science,3,7,22,20,7,,6,,20,,5,,4,,,,,,,,,3,4,2,5,2,1,3,4,3,5.018,45.213,47.608,12,3,4,1,4,2,2,4,3,1,70.538,107.436,109.532,10,4,4,3,1,4,5,4,1,3,13.691,52.657,53.792,9,1,3,3,3,4,4,3,5,3,8.356,45.07,46.412,10,4,5,4,3,3,3,2,3,3,6.1,60.865,62.224,9,2,4,4,4,1,2,4,4,1,5.274,45.225,47.309,9,1,3,5,5,3,1,2,3,1,8.055,69.454,75.106,9,1,6,100,1,6,100,0,1,0,1,6,100,0,1,0,0,1,0,2,4,3,5,5,4,7,1,5,1,6,5,5,7,3,5,5,4,5,1,4,1,6,5,6,1,7,2,6,2,1,5,3,7,1,2,7,5,3,5,6,2,2,7,3,7,2,2,4,5,4,4,7,4,2,5,2,6,2,3,5,4,7,2,7,6,1,4,4,5,6,3,,,26735,
2026-04-03 11:19:07,2026-04-03 12:23:16,0,82.217.221.189,100,3848,1,2026-04-03 12:23:16,R_8ritfEph3euIC7f,,,,,52.0505,5.0917,anonymous,EN,1,1,lbe346,2,,20,1,1,,1,,2,4,22,24,18,,13,,15,,15,,5,1,,,,,,,,4,2,4,4,2,4,4,2,2,6.381,196.224,198.817,10,4,4,5,1,4,4,4,2,1,7.805,117.137,123.886,9,3,3,4,2,4,4,1,1,2,44.56,158.239,160.809,11,4,3,2,4,5,3,4,5,3,6.826,116.288,117.835,12,1,3,2,4,4,3,2,4,4,4.506,109.155,130.102,13,4,4,2,2,1,5,2,3,2,6.348,60.559,61.891,9,1,1,3,4,4,2,2,2,4,6.211,55.013,56.507,9,0,3,33,0,3,44,1,5,72,1,5,81,1,5,73,0,2,17,1,4,3,5,5,4,7,2,6,1,4,4,5,7,4,5,4,3,6,1,5,1,4,4,6,3,7,3,4,5,4,2,7,2,3,4,3,6,4,7,5,4,7,5,6,2,4,4,6,6,5,5,7,2,4,3,4,2,7,3,5,5,5,4,3,7,6,2,5,2,7,7,,,26637,
2026-04-03 11:52:59,2026-04-03 12:43:06,0,80.57.141.245,100,3007,1,2026-04-03 12:43:07,R_2Dut6qtuZHdc9uk,,,,,52.3631,5.2139,anonymous,EN,1,1,uqg166,2,,20,1,1,,4,Pedagogische wetenschappen,2,4,22,8,21,cleaning,24,,16,,11,,100,,,2,,,,,,1,5,4,3,4,4,4,4,1,8.321,111.588,112.903,11,4,5,3,5,2,3,3,5,1,7.696,315.649,317.531,10,3,2,2,1,3,5,3,4,2,6.853,72.407,73.628,9,4,4,3,2,4,3,4,5,3,123.571,277.243,279.869,9,1,3,3,4,3,4,2,3,3,8.145,105.152,108.039,9,2,4,3,5,2,2,4,4,4,20.286,102.039,103.408,9,1,1,4,5,2,3,1,1,3,21.326,96.699,98.351,11,1,4,51,1,5,76,1,4,64,1,4,60,0,2,9,1,4,60,2,4,5,5,6,5,3,5,3,4,4,4,4,7,6,5,3,3,4,1,5,4,4,3,4,4,6,5,4,4,4,3,5,2,6,5,3,6,5,6,5,3,5,5,5,4,3,4,3,3,3,6,7,2,3,4,3,3,3,3,4,5,4,5,3,3,4,5,5,6,5,2,,,26709,
2026-04-03 12:26:50,2026-04-03 12:53:43,0,178.85.64.210,100,1612,1,2026-04-03 12:53:44,R_2Gn38FtzhtZuzkJ,,,,,52.3672,4.918,anonymous,EN,1,1,irv759,2,,19,1,1,,1,,2,3,23,,,,,,,,,,,,,,,16,,10,,3,4,3,5,2,3,3,5,4,6.578,41.378,42.4,9,2,4,1,4,2,4,4,2,1,34.804,67.759,70.511,9,3,2,2,2,3,2,2,4,2,2.914,40.98,42.101,9,3,2,3,3,5,2,3,5,3,5.74,44.073,44.645,11,3,5,4,4,4,3,4,3,4,6.77,41.936,43.227,11,2,3,3,3,3,4,4,2,3,5.298,37.497,38.321,9,1,3,4,4,2,2,3,2,1,10.034,50.111,52.957,9,0,2,9,1,4,55,0,2,23,0,2,14,0,2,12,1,4,56,2,6,4,4,6,4,7,4,4,4,4,4,4,7,4,4,4,4,4,7,4,4,4,4,4,4,7,4,4,4,4,4,1,4,4,4,4,4,4,7,4,4,4,5,4,7,4,4,4,4,4,4,7,4,4,4,4,4,1,4,4,4,4,4,4,7,4,4,4,4,4,1,,,26247,
2026-04-03 12:49:08,2026-04-03 13:20:11,0,213.10.133.33,100,1863,1,2026-04-03 13:20:12,R_2YQan9Xr3I5UY88,,,,,52.2693,5.1776,anonymous,EN,1,1,cme771,2,,19,1,1,,1,,2,4,22,9,16,,11,,12,,5,,650,,,,1,,,,,2,2,4,4,2,3,4,4,2,8.135,75.964,76.764,9,3,5,2,5,2,3,5,4,4,6.355,54.897,55.679,10,3,2,2,1,3,4,1,2,4,4.554,46.021,46.767,13,2,2,4,3,4,1,4,5,4,6.772,65.33,66.486,12,1,2,5,4,3,4,2,2,4,5.217,55.993,57.06,13,2,3,2,5,2,1,4,3,1,4.904,45.74,46.648,9,1,2,2,1,4,4,1,1,1,4.098,175.959,177.364,13,0,3,48,1,6,100,0,2,38,1,4,55,1,5,75,0,2,17,1,3,1,4,6,1,6,1,5,2,5,4,5,7,3,6,1,3,4,1,5,1,4,5,2,1,7,2,4,5,7,1,7,3,5,2,4,7,7,7,1,3,7,7,6,4,4,1,2,6,1,3,7,1,7,6,6,1,1,6,4,1,7,2,4,7,2,1,3,3,6,2,,,26503,
2026-04-04 01:36:11,2026-04-04 02:29:26,0,80.112.227.206,100,3194,1,2026-04-04 02:29:27,R_23d9yxzsg2S2I3n,,,,,52.3695,4.6359,anonymous,EN,1,1,tst271,1,,22,1,1,,1,,2,7,23,,,,,,,,,,,,,,,16,,11,,3,4,2,4,1,3,1,5,3,9.558,53.147,54.554,9,3,4,5,4,1,4,3,2,1,4.611,53.325,59.166,9,3,2,2,1,4,4,2,3,2,13.876,59.996,61.192,9,3,2,2,2,2,3,2,5,2,6.622,79.852,81.266,10,4,3,5,4,2,3,4,3,3,71.747,617.354,618.461,10,1,4,3,2,4,3,5,3,2,4.595,68.837,70.981,13,1,4,3,1,2,5,2,3,3,5.176,64.986,66.231,10,1,4,70,1,5,80,1,5,75,0,2,25,1,4,55,1,4,70,1,7,3,7,6,2,7,2,5,2,4,4,3,7,4,6,6,2,6,1,6,1,3,5,7,4,7,1,4,6,6,1,1,1,4,5,4,6,4,7,5,3,4,7,3,7,4,3,3,4,4,6,7,1,4,4,4,3,7,1,6,2,6,2,2,7,3,3,4,6,7,1,,,26577,
2026-04-04 04:15:36,2026-04-04 04:38:59,0,172.225.253.129,100,1403,1,2026-04-04 04:39:00,R_2HdWy0QzLdTqogh,,,,,52.3716,4.8883,anonymous,EN,1,1,odv426,2,,18,1,1,,1,,2,2,23,,,,,,,,,,,,,,,16,,6,,1,5,4,5,3,3,2,5,5,62.744,89.076,90.554,9,2,5,4,5,1,4,5,2,1,9.141,55.323,56.266,10,2,2,1,4,5,4,4,5,2,5.093,38.726,39.436,10,5,3,2,1,2,3,2,5,3,6.751,38.55,40.793,10,2,2,4,5,2,4,5,2,5,2.705,40.504,41.198,9,1,4,2,4,2,1,2,1,1,3.907,40.124,40.952,10,1,1,1,3,2,3,1,2,1,4.1,212.716,213.56,9,1,5,71,1,5,73,0,1,0,1,5,100,0,3,8,0,2,17,1,3,2,6,6,4,5,4,6,1,2,2,6,5,4,3,6,4,6,2,2,2,6,6,4,4,1,1,3,4,5,2,7,2,2,4,2,5,2,2,6,2,6,6,2,6,6,4,4,2,4,5,3,2,2,6,4,4,5,4,2,4,2,2,5,7,5,4,7,1,3,1,,,26237,
2026-04-04 05:36:10,2026-04-04 06:40:15,0,62.45.101.171,100,3844,1,2026-04-04 06:40:15,R_8fJiuCguehfT2dL,,,,,52.2753,4.7914,anonymous,EN,1,1,3h94svZv,2,,21,1,1,,1,,2,7,22,10,21,restaurant,13,,21,restaurant,13,,60,,,3,,,,,,3,5,3,5,2,3,2,4,2,6.931,31.381,32.292,10,4,4,1,2,1,3,5,4,1,5.997,37.648,38.357,10,4,3,3,2,5,4,5,4,4,5.226,29.094,30.217,12,2,2,3,2,3,2,3,5,4,11.618,38.885,39.709,10,3,3,4,4,4,4,3,3,3,5.615,29.082,29.692,9,2,4,3,3,4,4,5,3,3,4.043,87.693,88.318,11,1,4,4,4,3,1,4,3,1,6.403,46.037,47.295,12,0,3,58,1,4,47,1,6,18,1,5,47,1,6,29,1,4,39,4,4,5,2,4,4,3,3,3,3,6,2,3,3,3,5,5,3,4,3,4,4,6,2,3,3,3,5,5,3,1,1,1,7,4,4,3,3,3,3,6,2,3,3,3,5,5,3,3,3,3,5,5,3,3,3,3,3,6,2,3,3,3,5,5,3,3,3,3,5,5,3,,"mijn SONA ID is : fut 221, ik heb per ongeluk 3h94svZv ingevuld",26213,
2026-04-02 09:04:05,2026-04-04 07:16:08,0,185.254.41.226,100,166323,1,2026-04-04 07:16:09,R_2dQogn9z44hKUDR,,,,,51.8744,4.5899,anonymous,EN,1,1,jkk013,2,,20,1,1,,1,,2,5,22,16,18,,13,,16,,10,,10,,2,,,,,,,4,3,5,4,1,1,5,3,1,4.505,66.109,67.227,18,3,4,5,5,2,2,5,5,1,4.182,46.732,47.935,15,2,1,3,1,4,4,1,5,5,3.549,64.728,66.243,22,2,1,3,4,1,3,4,5,4,9.227,109.251,112.536,14,1,1,5,2,4,4,2,1,3,3.462,50.314,51.686,12,2,4,3,4,3,1,3,5,1,3.635,52.653,53.8,13,1,4,4,2,4,4,1,1,5,4.814,94.353,95.841,18,0,2,16,1,6,100,0,1,0,1,5,91,1,4,72,0,2,8,1,6,7,7,6,2,7,4,5,3,4,4,6,7,7,5,5,4,7,1,7,1,1,4,5,3,7,2,4,5,2,3,1,3,7,3,1,7,5,6,6,3,7,7,5,2,4,4,4,4,4,4,7,2,4,4,5,3,1,7,4,4,6,3,1,7,5,3,4,4,7,1,,sannenienkevanderlaan@gmail.com,26523,
2026-04-04 07:05:37,2026-04-04 07:59:41,0,195.121.109.86,100,3244,1,2026-04-04 07:59:42,R_8ALbgOYxKE6avx7,,,,,51.8867,4.5026,anonymous,EN,1,1,jtp953,2,,21,1,1,,1,,2,4,22,20,16,,13,,17,,9,,500,,,,2,,,,,2,1,2,2,2,3,1,1,2,5.038,30.35,31.058,9,2,3,5,5,2,5,3,2,1,3.247,40.622,42.521,9,1,2,3,5,3,2,1,2,3,117.355,152.475,153.903,11,2,4,3,4,1,3,4,5,3,63.886,154.454,154.857,10,2,2,5,3,1,3,3,1,3,115.301,154.078,154.722,10,3,2,4,5,1,5,3,4,4,189.708,229.628,233.871,12,1,2,2,3,3,5,3,3,5,10.008,95.912,97.483,10,1,4,61,1,6,100,0,2,21,1,4,56,1,6,95,0,2,29,1,6,4,7,7,1,7,2,7,1,1,7,5,1,2,6,7,3,6,1,4,2,3,5,5,6,7,5,6,3,4,4,1,4,4,4,2,2,1,7,7,1,6,1,7,1,1,4,5,5,4,5,7,1,4,5,5,3,7,1,5,2,7,1,1,7,2,5,4,5,7,1,,,26469,
2026-04-04 08:01:06,2026-04-04 08:28:51,0,195.241.169.204,100,1665,1,2026-04-04 08:28:52,R_8EahaFNT4bSeyYw,,,,,52.1459,4.7776,anonymous,EN,1,1,hcr301,2,,18,1,1,,1,,2,2,22,1.5,17,,9,,16,,6,,30,,1,,,,,,,1,4,3,4,4,4,5,4,2,4.092,31.876,33.184,9,4,4,4,5,2,3,2,3,1,4.614,44.698,47.975,11,3,3,2,1,3,5,2,3,1,4.226,35.843,37.189,11,3,4,4,2,3,2,4,5,2,4.086,51.47,52.51,12,2,3,4,4,4,2,3,2,4,4.517,97.017,98.661,9,1,5,4,4,2,1,4,3,3,2.977,32.227,32.905,9,1,2,4,2,2,2,2,1,3,4.652,38.434,39.68,10,0,3,44,1,4,59,1,5,80,1,5,78,0,3,34,0,2,34,1,5,4,7,4,4,7,2,6,1,4,4,3,7,4,5,6,4,5,1,4,2,5,5,1,4,7,4,4,4,5,2,1,2,6,5,2,5,4,5,4,4,4,5,5,6,2,5,4,4,3,5,7,2,3,5,2,1,6,5,4,1,3,2,4,7,3,4,6,3,6,3,,,26564,
2026-04-04 08:23:06,2026-04-04 09:08:18,0,77.63.75.246,100,2712,1,2026-04-04 09:08:19,R_8r0yq8viwfwd1tH,,,,,51.9235,4.4813,anonymous,EN,1,2,,2,,20,1,3,,1,,2,4,22,5,16,,6,,16,,10,,1,,,,,,,,,2,4,4,4,4,4,2,3,3,9.552,59.484,62.188,16,2,4,1,4,2,3,4,5,1,13.702,52.183,53.644,14,4,2,2,2,4,4,2,4,2,4.417,44.8,45.773,19,3,2,2,3,3,2,2,5,4,6.085,53.782,55.409,19,1,4,3,4,3,4,2,2,3,3.554,45.151,45.471,15,2,4,3,4,2,3,3,4,2,3.701,55.677,56.083,16,1,2,3,3,2,3,3,1,1,6.632,250.986,251.358,16,1,6,100,1,6,90,0,3,45,1,5,94,0,3,50,0,2,27,1,5,5,6,5,3,6,2,4,2,3,5,3,6,2,5,4,5,4,1,4,3,5,4,4,5,6,4,5,5,3,3,2,3,2,5,3,5,5,6,5,4,7,4,5,2,4,5,4,3,3,5,6,2,4,4,4,5,6,3,5,4,5,2,2,7,4,3,5,6,6,1,,,,Lise
2026-04-04 09:13:20,2026-04-04 11:35:48,0,84.82.3.154,100,8547,1,2026-04-04 11:35:48,R_8R4djhJgH7YAGL7,,,,,52.008,4.4406,anonymous,EN,1,2,,2,,24,2,,,,,5,0,22,32,21,Engineering firm,3,,21,Engineering firm,3,,6000,,,,2,,,,,1,5,4,4,2,4,4,4,4,3.398,67.925,68.601,20,2,2,3,5,4,4,2,4,1,3.463,76.81,77.783,23,4,3,2,1,3,3,4,5,2,4.501,71.692,72.197,27,4,2,1,4,3,2,4,5,2,4.028,83.378,84.186,24,2,3,3,3,2,2,4,2,2,3.345,64.619,65.74,19,2,1,3,2,2,2,2,2,1,5.833,80.063,80.782,19,1,5,4,2,2,2,3,1,2,7.915,78.7,79.464,19,1,5,76,1,4,61,1,6,89,1,4,51,0,3,41,0,3,38,1,6,6,6,7,1,7,1,4,3,3,3,4,3,3,2,2,6,7,1,5,3,1,6,7,1,7,3,4,5,4,5,4,4,4,4,3,7,5,7,6,3,7,3,2,2,5,5,4,4,4,4,4,4,6,3,3,2,1,6,6,2,6,4,2,7,2,5,4,5,4,1,,,,Lise
2026-04-05 04:13:24,2026-04-05 11:08:20,0,143.178.23.80,100,24895,1,2026-04-05 11:08:20,R_2PAzxnM4ywwaaQu,,,,,52.0158,4.7247,anonymous,EN,1,2,,1,,31,2,,,,,4,2,22,40,12,,1,,8,,4,,150,,,2,,,,,,1,2,2,4,2,2,5,3,2,6.272,112.882,113.745,32,2,4,3,5,2,3,3,2,1,1.554,145.757,147.105,28,4,1,2,2,4,5,1,4,5,5.762,103.206,104.566,28,4,2,3,2,1,2,4,5,2,12.967,57.421,59.036,28,2,3,4,4,4,3,4,3,5,36.44,103.495,104.597,27,3,4,2,3,2,4,2,4,4,4.164,44.183,45.421,29,1,2,2,1,4,4,2,2,2,3.944,77.699,79.724,35,1,5,80,0,3,39,0,1,8,1,5,65,1,6,89,0,2,22,1,6,5,6,4,2,7,2,6,2,3,5,2,6,2,6,3,5,5,1,6,2,4,2,5,2,7,2,4,5,3,5,1,5,4,6,6,7,5,6,6,2,5,2,6,2,2,6,2,3,3,6,7,2,2,4,4,2,1,6,6,4,6,3,3,7,2,5,6,6,7,1,,,,Lise
2026-04-05 11:19:52,2026-04-05 12:01:48,0,77.174.114.189,100,2515,1,2026-04-05 12:01:49,R_8QAvnNxL13kFYMC,,,,,51.9719,5.6446,anonymous,EN,1,1,"2881773 ",2,,18,1,1,,1,,2,2,22,8,7,,13,,13,,10,,150,,,2,,,,,,3,4,4,4,4,4,4,4,2,10.914,54.637,55.296,14,3,5,2,2,2,2,3,4,1,6.766,62.386,64.876,11,3,4,2,2,4,4,2,2,2,13.071,60.141,62.249,14,4,3,4,4,4,2,3,5,3,20.174,83.102,84.096,11,2,3,3,2,4,4,3,3,4,3.536,115.745,116.473,10,2,3,3,4,2,4,2,4,3,33.982,83.061,84.027,11,1,2,3,3,2,2,2,2,2,16.043,161.608,162.048,11,1,5,80,1,6,100,0,3,40,0,3,30,1,5,91,0,2,20,2,4,3,6,4,2,7,1,7,1,5,7,5,7,2,5,3,4,7,1,7,2,3,6,6,3,7,2,4,7,3,3,3,3,2,6,2,2,1,6,4,5,7,6,4,6,6,1,7,6,2,6,7,1,5,3,5,5,2,5,3,2,5,2,4,7,7,6,4,6,6,1,,,26415,
2026-04-05 13:36:32,2026-04-05 14:01:21,0,86.80.130.124,100,1488,1,2026-04-05 14:01:21,R_2DTfNbQodLRgKNU,,,,,52.3904,4.636,anonymous,EN,1,1,lro102,2,,22,1,1,,4,pedagogische wetenschappen,2,2,22,20,16,,13,,16,,11,,200,,,1,,,,,,3,2,5,3,1,4,3,4,2,3.524,292.822,293.945,12,2,4,4,4,2,4,5,2,1,20.242,77.275,79.513,9,2,2,3,1,4,5,1,4,3,17.526,57.909,58.798,10,5,3,2,3,4,2,3,5,4,9.134,137.717,138.44,13,3,3,4,4,4,5,5,4,3,2.614,51.348,52.452,10,2,4,3,4,4,4,4,4,3,15.416,66.799,68.238,10,1,4,1,2,2,3,4,1,3,3.472,98.621,99.227,11,0,3,47,1,4,62,0,1,0,1,5,68,0,2,31,1,6,100,3,6,2,3,3,3,7,2,5,5,5,4,3,5,3,2,5,5,4,4,5,5,4,5,2,2,3,5,4,3,3,4,3,3,3,2,3,4,3,5,4,2,5,5,6,3,3,4,5,3,4,4,5,5,5,4,4,2,2,4,2,3,3,4,3,4,6,4,5,4,2,5,,,26890,
2026-04-06 02:44:00,2026-04-06 03:07:33,0,77.248.177.95,100,1412,1,2026-04-06 03:07:34,R_8gmpScfAUvK3EVX,,,,,52.364,4.8913,anonymous,EN,1,2,,1,,20,1,3,,4,Urban Planning,4,1,23,,,,,,,,,,,,,,,11,,3,,5,4,2,4,4,3,3,5,4,3.162,42.269,42.734,28,2,4,3,5,4,5,2,4,1,4.562,54.358,55.538,29,2,2,3,3,4,2,4,4,4,3.064,60.433,60.452,28,4,4,3,2,3,4,4,5,3,4.177,48.552,49.213,24,2,3,3,3,3,2,2,4,5,2.615,81.484,82.628,25,3,4,3,5,2,4,2,3,3,3.89,46.901,51.596,34,1,3,3,3,2,4,3,4,3,4.941,48.672,49.529,31,1,5,77,0,3,30,0,2,0,1,4,60,0,2,6,0,2,4,1,2,3,5,6,2,7,1,7,2,1,7,6,3,4,3,2,6,4,1,3,1,2,5,6,3,7,2,3,5,2,3,1,5,6,6,5,1,1,3,2,6,6,1,5,6,5,2,2,1,2,6,2,1,7,1,2,2,2,6,7,1,6,1,1,7,2,2,5,6,5,2,tonykhanhtoan1011@gmail.com,,,Bopha
2026-04-06 07:26:30,2026-04-06 10:06:41,0,80.56.34.198,100,9610,1,2026-04-06 10:06:42,R_2gN4gPixUrw5rln,,,,,52.4947,5.498,anonymous,EN,1,2,,1,,23,1,6,premaster RSM,4,I want to pursue Finance & Investments via my RSM premaster,4,3,22,20,9,,16,,9,,24,"Founder, investor, influencer or politician",10,,2,,,,,,,3,4,3,4,1,1,5,5,4,10.823,48.948,52.121,10,2,4,2,4,3,4,3,4,2,4.476,96.809,97.714,12,2,2,2,2,2,3,2,3,3,3.567,48.925,50.4,9,2,4,2,3,4,2,2,5,4,8.214,56.626,58.2,9,3,5,5,5,3,4,4,3,4,5.44,75.815,77,11,2,3,2,4,4,2,5,4,4,4.581,49.585,50.47,9,1,5,1,1,3,3,4,3,1,3.292,57.569,58.448,10,0,2,36,0,3,34,0,1,1,0,1,1,0,2,31,0,4,39,1,5,3,5,5,3,7,2,6,1,6,6,2,6,4,6,5,3,5,3,5,3,3,5,5,3,7,1,1,5,4,7,1,2,3,3,1,7,6,7,6,2,2,5,4,5,5,3,3,3,3,3,6,2,6,5,2,1,1,7,3,3,3,3,2,6,1,6,3,3,7,1,,,,Merve
2026-04-06 10:22:08,2026-04-06 10:40:43,0,62.45.87.34,100,1114,1,2026-04-06 10:40:43,R_29e4xlV7p5Ks0XD,,,,,51.9441,4.3839,anonymous,EN,1,2,,1,,21,1,3,,4,"Governance ",4,0,23,,,,,,,,,,,,,,,20,,1,,4,3,2,3,2,4,5,5,4,3.755,39.43,40.035,14,3,4,2,4,3,4,4,3,1,4.85,47.711,48.266,27,4,3,2,2,3,2,2,5,3,5.261,34.288,34.783,15,4,3,2,3,3,2,3,5,4,7.4,44.701,45.397,17,2,5,4,4,3,4,4,1,3,3.748,39.589,40.178,21,3,4,3,4,3,4,5,2,4,1.41,39.395,39.89,20,1,4,4,1,2,4,5,2,1,3.553,39.424,39.599,15,1,5,67,0,2,40,0,2,24,1,4,57,0,3,44,0,2,43,1,4,6,7,6,2,1,2,3,5,4,4,2,6,5,5,4,2,6,1,1,1,2,4,5,3,1,2,4,5,3,3,3,2,3,4,6,5,6,2,6,3,3,2,4,2,4,5,5,3,3,5,6,2,4,3,2,5,5,4,3,3,2,5,3,7,4,2,3,4,4,1,,,,Lise
2026-04-07 04:12:47,2026-04-07 04:41:13,0,130.37.102.11,100,1706,1,2026-04-07 04:41:14,R_8o59mDiLLUFmy7T,,,,,52.3543,4.8951,anonymous,EN,1,2,,2,,22,1,3,,1,,2,9,22,12,16,,11,,16,,15,,1,,,,,,,,,2,4,2,4,3,4,2,4,4,4.567,39.136,40.557,10,2,5,1,3,2,4,3,3,1,5.003,77.085,78.04,10,4,2,2,4,3,3,2,4,3,6.9,31.865,32.672,12,3,2,2,3,4,2,2,5,3,5.562,40.243,41.27,10,2,4,4,4,3,3,2,2,3,5.788,33.301,34.228,11,2,3,2,4,2,2,4,2,2,5.256,48.807,49.635,12,1,2,4,3,2,3,4,2,2,13.331,38.246,39.251,10,1,5,77,1,4,60,0,3,40,0,3,31,0,2,32,0,3,42,2,4,4,6,6,4,6,4,4,2,4,4,4,7,5,5,6,4,5,1,6,3,4,4,4,4,7,3,4,4,5,4,2,3,4,4,2,5,4,6,6,4,4,4,4,1,4,4,4,4,4,4,7,4,4,4,4,4,1,5,4,4,4,3,4,7,4,4,4,4,6,1,,,,Lise
2026-04-07 01:10:59,2026-04-07 12:35:00,0,217.117.224.76,100,41040,1,2026-04-07 12:35:01,R_8254NyXta7zGdJl,,,,,52.3796,4.8778,anonymous,EN,1,2,,2,,23,1,6,"finished bachelors degree in january, starting masters in september",4,Interdisciplinary Social Sciences,4,7,22,36,21,NGO,24,"preparing educational programs and training, and communication/socials",15,,24,Teaching social studies at high school,4,,,,,,,,,1,4,2,3,3,3,4,4,4,6.35,76.828,82.932,15,2,4,2,4,2,3,3,4,1,3.327,100.81,106.082,12,3,2,3,4,4,5,2,4,3,8.386,89.964,92.467,15,4,2,4,2,4,3,2,5,3,37.416,115.498,135.872,10,2,3,4,3,3,3,4,3,3,6.584,68.868,69.575,10,2,3,2,4,3,2,2,2,3,4.62,66.882,74.175,18,1,1,3,1,3,4,3,1,2,3.549,60.65,61.541,11,1,5,75,1,5,71,0,3,55,1,4,55,0,3,30,0,2,0,3,5,4,5,5,4,6,4,3,3,4,4,4,6,4,5,5,3,4,3,5,3,3,5,4,3,6,3,3,4,5,4,3,4,5,3,3,4,3,5,5,2,5,4,4,5,5,3,5,5,4,5,6,2,5,4,4,3,3,4,4,3,6,3,3,7,4,4,4,4,5,2,,,,Lise
2026-03-25 07:33:39,2026-03-25 07:35:31,0,84.85.184.58,20,111,0,2026-04-08 07:35:38,R_8dzsUG03uHsEKeR,,,,,52.3882,4.8844,anonymous,EN,1,2,,2,,22,1,4,,1,,4,5,22,16,20,,,,,,,,,,,,,,,,,,,,,,,,,,,,,,,,,,,,,,,,,,,,,,,,,,,,,,,,,,,,,,,,,,,,,,,,,,,,,,,,,,,,,,,,,,,,,,,,,,,,,,,,,,,,,,,,,,,,,,,,,,,,,,,,,,,,,,,,,,,,,,,,,,,,,,,,,,,,,,,,,,,,,,,,,,,,,,,,,,,,,,,,,,,,,,,,,,,,,,,,,Merve
2026-03-25 07:37:03,2026-03-25 07:38:49,0,89.205.170.206,17,106,0,2026-04-08 07:38:57,R_81Ab9Qh2DcylPf1,,,,,51.9235,4.4813,anonymous,EN,1,2,,2,,20,1,6,HBO 4,4,,4,1,22,,,,,,,,,,,,,,,,,,,,,,,,,,,,,,,,,,,,,,,,,,,,,,,,,,,,,,,,,,,,,,,,,,,,,,,,,,,,,,,,,,,,,,,,,,,,,,,,,,,,,,,,,,,,,,,,,,,,,,,,,,,,,,,,,,,,,,,,,,,,,,,,,,,,,,,,,,,,,,,,,,,,,,,,,,,,,,,,,,,,,,,,,,,,,,,,,,,,,,,,,,,Merve
2026-03-25 08:10:54,2026-03-25 08:11:19,0,87.208.135.236,3,25,0,2026-04-08 08:11:24,R_8B6uiWcmG4U6E2B,,,,,52.4974,5.454,anonymous,EN,1,,,,,,,,,,,,,,,,,,,,,,,,,,,,,,,,,,,,,,,,,,,,,,,,,,,,,,,,,,,,,,,,,,,,,,,,,,,,,,,,,,,,,,,,,,,,,,,,,,,,,,,,,,,,,,,,,,,,,,,,,,,,,,,,,,,,,,,,,,,,,,,,,,,,,,,,,,,,,,,,,,,,,,,,,,,,,,,,,,,,,,,,,,,,,,,,,,,,,,,,,,,,,,,,,,,,,,,,Merve
2026-03-25 08:15:14,2026-03-25 08:15:26,0,178.230.32.140,3,12,0,2026-04-08 08:15:32,R_2SDHpK8WeUo9W1M,,,,,52.3824,4.8995,anonymous,EN,1,,,,,,,,,,,,,,,,,,,,,,,,,,,,,,,,,,,,,,,,,,,,,,,,,,,,,,,,,,,,,,,,,,,,,,,,,,,,,,,,,,,,,,,,,,,,,,,,,,,,,,,,,,,,,,,,,,,,,,,,,,,,,,,,,,,,,,,,,,,,,,,,,,,,,,,,,,,,,,,,,,,,,,,,,,,,,,,,,,,,,,,,,,,,,,,,,,,,,,,,,,,,,,,,,,,,,,,,Merve
2026-04-08 07:01:44,2026-04-08 08:36:05,0,89.205.249.184,100,5661,1,2026-04-08 08:36:06,R_2qyOmhO2xyHVGpS,,,,,52.3591,4.793,anonymous,EN,1,1,ivm399,2,,18,1,1,,4,pedagogische wetenschappen,2,2,22,12,15,,8,,16,,15,,70,,,3,,,,,,3,3,3,3,5,1,2,4,2,2.165,25.571,26.731,12,3,3,3,3,3,3,3,3,1,4.297,16.401,18.811,9,2,2,2,2,3,3,2,2,2,3.741,24.831,26.023,11,3,3,3,3,3,3,3,5,3,3.799,17.637,18.829,9,2,3,3,3,3,3,3,3,3,4.027,17.397,18.2,9,4,3,3,3,3,3,3,3,3,5.2,24.475,25.555,9,1,3,3,3,3,3,3,3,3,3.388,15.541,16.716,9,0,2,8,1,2,1,1,5,53,1,5,59,1,2,2,0,3,43,2,4,2,1,6,5,7,2,3,2,5,5,3,6,5,4,6,4,4,1,4,1,4,5,2,2,4,3,4,4,4,2,1,1,1,3,4,3,5,5,5,3,5,4,6,1,5,4,5,3,4,5,7,3,4,4,4,4,4,4,5,2,5,2,4,7,4,4,3,5,6,2,,,26765,
2026-03-25 08:41:08,2026-03-25 08:43:37,0,145.89.85.87,18,148,0,2026-04-08 08:43:39,R_8fa0pWt2EiRA4fy,,,,,52.129,5.1583,anonymous,EN,1,2,,2,,21,1,2,,4,Journalism,3,6,22,10,,,,,,,,,,,,,,,,,,,,,,,,,,,,,,,,,,,,,,,,,,,,,,,,,,,,,,,,,,,,,,,,,,,,,,,,,,,,,,,,,,,,,,,,,,,,,,,,,,,,,,,,,,,,,,,,,,,,,,,,,,,,,,,,,,,,,,,,,,,,,,,,,,,,,,,,,,,,,,,,,,,,,,,,,,,,,,,,,,,,,,,,,,,,,,,,,,,,,,,,,,Merve
2026-03-25 08:22:35,2026-03-25 08:45:08,0,188.207.82.222,82,1352,0,2026-04-08 08:45:13,R_8PNu82tizFNIyrE,,,,,52.3824,4.8995,anonymous,EN,1,2,,2,,26,2,,,,,5,10,22,32,16,,5,,16,,5,,20,,2,,,,,,,2,4,4,5,2,4,4,4,4,5.352,77.143,77.971,16,2,2,2,4,1,4,5,4,1,10.054,64.317,65.537,17,2,2,1,2,4,5,2,1,1,6.099,62.82,64.142,20,3,1,2,2,4,2,4,5,4,14.229,81.19,82.672,19,2,4,4,4,2,4,2,4,3,5.172,62.256,64.876,16,1,4,2,5,4,4,3,2,2,4.533,51.274,53.525,16,1,1,1,2,1,4,3,1,2,11.517,83.067,97.199,17,1,5,80,1,6,90,0,2,20,0,3,40,1,4,75,1,4,70,,,,,,,,,,,,,2,7,1,6,7,2,,,,,,,,,,,,,,,,,,,,,,,,,,,,,,,,,,,,,,,,,,,,,,,,,,,,,,,,,,Merve
2026-03-25 09:00:09,2026-03-25 09:01:16,0,77.249.198.195,4,66,0,2026-04-08 09:01:21,R_8wjD0QYryRrP8IW,,,,,52.3806,4.8738,anonymous,EN,1,1,,,,,,,,,,,,,,,,,,,,,,,,,,,,,,,,,,,,,,,,,,,,,,,,,,,,,,,,,,,,,,,,,,,,,,,,,,,,,,,,,,,,,,,,,,,,,,,,,,,,,,,,,,,,,,,,,,,,,,,,,,,,,,,,,,,,,,,,,,,,,,,,,,,,,,,,,,,,,,,,,,,,,,,,,,,,,,,,,,,,,,,,,,,,,,,,,,,,,,,,,,,,,,,,,,,,,,,Sam
2026-04-08 03:55:30,2026-04-08 09:03:08,0,83.172.173.17,100,18458,1,2026-04-08 09:03:09,R_2ez0WaRSO6lymjZ,,,,,52.3824,4.8995,anonymous,EN,1,2,,1,,19,1,2,,4,Astronomy,3,2,22,5,7,,16,,15,,8,,100000,,,,1,,,,,1,5,3,4,2,3,4,3,1,1.731,89.255,90.632,16,2,3,4,5,2,2,2,2,1,8.587,105.625,114.705,19,4,1,2,2,3,4,1,4,2,26.651,86.613,87.8,18,2,3,2,2,1,2,3,5,3,11.701,122.732,124.781,18,2,4,3,4,3,2,3,2,3,7.019,95.678,96.384,26,1,3,3,2,1,2,5,2,1,7.672,85.121,85.801,20,1,3,4,1,1,4,3,2,4,13.543,117.089,119.914,15,1,5,80,1,5,72,1,4,57,0,3,39,0,2,27,0,3,39,6,2,3,1,6,4,7,1,6,1,5,3,2,7,3,5,3,5,5,1,6,1,4,2,2,3,6,6,4,3,6,2,3,1,6,4,2,7,4,7,6,1,4,7,5,7,7,1,5,5,2,5,7,1,2,2,4,1,1,5,5,3,7,1,4,7,2,6,5,6,7,1,,,,Lise
2026-03-25 08:57:07,2026-03-25 09:08:29,0,109.38.150.28,59,681,0,2026-04-08 09:08:34,R_8GDJrvwHG65oD0C,,,,,52.3543,4.8951,anonymous,EN,1,2,,1,,30,2,,,,,5,6,23,,,,,,,,,,,,,,,15,,8,,3,4,4,4,2,4,2,4,2,1.485,67.311,68.743,32,2,4,4,2,4,3,4,4,1,1.334,69.187,70.232,32,2,2,2,2,4,2,2,2,2,1.052,63.007,64.423,36,2,2,2,4,5,1,3,5,3,1.036,62.619,63.649,35,2,3,4,4,4,3,3,4,2,0.969,74.884,76.002,38,2,3,2,2,3,2,2,1,2,4.057,93.092,94.251,39,1,4,3,3,4,2,2,2,2,0.637,85.27,86.328,35,,,,,,,0,1,23,,,,,,,,,,,,,,,,,,,,,,,,,,,,,,,,,,,,,,,,,,,,,,,,,,,,,,,,,,,,,,,,,,,,,,,,,,,,,,,,,,,,,Sam
2026-03-25 09:28:05,2026-03-25 09:30:37,0,77.63.113.97,3,151,0,2026-04-08 09:30:37,R_89BtgHgBCJyrPpf,,,,,51.9235,4.4813,anonymous,EN,1,,,,,,,,,,,,,,,,,,,,,,,,,,,,,,,,,,,,,,,,,,,,,,,,,,,,,,,,,,,,,,,,,,,,,,,,,,,,,,,,,,,,,,,,,,,,,,,,,,,,,,,,,,,,,,,,,,,,,,,,,,,,,,,,,,,,,,,,,,,,,,,,,,,,,,,,,,,,,,,,,,,,,,,,,,,,,,,,,,,,,,,,,,,,,,,,,,,,,,,,,,,,,,,,,,,,,,,,Sam
2026-03-25 09:39:33,2026-03-25 09:39:42,0,77.63.64.236,1,8,0,2026-04-08 09:39:42,R_2PbcaM2LmoolMqO,,,,,52.3824,4.8995,anonymous,EN,,,,,,,,,,,,,,,,,,,,,,,,,,,,,,,,,,,,,,,,,,,,,,,,,,,,,,,,,,,,,,,,,,,,,,,,,,,,,,,,,,,,,,,,,,,,,,,,,,,,,,,,,,,,,,,,,,,,,,,,,,,,,,,,,,,,,,,,,,,,,,,,,,,,,,,,,,,,,,,,,,,,,,,,,,,,,,,,,,,,,,,,,,,,,,,,,,,,,,,,,,,,,,,,,,,,,,,,,Sam
2026-03-25 09:20:01,2026-03-25 09:44:15,0,77.162.227.47,83,1453,0,2026-04-08 09:44:20,R_2e1RxvJ7TpBwICZ,,,,,52.3744,4.9388,anonymous,EN,1,2,,2,,23,1,2,,4,"Pedagogy ",2,1,22,18,21,Funeral director,6,,16,,5,,40,,2,,,,,,,1,4,4,2,3,3,2,4,2,10.984,117.724,118.948,28,2,5,3,4,2,4,4,4,1,1.27,86.153,88.229,31,2,2,2,3,4,3,2,3,4,5.398,142.628,143.92,35,2,2,2,2,2,2,4,4,5,2.254,137.702,138.822,29,2,2,4,4,3,3,2,4,2,6.333,89.368,91.898,24,3,3,3,4,3,4,4,2,4,4.504,63.273,64.055,26,1,2,2,2,3,2,4,2,2,1.916,114.07,115.766,28,1,5,71,0,4,58,0,1,20,1,5,75,0,2,42,0,3,40,,,,,,,,,,,,,4,4,4,4,4,4,,,,,,,,,,,,,,,,,,,,,,,,,,,,,,,,,,,,,,,,,,,4,4,4,4,3,4,,,,,,,,,,Sam
2026-03-25 08:55:16,2026-03-25 09:47:13,0,92.109.217.55,90,3116,0,2026-04-08 09:47:14,R_2k7JWLyuD1W6O8S,,,,,52.4329,4.9129,anonymous,EN,1,2,,2,,55,2,,,,,2,32,22,30,4,,2,,4,,2,,35,,3,,,,,,,5,4,4,3,2,4,2,4,2,1.594,177.184,178.448,15,4,4,2,2,2,2,2,4,1,6.17,105.778,106.432,13,2,4,2,2,4,5,3,2,2,7.403,76.522,78.977,13,2,2,3,2,4,2,4,1,2,7.543,90.853,94.521,15,2,4,2,4,3,2,2,4,2,3.628,108.919,111.613,17,2,3,3,4,2,4,2,2,2,1.637,55.408,57.853,15,2,2,4,3,2,3,2,2,2,8.092,97.264,99.667,15,1,5,72,1,5,75,0,2,19,1,5,75,0,2,24,1,5,83,,,,,,,7,7,7,1,7,1,,,,,,,7,7,7,1,7,1,,,,,,,,,,,,,7,7,7,1,7,4,7,7,7,1,7,1,7,1,7,1,7,1,7,7,7,1,7,1,7,7,7,1,7,1,,,,,,,,,,Sam
2026-03-25 09:51:18,2026-03-25 09:53:33,0,92.109.217.55,1,135,0,2026-04-08 09:53:35,R_2lM3DdXTGowI4TJ,,,,,52.4329,4.9129,anonymous,EN,,,,,,,,,,,,,,,,,,,,,,,,,,,,,,,,,,,,,,,,,,,,,,,,,,,,,,,,,,,,,,,,,,,,,,,,,,,,,,,,,,,,,,,,,,,,,,,,,,,,,,,,,,,,,,,,,,,,,,,,,,,,,,,,,,,,,,,,,,,,,,,,,,,,,,,,,,,,,,,,,,,,,,,,,,,,,,,,,,,,,,,,,,,,,,,,,,,,,,,,,,,,,,,,,,,,,,,,,Sam
2026-03-25 09:17:05,2026-03-25 09:54:18,0,77.63.96.84,38,2232,0,2026-04-08 09:54:21,R_2Cwho2wIG5tdqJd,,,,,51.9235,4.4813,anonymous,EN,1,2,,2,,25,1,6,Bachelor 4,4,Dental hygiene,2,9,22,9,16,,10,,16,,11,,9,2,,,,,,,,2,4,3,4,1,3,3,4,5,4.451,110,110.809,26,,,,,,,,,,,,,,,,,,,,,,,,,,,,,,,,,,,,,,,,,,,,,,,,,,,,,,,,,,,,,,,,,,,,,,,,,,,,,,,,,,,,,,,,,,,,,,,,,,,,,,,,,,,,,,,,,,,,,,,,,,,,,,,,,,,,,,,,,,,,,,,,,,,,,,,,,,,,,,,,,,,,,,,,,,,,Merve
2026-03-25 09:57:46,2026-03-25 09:58:02,0,5.132.110.246,1,16,0,2026-04-08 09:58:04,R_2AvhQ2OLfqti4Kt,,,,,52.5056,5.475,anonymous,EN,,,,,,,,,,,,,,,,,,,,,,,,,,,,,,,,,,,,,,,,,,,,,,,,,,,,,,,,,,,,,,,,,,,,,,,,,,,,,,,,,,,,,,,,,,,,,,,,,,,,,,,,,,,,,,,,,,,,,,,,,,,,,,,,,,,,,,,,,,,,,,,,,,,,,,,,,,,,,,,,,,,,,,,,,,,,,,,,,,,,,,,,,,,,,,,,,,,,,,,,,,,,,,,,,,,,,,,,,Merve
2026-03-25 10:02:21,2026-03-25 10:04:29,0,212.187.116.22,21,128,0,2026-04-08 10:04:36,R_2PPXGmZu7jemfQJ,,,,,52.3672,4.918,anonymous,EN,1,2,,2,,22,1,4,,4,Forensic psychology,4,4,22,30,15,,8,,,,,,,,,,,,,,,,,,,,,,,,,,,,,,,,,,,,,,,,,,,,,,,,,,,,,,,,,,,,,,,,,,,,,,,,,,,,,,,,,,,,,,,,,,,,,,,,,,,,,,,,,,,,,,,,,,,,,,,,,,,,,,,,,,,,,,,,,,,,,,,,,,,,,,,,,,,,,,,,,,,,,,,,,,,,,,,,,,,,,,,,,,,,,,,,,,,,,,,Sam
2026-03-25 10:04:50,2026-03-25 10:04:54,0,104.28.30.74,1,4,0,2026-04-08 10:04:58,R_8N82LjwsXdiiL9W,,,,,52.3759,4.8975,anonymous,EN,,,,,,,,,,,,,,,,,,,,,,,,,,,,,,,,,,,,,,,,,,,,,,,,,,,,,,,,,,,,,,,,,,,,,,,,,,,,,,,,,,,,,,,,,,,,,,,,,,,,,,,,,,,,,,,,,,,,,,,,,,,,,,,,,,,,,,,,,,,,,,,,,,,,,,,,,,,,,,,,,,,,,,,,,,,,,,,,,,,,,,,,,,,,,,,,,,,,,,,,,,,,,,,,,,,,,,,,,Merve
2026-03-25 10:10:02,2026-03-25 10:12:24,0,77.63.4.193,17,141,0,2026-04-08 10:12:30,R_825DELa8cqLc5Ia,,,,,52.3824,4.8995,anonymous,EN,1,2,,2,,24,1,6,Bachelor 4 HO,4,"Toegepaste psychologie, Applied Psychology ",2,1,22,,,,,,,,,,,,,,,,,,,,,,,,,,,,,,,,,,,,,,,,,,,,,,,,,,,,,,,,,,,,,,,,,,,,,,,,,,,,,,,,,,,,,,,,,,,,,,,,,,,,,,,,,,,,,,,,,,,,,,,,,,,,,,,,,,,,,,,,,,,,,,,,,,,,,,,,,,,,,,,,,,,,,,,,,,,,,,,,,,,,,,,,,,,,,,,,,,,,,,,,,,,Merve
2026-03-25 09:55:43,2026-03-25 10:15:03,0,77.250.67.32,85,1159,0,2026-04-08 10:15:05,R_8bc01ilho2vooEh,,,,,52.3521,4.9138,anonymous,EN,1,2,,2,,24,1,4,,4,Forensisch Orthopedagogiek,4,8,23,,,,,,,,,,,,,,,16,,5,,2,4,4,4,4,2,4,3,4,3.473,134.127,134.602,18,2,4,2,4,2,3,5,4,1,0.042,86.233,86.659,25,2,2,4,2,4,4,4,4,4,4.128,56.561,57.347,17,4,2,4,2,2,2,4,5,4,4.652,70.466,71.068,22,3,2,4,4,4,4,2,2,4,5.932,72.401,95.297,21,4,2,2,4,3,4,2,4,2,4.864,60.468,61.119,19,1,4,3,1,2,2,4,4,2,2.032,73.165,73.583,20,1,5,71,1,6,84,0,3,55,1,5,65,0,2,72,1,4,63,,,,,,,,,,,,,7,2,7,2,2,7,,,,,,,,,,,,,7,2,2,2,2,7,,,,,,,,,,,,,,,,,,,,,,,,,6,2,6,2,2,6,,,,,,,,,,Sam
2026-03-25 10:19:33,2026-03-25 10:19:42,0,77.163.245.86,1,9,0,2026-04-08 10:19:46,R_8KO6GnmKD40rYVX,,,,,51.9455,5.2109,anonymous,EN,,,,,,,,,,,,,,,,,,,,,,,,,,,,,,,,,,,,,,,,,,,,,,,,,,,,,,,,,,,,,,,,,,,,,,,,,,,,,,,,,,,,,,,,,,,,,,,,,,,,,,,,,,,,,,,,,,,,,,,,,,,,,,,,,,,,,,,,,,,,,,,,,,,,,,,,,,,,,,,,,,,,,,,,,,,,,,,,,,,,,,,,,,,,,,,,,,,,,,,,,,,,,,,,,,,,,,,,,Sam
2026-03-25 10:34:02,2026-03-25 10:34:10,0,84.83.146.151,3,8,0,2026-04-08 10:34:11,R_2FkrF6c8moOZOQf,,,,,51.5711,4.8031,anonymous,EN,1,,,,,,,,,,,,,,,,,,,,,,,,,,,,,,,,,,,,,,,,,,,,,,,,,,,,,,,,,,,,,,,,,,,,,,,,,,,,,,,,,,,,,,,,,,,,,,,,,,,,,,,,,,,,,,,,,,,,,,,,,,,,,,,,,,,,,,,,,,,,,,,,,,,,,,,,,,,,,,,,,,,,,,,,,,,,,,,,,,,,,,,,,,,,,,,,,,,,,,,,,,,,,,,,,,,,,,,,Sam
2026-04-02 06:15:27,2026-04-08 10:49:11,0,145.108.84.70,100,534824,1,2026-04-08 10:49:12,R_84zL4wYKOSOy2vw,,,,,52.3824,4.8995,anonymous,EN,1,1,nts816,2,,20,1,1,,4,pedagogical sciences,2,5,22,20,15,,8,,15,,24,"clinical development psychologist ",100,,,1,,,,,,1,4,4,4,5,4,5,3,2,1187.929,1260.395,1262.13,10,2,4,1,2,3,4,5,3,1,5.603,61.302,62.292,11,2,2,3,1,5,5,1,5,4,35.39,70.639,71.952,10,4,1,5,4,1,4,4,5,4,29.635,100.231,100.869,11,2,5,4,2,3,5,4,5,3,3.177,53.293,54.054,16,2,5,2,5,1,2,2,4,1,3.733,59.399,60.159,11,1,4,3,1,3,4,4,1,1,20.206,54.155,55.313,13,1,5,77,1,6,89,0,2,26,1,6,97,1,5,73,1,6,95,1,4,6,7,7,1,7,2,2,1,3,5,4,7,4,6,6,3,5,1,1,1,1,6,6,2,7,2,3,3,5,1,1,1,3,4,2,7,6,7,7,1,7,2,4,2,3,4,2,2,4,7,7,1,4,3,2,2,1,6,5,3,2,3,2,7,2,5,6,6,7,1,,,26909,
2026-03-25 11:17:41,2026-03-25 11:17:46,0,178.230.37.146,1,4,0,2026-04-08 11:17:47,R_2po6MJw0U20GTEq,,,,,51.9235,4.4813,anonymous,EN,,,,,,,,,,,,,,,,,,,,,,,,,,,,,,,,,,,,,,,,,,,,,,,,,,,,,,,,,,,,,,,,,,,,,,,,,,,,,,,,,,,,,,,,,,,,,,,,,,,,,,,,,,,,,,,,,,,,,,,,,,,,,,,,,,,,,,,,,,,,,,,,,,,,,,,,,,,,,,,,,,,,,,,,,,,,,,,,,,,,,,,,,,,,,,,,,,,,,,,,,,,,,,,,,,,,,,,,,Merve
2026-03-25 11:23:46,2026-03-25 11:24:02,0,178.230.124.97,1,15,0,2026-04-08 11:24:07,R_8LZL5d2JeZic7K9,,,,,52.3824,4.8995,anonymous,EN,,,,,,,,,,,,,,,,,,,,,,,,,,,,,,,,,,,,,,,,,,,,,,,,,,,,,,,,,,,,,,,,,,,,,,,,,,,,,,,,,,,,,,,,,,,,,,,,,,,,,,,,,,,,,,,,,,,,,,,,,,,,,,,,,,,,,,,,,,,,,,,,,,,,,,,,,,,,,,,,,,,,,,,,,,,,,,,,,,,,,,,,,,,,,,,,,,,,,,,,,,,,,,,,,,,,,,,,26852,
2026-03-25 11:29:00,2026-03-25 11:34:28,0,149.38.4.42,52,327,0,2026-04-08 11:34:29,R_8I8mDBvRmsMmCpr,,,,,48.2049,16.3662,anonymous,EN,1,2,,1,,21,1,3,,4,Business,2,0,23,,,,,,,,,,,,,,,12,,2,,2,3,4,4,1,2,5,5,2,5.677,41.664,42.399,22,1,4,1,4,2,3,5,4,1,3.118,37.625,38.344,16,2,1,2,1,5,4,2,5,4,2.295,49,50.049,16,2,2,2,3,2,4,5,5,4,1.289,55.194,55.763,25,5,3,5,5,4,5,5,1,5,3.084,36.36,36.995,21,4,5,1,4,2,2,2,4,3,3.306,32.767,33.386,19,,,,,,,,,,,,,,,,,,,,,,,,,,,,,,,,,,,,,,,,,,,,,,,,,,,,,,,,,,,,,,,,,,,,,,,,,,,,,,,,,,,,,,,,,,,,,,,,,,,,,,,,,,,Bopha
2026-03-25 11:31:47,2026-03-25 11:37:42,0,84.29.176.176,17,354,0,2026-04-08 11:37:50,R_2CI6KdqF8KNkZAO,,,,,52.2829,4.8287,anonymous,EN,1,2,,2,,26,1,3,,4,Art history,4,0,22,,,,,,,,,,,,,,,,,,,,,,,,,,,,,,,,,,,,,,,,,,,,,,,,,,,,,,,,,,,,,,,,,,,,,,,,,,,,,,,,,,,,,,,,,,,,,,,,,,,,,,,,,,,,,,,,,,,,,,,,,,,,,,,,,,,,,,,,,,,,,,,,,,,,,,,,,,,,,,,,,,,,,,,,,,,,,,,,,,,,,,,,,,,,,,,,,,,,,,,,,,,Merve
2026-03-25 11:05:49,2026-03-25 11:40:57,0,213.10.203.64,83,2107,0,2026-04-08 11:41:02,R_8LY0d4Krt3C5iYF,,,,,52.3665,4.9353,anonymous,EN,1,2,,2,,60,2,,,,,4,40,23,,,,,,,,,,,,,,,13,,8,,1,5,3,4,4,3,3,4,3,5.128,66.371,67.401,18,2,4,4,4,2,2,4,3,1,9.566,59.72,60.754,17,4,5,2,2,4,3,2,4,1,17.603,62.498,63.436,16,3,2,2,2,2,2,4,5,4,7.754,59.705,61.236,15,2,5,3,4,4,3,4,2,3,4.847,71.899,72.891,16,1,4,3,3,3,4,3,4,2,3.958,47.383,48.328,16,1,4,3,2,2,2,4,3,3,7.516,49.367,50.353,14,0,3,60,1,5,96,0,1,85,1,5,89,1,4,76,0,1,95,,,,,,,,,,,,,,,,,,,,,,,,,,,,,,,3,6,2,4,3,4,,,,,,,,,,,,,,,,,,,,,,,,,4,4,3,3,4,1,,,,,,,,,,Sam
2026-03-25 11:35:06,2026-03-25 11:48:22,0,138.251.118.255,89,796,0,2026-04-08 11:48:29,R_2yljn6uIxk6cXVn,,,,,56.3387,-2.799,anonymous,EN,1,2,,2,,20,1,2,,4,"History of Art ",2,0,23,,,,,,,,,,,,,,,10,,2,,1,3,4,3,4,4,4,4,4,2.784,44.323,46.085,22,4,5,4,4,2,4,4,3,3,2.093,46.422,47.738,30,2,2,4,3,4,4,3,4,4,1.057,87.748,88.4,25,4,2,3,5,3,3,3,5,4,1.038,42.35,42.912,23,2,4,4,4,4,4,4,4,4,0.946,32.248,32.793,19,4,2,3,4,2,3,3,5,4,0.962,36.934,37.43,18,2,3,2,1,4,2,4,2,2,1.084,39.026,39.501,24,0,3,44,0,2,21,0,2,25,1,5,70,0,2,36,0,2,30,4,4,1,1,4,6,,,,,,,,,,,,,,,,,,,,,,,,,,,,,,,,,,,,,1,2,4,5,5,4,1,3,4,6,7,2,4,5,2,2,3,7,1,3,3,3,4,5,1,1,1,1,2,7,,,,Bopha
2026-03-25 12:23:58,2026-03-25 13:30:10,0,84.105.250.60,97,3972,0,2026-04-08 13:30:12,R_2lKfkWnfJZTLTdl,,,,,52.5024,4.8077,anonymous,EN,1,2,,2,,56,2,,,,,4,31,22,20,15,,17,,15,,17,,50,,,3,,,,,,3,4,4,4,2,5,4,4,3,14.021,84.035,84.646,17,2,4,1,3,2,4,3,4,1,13.638,142.77,143.484,14,3,1,2,2,4,4,2,3,2,8.607,96.812,98.61,21,2,3,2,2,2,2,3,5,3,13.095,150.461,151.423,26,2,4,3,4,3,4,5,2,3,8.18,107.138,107.956,22,2,3,3,4,1,4,3,2,2,7.213,96.516,97.69,20,1,4,4,3,2,2,3,4,2,13.536,297.018,298.621,24,1,5,80,1,5,80,0,2,30,0,3,41,0,2,20,0,2,30,2,2,5,5,3,2,4,4,4,4,4,4,5,5,5,4,2,6,6,2,2,2,2,6,5,3,3,2,4,5,4,4,4,4,4,4,3,3,5,5,5,3,5,4,3,4,5,4,4,4,4,5,4,4,4,4,4,4,4,4,3,3,4,2,3,3,2,4,4,4,4,6,,,,Sam
2026-03-25 12:58:36,2026-03-25 13:33:35,0,84.28.176.185,93,2099,0,2026-04-08 13:33:37,R_887Q2XJci3MSjfP,,,,,52.5509,4.683,anonymous,EN,1,2,,1,,60,2,,,,,5,2,22,50,15,,8,,15,,8,,50,,,4,,,,,,2,4,3,5,1,4,5,4,2,12.144,140.598,143.491,27,2,2,1,2,5,2,5,4,1,2.12,168.867,170.743,27,2,5,2,1,5,3,1,5,3,9.03,120.115,121.969,23,2,1,2,1,5,2,3,5,4,1.715,122.774,124.501,25,3,4,4,3,2,3,2,1,4,5.229,116.409,118.431,27,2,4,2,3,2,2,1,4,1,1.38,104.515,106.386,30,1,4,4,1,3,2,3,2,1,1.255,209.37,210.662,34,1,5,80,1,4,55,0,3,40,0,3,45,1,5,73,0,2,20,4,4,4,4,4,4,4,4,4,4,4,4,4,4,4,4,4,4,4,4,4,4,4,4,,,,,,,4,4,4,4,4,4,,,,,,,4,4,4,4,4,4,4,4,4,4,4,4,,,,,,,4,4,4,4,4,4,4,4,4,4,4,4,,,,Sam
2026-03-25 13:53:31,2026-03-25 13:55:10,0,178.84.230.37,14,99,0,2026-04-08 13:55:15,R_8z5qLFPwOESK5pO,,,,,52.352,4.9392,anonymous,EN,1,2,,2,,21,2,,,,,4,,,,,,,,,,,,,,,,,,,,,,,,,,,,,,,,,,,,,,,,,,,,,,,,,,,,,,,,,,,,,,,,,,,,,,,,,,,,,,,,,,,,,,,,,,,,,,,,,,,,,,,,,,,,,,,,,,,,,,,,,,,,,,,,,,,,,,,,,,,,,,,,,,,,,,,,,,,,,,,,,,,,,,,,,,,,,,,,,,,,,,,,,,,,,,,,,,,,,,,,,,,,,Bopha
2026-03-25 13:54:43,2026-03-25 13:59:02,0,178.230.87.251,1,258,0,2026-04-08 13:59:15,R_2ZNvWytS4cdZtZ1,,,,,51.9235,4.4813,anonymous,EN,,,,,,,,,,,,,,,,,,,,,,,,,,,,,,,,,,,,,,,,,,,,,,,,,,,,,,,,,,,,,,,,,,,,,,,,,,,,,,,,,,,,,,,,,,,,,,,,,,,,,,,,,,,,,,,,,,,,,,,,,,,,,,,,,,,,,,,,,,,,,,,,,,,,,,,,,,,,,,,,,,,,,,,,,,,,,,,,,,,,,,,,,,,,,,,,,,,,,,,,,,,,,,,,,,,,,,,,26807,
2026-03-25 14:38:37,2026-03-25 14:59:46,0,178.224.63.178,97,1268,0,2026-04-08 14:59:48,R_2dn2dxCYfO0HvpX,,,,,52.3426,4.8631,anonymous,EN,1,2,,2,,21,1,3,,4,"Philosophy, Politics and Economics",2,4,22,20,18,,13,,18,,9,,50,,,1,,,,,,1,4,3,4,5,2,5,4,3,1.494,32.234,32.977,16,2,4,4,5,2,4,5,5,1,1.372,33.438,34.155,17,2,2,3,4,3,5,2,4,4,3.729,48.924,49.583,19,3,3,4,3,2,3,2,5,4,5.561,40.424,41.125,16,2,4,5,3,4,5,2,4,4,2.501,32.358,32.974,17,2,2,4,3,3,4,2,3,3,4.105,28.321,28.901,15,1,2,3,1,2,4,3,2,2,8.046,48.766,49.381,17,1,4,54,1,4,60,0,1,27,0,3,41,0,3,45,0,2,30,3,4,4,6,4,5,6,3,5,1,1,5,4,6,5,5,5,4,7,1,6,2,3,5,5,2,7,2,2,5,3,3,2,3,3,4,3,6,4,7,7,2,3,5,4,3,5,3,2,5,4,7,7,3,5,2,4,1,2,4,6,2,5,2,3,7,4,5,3,5,4,1,,,,Bopha
2026-03-25 15:06:37,2026-03-25 15:06:54,0,5.132.110.246,3,17,0,2026-04-08 15:07:02,R_814hDSGM7i6KVKp,,,,,52.5056,5.475,anonymous,EN,1,,,,,,,,,,,,,,,,,,,,,,,,,,,,,,,,,,,,,,,,,,,,,,,,,,,,,,,,,,,,,,,,,,,,,,,,,,,,,,,,,,,,,,,,,,,,,,,,,,,,,,,,,,,,,,,,,,,,,,,,,,,,,,,,,,,,,,,,,,,,,,,,,,,,,,,,,,,,,,,,,,,,,,,,,,,,,,,,,,,,,,,,,,,,,,,,,,,,,,,,,,,,,,,,,,,,,,,,Merve
2026-03-25 15:36:25,2026-03-25 15:36:38,0,92.109.213.222,3,13,0,2026-04-08 15:36:47,R_22yxLowY3DD9lDD,,,,,52.3889,4.9522,anonymous,EN,1,,,,,,,,,,,,,,,,,,,,,,,,,,,,,,,,,,,,,,,,,,,,,,,,,,,,,,,,,,,,,,,,,,,,,,,,,,,,,,,,,,,,,,,,,,,,,,,,,,,,,,,,,,,,,,,,,,,,,,,,,,,,,,,,,,,,,,,,,,,,,,,,,,,,,,,,,,,,,,,,,,,,,,,,,,,,,,,,,,,,,,,,,,,,,,,,,,,,,,,,,,,,,,,,,,,,,,,,Sam
2026-03-25 22:15:16,2026-03-25 22:34:50,0,202.58.196.69,80,1174,0,2026-04-08 22:34:57,R_9uWKUZ3LGkCRSBp,,,,,-8.8304,115.1705,anonymous,EN,1,2,,1,,36,2,,,,,3,21,22,50,12,,24,Executive,13,,2,,25,,3,,,,,,,3,4,3,4,1,1,4,5,5,7.01,52.699,53.758,9,2,4,1,4,1,5,3,2,1,5.077,63.214,64.513,10,2,1,3,4,4,1,2,4,3,6.753,58.031,58.812,11,2,2,2,1,2,1,2,5,3,4.647,68.626,69.513,10,2,2,5,4,1,2,5,2,4,3.303,44.22,45.781,10,2,2,3,4,2,2,4,2,2,4.366,47.511,48.223,10,1,3,5,1,2,3,3,2,1,6.67,58.784,59.518,10,0,1,6,0,3,25,1,5,95,0,1,9,0,1,7,0,1,1,,,,,,,,,,,,,,,,,,,,,,,,,,,,,,,,,,,,,,,,,,,,,,,,,,,,,,,,,,,,,,,,,,,,,,,,,,,,Sam
2026-03-26 01:16:13,2026-03-26 01:21:32,0,178.230.28.155,35,318,0,2026-04-09 01:21:34,R_2OW8Cm7s2zfEVwD,,,,,52.3824,4.8995,anonymous,EN,1,2,,2,,21,1,6,Bachelor 4,4,Biology and Medical Laboratory Research,2,4,22,20,16,,24,Researcher,16,,24,"Chemical analyst in healthcare (including research) ",17000,,,,4,,,,,,,,,,,,,,,,,,,,,,,,,,,,,,,,,,,,,,,,,,,,,,,,,,,,,,,,,,,,,,,,,,,,,,,,,,,,,,,,,,,,,,,,,,,,,,,,,,,,,,,,,,,,,,,,,,,,,,,,,,,,,,,,,,,,,,,,,,,,,,,,,,,,,,,,,,,,,,,,,,,,,,,,,,,,,,,,,,,,,,,,,,,,,Merve
2026-04-09 01:44:50,2026-04-09 02:13:40,0,172.225.253.137,100,1730,1,2026-04-09 02:13:42,R_85zrUXLqLnrK8mE,,,,,52.3716,4.8883,anonymous,EN,1,1,qhc469,2,,22,1,2,,4," Pedagogical Sciences",2,6,22,15,18,,13,,15,,8,,60,,,4,,,,,,4,4,2,4,2,4,2,5,5,7.686,52.369,52.979,11,2,4,3,2,2,4,4,2,1,3.857,54.075,56.61,10,4,3,1,3,4,3,1,2,2,4.402,42.42,43.364,10,2,2,3,1,4,2,4,5,3,4.854,66.924,68.165,13,2,4,2,3,2,3,4,2,3,3.461,48.542,50.285,10,1,4,3,4,1,4,4,2,2,3.868,40.353,41.364,11,1,4,2,4,2,3,2,3,3,2.614,53.465,54.097,9,0,3,45,1,5,60,0,1,10,0,3,40,0,2,30,0,2,30,1,5,3,6,6,5,7,3,5,3,3,6,3,7,6,2,5,4,5,1,6,3,3,4,6,2,7,2,3,6,5,4,1,4,3,4,2,5,5,7,5,3,5,5,5,4,5,6,4,2,4,4,7,2,3,4,4,3,2,4,3,3,6,3,2,7,3,5,3,4,7,1,,,25034,
2026-03-26 03:18:54,2026-03-26 03:20:42,0,109.36.224.4,18,107,0,2026-04-09 03:20:43,R_2mWpWZD9v46c6HU,,,,,51.9281,4.5052,anonymous,EN,1,2,,2,,22,1,4,,4,Communication Science,4,7,22,15,,,,,,,,,,,,,,,,,,,,,,,,,,,,,,,,,,,,,,,,,,,,,,,,,,,,,,,,,,,,,,,,,,,,,,,,,,,,,,,,,,,,,,,,,,,,,,,,,,,,,,,,,,,,,,,,,,,,,,,,,,,,,,,,,,,,,,,,,,,,,,,,,,,,,,,,,,,,,,,,,,,,,,,,,,,,,,,,,,,,,,,,,,,,,,,,,,,,,,,,,,Sam
2026-03-25 10:54:11,2026-03-26 03:47:16,0,146.50.233.150,82,60785,0,2026-04-09 03:47:18,R_2YbKJPXlE3nN4ad,,,,,52.364,4.8913,anonymous,EN,1,2,,2,,21,1,3,,4,Economics and Business Economics,2,0,23,,,,,,,,,,,,,,,10,,2,,3,4,2,4,3,2,4,4,2,3.338,25.789,27.229,9,2,4,4,3,2,4,5,5,1,3.159,27.491,28.347,9,2,2,1,3,4,5,1,2,4,2.429,24.898,25.888,10,1,2,4,2,4,2,3,5,5,3.915,24.381,25.139,9,2,4,4,2,4,4,2,3,3,5.555,29.139,29.845,12,2,3,3,5,1,4,3,2,1,3.234,27.017,27.759,10,1,2,4,2,1,4,4,1,3,3.725,31.625,32.281,10,1,5,77,1,6,97,0,1,17,0,3,28,1,4,65,1,4,54,,,,,,,,,,,,,5,5,2,6,6,2,,,,,,,,,,,,,,,,,,,,,,,,,,,,,,,,,,,,,,,,,,,,,,,,,,,,,,,,,,Bopha
2026-03-26 03:49:57,2026-03-26 03:50:29,0,169.150.196.24,10,31,0,2026-04-09 03:50:29,R_2REOrrkgkUz2UiR,,,,,52.3759,4.8975,anonymous,EN,1,2,,2,,20,1,,,,,,,,,,,,,,,,,,,,,,,,,,,,,,,,,,,,,,,,,,,,,,,,,,,,,,,,,,,,,,,,,,,,,,,,,,,,,,,,,,,,,,,,,,,,,,,,,,,,,,,,,,,,,,,,,,,,,,,,,,,,,,,,,,,,,,,,,,,,,,,,,,,,,,,,,,,,,,,,,,,,,,,,,,,,,,,,,,,,,,,,,,,,,,,,,,,,,,,,,,,,,,,,,,Merve
2026-04-09 03:31:36,2026-04-09 04:04:51,0,213.93.144.91,100,1994,1,2026-04-09 04:04:51,R_8jQ7jLmsZuYDBAZ,,,,,52.3782,4.853,anonymous,EN,1,1,obn620,1,,24,1,2,,1,,4,1,22,16,15,,21,,16,,11,,80,,,1,,,,,,3,4,3,4,1,2,4,4,3,59.265,115.499,116.569,11,2,4,4,4,3,2,4,4,1,51.778,82.73,83.833,11,2,3,3,3,3,4,4,4,2,197.273,326.789,328.498,10,2,2,2,2,5,4,4,4,4,407.651,435.726,436.921,11,1,3,4,3,4,3,3,3,3,6.633,37.94,39.225,13,2,2,3,5,3,2,4,3,2,93.15,156.435,157.574,11,3,3,2,2,4,4,3,1,2,5.121,39.341,40.755,12,1,5,80,1,5,78,0,1,8,0,2,32,1,6,91,0,2,29,4,3,4,3,4,3,3,4,3,4,3,3,4,3,4,3,3,3,4,3,3,3,3,3,4,5,6,6,5,5,4,3,4,3,3,4,4,3,3,3,2,3,4,3,3,5,6,5,4,5,5,4,5,4,3,2,3,2,5,3,4,4,3,3,4,3,3,3,3,4,3,3,,,25135,
2026-03-26 04:20:16,2026-03-26 04:40:06,0,145.3.246.16,82,1190,0,2026-04-09 04:40:09,R_8MEYMTCzhRuW4IT,,,,,52.3712,4.9044,anonymous,EN,1,2,,2,,23,1,1,,4,Communication and Multimedia  Design,2,0,23,,,,,,,,,,,,,,,21,"Informatica Design ",24,"Graphic Design and Front-end Programming ",2,5,1,2,4,1,4,5,4,3.03,49.473,50.299,18,1,4,2,5,1,4,2,4,1,1.607,74.478,76.019,23,2,3,4,4,2,3,2,5,1,1.613,35.729,37.087,20,1,2,4,1,4,1,2,5,2,1.261,46.397,47.258,21,1,5,2,5,4,2,2,2,4,2.759,50.252,51.162,25,1,1,4,4,2,1,5,1,5,0.767,42.798,43.384,20,1,2,1,2,1,2,4,4,1,2.412,37.038,37.492,16,0,1,40,1,5,83,1,5,92,0,2,50,0,2,47,0,5,86,,,,,,,,,,,,,,,,,,,,,,,,,,,,,,,,,,,,,,,,,,,,,,,,,3,1,6,2,7,4,,,,,,,,,,,,,,,,,,,,,,Merve
2026-04-09 05:04:31,2026-04-09 05:38:42,0,195.240.75.114,100,2050,1,2026-04-09 05:38:42,R_2QlN3RzjF6ppbvJ,,,,,52.0544,5.2365,anonymous,EN,1,1,bok925,2,,18,1,1,,1,,2,2,23,,,,,,,,,,,,,,,16,,5,,2,2,2,4,2,3,2,3,2,11.073,49.041,50.363,9,2,3,3,4,2,3,4,2,2,23.886,61.403,63.994,9,3,3,2,2,4,2,2,4,4,28.234,62.35,63.808,9,2,3,2,3,4,3,3,5,3,10.703,84.949,85.9,9,4,2,4,3,3,3,4,4,3,7.171,54.68,56.02,9,3,4,3,3,2,2,3,4,2,13.544,38.659,39.901,9,1,2,3,3,4,2,2,4,3,9.048,63.799,65.056,9,0,2,29,1,5,68,0,2,30,0,3,45,1,5,80,0,2,14,1,3,2,5,5,3,6,3,5,3,3,4,3,5,3,4,5,4,3,2,5,3,3,4,3,5,7,4,4,4,3,3,4,3,5,5,3,5,4,5,6,4,6,4,5,2,4,3,3,2,3,4,7,3,3,3,4,2,2,6,4,3,5,2,3,7,5,4,5,5,6,1,,,26486,
2026-04-09 05:04:14,2026-04-09 05:47:43,0,145.108.90.183,100,2609,1,2026-04-09 05:47:44,R_8sn3pzKmcGk4aGB,,,,,52.3719,4.8829,anonymous,EN,1,1,ddx365,2,,18,1,1,,1,,2,0,23,,,,,,,,,,,,,,,16,,11,,1,4,4,2,4,4,2,4,4,5.86,39.308,40.186,9,4,4,4,4,3,4,3,4,1,4.204,35.622,39.701,11,4,2,2,4,3,4,2,2,2,3.369,30.864,31.76,9,4,4,4,4,2,2,4,5,2,4.365,31.42,32.327,9,2,2,4,4,4,2,2,1,4,6.633,39.025,39.825,11,2,4,4,4,2,1,2,3,4,59.417,117.211,118.071,10,1,2,2,2,2,4,2,4,4,8.574,38.243,39.057,9,0,2,22,0,2,13,0,2,30,1,5,82,1,5,70,0,1,1,1,1,4,3,5,3,7,4,1,1,4,2,1,6,2,2,2,3,2,1,1,1,6,2,7,4,6,2,2,7,1,3,2,2,3,2,1,3,2,3,3,2,1,1,1,2,6,2,5,1,2,2,7,2,3,2,2,2,1,5,5,5,2,2,1,7,1,2,3,1,4,1,,,26271,
2026-03-26 01:26:10,2026-03-26 05:53:50,0,87.212.163.8,44,16059,0,2026-04-09 05:53:54,R_8o20O0weomfttR0,,,,,52.3541,4.8975,anonymous,EN,1,1,JUL,2,,24,1,6,Bachelor 4,4,Physical therapy,4,0,22,15,16,,10,,16,,9,,40,,1,,,,,,,5,4,2,4,2,2,2,5,2,6.847,56.904,58.315,9,2,4,3,4,2,4,5,2,1,5.897,81.183,82.108,10,2,2,2,3,4,4,2,3,1,24.726,122.668,124.064,9,,,,,,,,,,,,,,,,,,,,,,,,,,,,,,,,,,,,,,,,,,,,,,,,,,,,,,,,,,,,,,,,,,,,,,,,,,,,,,,,,,,,,,,,,,,,,,,,,,,,,,,,,,,,,,,,,,,,,,,,,,,,,,,,,,,,,,,,,,,,,,,,,,Sam
2026-03-26 05:53:45,2026-03-26 05:55:04,0,104.28.30.75,6,78,0,2026-04-09 05:55:04,R_8tEyUO4lViCDgMa,,,,,52.3759,4.8975,anonymous,EN,1,2,,,,,,,,,,,,,,,,,,,,,,,,,,,,,,,,,,,,,,,,,,,,,,,,,,,,,,,,,,,,,,,,,,,,,,,,,,,,,,,,,,,,,,,,,,,,,,,,,,,,,,,,,,,,,,,,,,,,,,,,,,,,,,,,,,,,,,,,,,,,,,,,,,,,,,,,,,,,,,,,,,,,,,,,,,,,,,,,,,,,,,,,,,,,,,,,,,,,,,,,,,,,,,,,,,,,,,,Sam
2026-03-25 08:53:34,2026-03-26 06:42:22,0,92.67.129.74,97,78528,0,2026-04-09 06:42:27,R_2RNl0zdE8xiJHhL,,,,,52.364,4.8913,anonymous,EN,1,2,,2,,24,2,,,,,4,1,22,40,21,"Human Resources at an Recruitmentbureau ",16,,12,,1,,10,,2,,,,,,,4,5,4,4,4,4,2,4,4,4.815,151.79,153.052,37,2,4,1,2,1,3,4,4,1,1.983,67.77,68.62,22,3,3,3,1,4,4,4,2,4,2.116,56.3,56.757,20,4,2,4,2,4,2,2,4,4,5.674,69.018,69.38,20,3,4,4,4,4,4,4,3,3,7.082,59.99,60.515,17,2,4,3,4,2,4,2,3,1,1.69,35.318,36.676,18,1,1,4,4,2,2,4,1,2,28.061,126.562,127.447,19,1,6,100,1,6,100,0,1,0,0,5,81,0,3,60,1,4,62,4,4,4,4,4,4,4,4,4,4,4,4,2,7,2,4,5,2,7,1,7,1,4,5,7,2,7,2,3,3,3,1,1,1,2,3,1,7,2,7,5,6,7,2,5,1,3,3,4,1,3,1,7,7,2,6,2,5,1,6,4,4,5,2,2,7,5,1,5,1,7,7,,,,Sam
2026-03-26 07:00:16,2026-03-26 07:02:08,0,146.50.209.180,21,111,0,2026-04-09 07:02:12,R_2LPgGhwpPBOsbPH,,,,,52.3543,4.8951,anonymous,EN,1,2,,2,,23,1,3,,4,Pedagogical sciences,4,0,22,18,15,,24,child care,,,,,,,,,,,,,,,,,,,,,,,,,,,,,,,,,,,,,,,,,,,,,,,,,,,,,,,,,,,,,,,,,,,,,,,,,,,,,,,,,,,,,,,,,,,,,,,,,,,,,,,,,,,,,,,,,,,,,,,,,,,,,,,,,,,,,,,,,,,,,,,,,,,,,,,,,,,,,,,,,,,,,,,,,,,,,,,,,,,,,,,,,,,,,,,,,,,,,,Sam
2026-04-08 08:43:18,2026-04-09 07:34:20,0,145.52.165.56,100,82261,1,2026-04-09 07:34:21,R_2BRTD0jpN6Is2DU,,,,,52.3294,4.8739,anonymous,EN,1,1,ztj039,2,,20,1,1,,4,Pedagogische wetenschappen,2,2,22,5,16,,24,Drugstore / Retail (health and personal care),15,,9,,14,,1,,,,,,,2,4,2,4,2,3,2,3,1,3.731,36.173,37.188,12,3,4,1,4,2,1,4,4,1,5.323,41.863,45.3,14,4,2,2,1,3,3,3,1,3,44.678,83.711,85.022,9,4,3,3,4,4,3,2,5,4,6.368,62.279,62.948,11,2,2,4,4,3,4,2,2,2,5.175,56.567,57.5,18,2,3,3,4,2,2,2,4,1,4.997,53.091,53.954,13,1,3,2,4,4,4,3,2,1,2417.355,2479.707,2487.897,9,0,3,43,1,5,81,1,5,79,1,5,70,1,6,91,0,2,19,7,4,4,4,4,4,6,4,4,4,4,4,4,3,2,4,4,4,3,4,3,4,4,5,4,4,7,4,4,5,2,4,3,3,4,6,3,5,3,4,4,4,4,4,4,6,4,4,4,5,3,3,4,3,4,3,4,4,2,4,4,4,4,4,4,6,4,4,4,2,5,4,,,26805,
2026-03-25 14:31:31,2026-03-26 07:38:18,0,84.80.88.75,97,61607,0,2026-04-09 07:38:21,R_8pPW2r3yvYhK9yx,,,,,52.506,4.9757,anonymous,EN,1,2,,2,,24,2,,,,,4,1,22,40,21,,24,,21,,24,Creative artwork,500,,,,1,,,,,2,5,3,4,2,3,2,4,4,4.6,47.898,48.862,19,3,4,3,3,2,3,4,4,1,3.063,45.674,46.672,20,3,3,2,2,4,3,2,2,1,1.677,36.576,37.274,19,3,3,3,2,3,2,3,5,4,1.689,58.539,59.336,18,2,3,3,5,2,3,3,3,3,3.183,37.436,38.368,18,2,2,3,5,1,2,5,2,2,1.708,33.241,34.272,18,1,2,2,3,3,2,2,2,2,1.565,40.14,43.972,20,1,5,81,0,1,8,1,5,82,1,4,69,1,4,64,0,1,8,3,3,5,4,3,6,4,4,5,3,6,3,4,6,4,6,3,5,6,5,4,5,4,4,2,6,5,4,5,4,3,5,4,4,6,2,6,5,5,4,4,5,5,4,2,3,6,6,3,5,5,4,5,4,4,5,3,5,3,5,4,6,6,3,3,4,4,2,4,4,5,2,,,,Sam
2026-03-26 08:20:46,2026-03-26 08:20:56,0,62.45.222.181,3,10,0,2026-04-09 08:21:00,R_295c4xqHLUQf7Tr,,,,,52.2358,4.8214,anonymous,EN,1,,,,,,,,,,,,,,,,,,,,,,,,,,,,,,,,,,,,,,,,,,,,,,,,,,,,,,,,,,,,,,,,,,,,,,,,,,,,,,,,,,,,,,,,,,,,,,,,,,,,,,,,,,,,,,,,,,,,,,,,,,,,,,,,,,,,,,,,,,,,,,,,,,,,,,,,,,,,,,,,,,,,,,,,,,,,,,,,,,,,,,,,,,,,,,,,,,,,,,,,,,,,,,,,,,,,,,,,Natalia
2026-03-26 08:21:57,2026-03-26 08:23:26,0,157.158.202.20,1,89,0,2026-04-09 08:23:28,R_2PYHQCm2i4grSz8,,,,,50.2268,18.6696,anonymous,EN,,,,,,,,,,,,,,,,,,,,,,,,,,,,,,,,,,,,,,,,,,,,,,,,,,,,,,,,,,,,,,,,,,,,,,,,,,,,,,,,,,,,,,,,,,,,,,,,,,,,,,,,,,,,,,,,,,,,,,,,,,,,,,,,,,,,,,,,,,,,,,,,,,,,,,,,,,,,,,,,,,,,,,,,,,,,,,,,,,,,,,,,,,,,,,,,,,,,,,,,,,,,,,,,,,,,,,,,,Natalia
2026-03-26 08:25:28,2026-03-26 08:27:36,0,178.225.156.120,18,127,0,2026-04-09 08:27:36,R_2GCiay5yUVeENoA,,,,,51.9191,4.4414,anonymous,EN,1,2,,2,,23,1,4,,4,Mechanical Engineering,4,8,22,14,,,,,,,,,,,,,,,,,,,,,,,,,,,,,,,,,,,,,,,,,,,,,,,,,,,,,,,,,,,,,,,,,,,,,,,,,,,,,,,,,,,,,,,,,,,,,,,,,,,,,,,,,,,,,,,,,,,,,,,,,,,,,,,,,,,,,,,,,,,,,,,,,,,,,,,,,,,,,,,,,,,,,,,,,,,,,,,,,,,,,,,,,,,,,,,,,,,,,,,,,,Natalia
2026-03-26 07:43:12,2026-03-26 08:29:19,0,80.114.133.129,90,2767,0,2026-04-09 08:29:20,R_8IgwtIbUMDWOdhf,,,,,52.3066,4.8812,anonymous,EN,1,1,tvt286,2,,22,1,1,,1,,2,11,22,14,9,,8,,9,,5,,4800,,,,2,,,,,2,2,4,3,2,5,4,2,4,4.989,35.3,36.057,9,4,4,1,2,2,2,5,2,1,3.264,39.712,66.856,9,2,2,4,1,3,4,1,2,5,20.889,89.02,89.91,10,4,1,4,4,2,2,3,5,4,3.756,36.569,37.322,10,3,5,4,4,4,4,2,4,5,4.032,55.421,56.882,11,4,4,2,2,4,2,4,1,4,4.337,33.62,34.738,10,1,2,5,1,4,4,4,2,2,4.806,62.669,64.768,10,1,6,100,1,4,60,0,2,24,0,3,49,1,5,71,0,1,9,,,,,,,,,,,,,6,1,5,1,3,6,,,,,,,6,1,6,2,2,6,6,1,5,2,2,7,6,1,6,2,3,6,,,,,,,6,2,6,2,3,6,6,1,6,2,2,6,6,2,2,6,2,6,,,,,,,,,26409,
2026-03-26 08:32:10,2026-03-26 08:32:45,0,37.31.138.248,14,34,0,2026-04-09 08:32:46,R_8iDfI67iCkbsPcd,,,,,54.3491,18.6262,anonymous,EN,1,2,,1,,26,2,,,,,2,,,,,,,,,,,,,,,,,,,,,,,,,,,,,,,,,,,,,,,,,,,,,,,,,,,,,,,,,,,,,,,,,,,,,,,,,,,,,,,,,,,,,,,,,,,,,,,,,,,,,,,,,,,,,,,,,,,,,,,,,,,,,,,,,,,,,,,,,,,,,,,,,,,,,,,,,,,,,,,,,,,,,,,,,,,,,,,,,,,,,,,,,,,,,,,,,,,,,,,,,,,,,Natalia
2026-03-26 08:30:50,2026-03-26 08:34:19,0,37.248.169.39,20,209,0,2026-04-09 08:34:20,R_2QM7sRwXqjUU5C3,,,,,51.1046,17.03,anonymous,EN,1,2,,3,"Non-binary ",23,2,,,,,2,5,22,40,21,"Advertising prints ",,,,,,,,,,,,,,,,,,,,,,,,,,,,,,,,,,,,,,,,,,,,,,,,,,,,,,,,,,,,,,,,,,,,,,,,,,,,,,,,,,,,,,,,,,,,,,,,,,,,,,,,,,,,,,,,,,,,,,,,,,,,,,,,,,,,,,,,,,,,,,,,,,,,,,,,,,,,,,,,,,,,,,,,,,,,,,,,,,,,,,,,,,,,,,,,,,,,,,,,Natalia
2026-03-26 08:22:41,2026-03-26 08:35:12,0,94.253.187.24,52,751,0,2026-04-09 08:35:13,R_2LbwKQluSpiyWrj,,,,,45.7148,16.069,anonymous,EN,1,2,,1,,22,1,3,,4,Civil Engineering,2,6,22,16,4,,4,,4,,4,,2,,,,,,,,,3,4,4,4,2,2,5,4,4,2.699,73.123,74.776,14,2,3,3,3,2,3,4,3,2,2.47,41.158,42.46,15,1,2,2,2,4,2,3,4,3,3.808,54.53,55.429,22,2,2,2,3,2,2,3,5,3,2.113,40.687,42.402,14,2,3,4,4,3,4,4,4,4,4.213,228.051,228.67,13,2,3,2,3,4,2,4,2,1,4.994,38.891,40.086,18,,,,,,,,,,,,,,,,,,,,,,,,,,,,,,,,,,,,,,,,,,,,,,,,,,,,,,,,,,,,,,,,,,,,,,,,,,,,,,,,,,,,,,,,,,,,,,,,,,,,,,,,,,,Natalia
2026-03-26 08:43:15,2026-03-26 08:43:56,0,82.222.236.88,14,40,0,2026-04-09 08:43:57,R_29JrIDUapptbTl7,,,,,40.2776,28.9464,anonymous,EN,1,2,,1,,101,1,4,,1,,5,,,,,,,,,,,,,,,,,,,,,,,,,,,,,,,,,,,,,,,,,,,,,,,,,,,,,,,,,,,,,,,,,,,,,,,,,,,,,,,,,,,,,,,,,,,,,,,,,,,,,,,,,,,,,,,,,,,,,,,,,,,,,,,,,,,,,,,,,,,,,,,,,,,,,,,,,,,,,,,,,,,,,,,,,,,,,,,,,,,,,,,,,,,,,,,,,,,,,,,,,,,,,Natalia
2026-03-26 08:33:48,2026-03-26 08:49:50,0,91.223.250.22,97,961,0,2026-04-09 08:49:52,R_8MtOOPqssKdgICt,,,,,51.8021,15.2393,anonymous,EN,1,2,,2,,26,2,,,,,5,1,22,120,8,,17,,19,,7,,5000,,,,3,,,,,2,3,1,3,2,3,4,4,2,4.007,80.633,81.439,22,1,5,2,4,2,3,2,5,1,7.821,123.536,124.334,23,1,3,3,3,2,2,3,4,4,2.68,52.699,53.822,20,2,3,5,4,4,2,4,5,2,18.891,61.091,61.799,21,2,2,3,4,3,3,3,5,3,6.206,56.828,57.938,29,2,2,4,5,5,5,3,2,5,3.234,46.519,47.254,26,1,1,3,3,3,2,2,2,3,3.708,46.129,46.854,22,0,3,50,0,2,50,1,4,50,0,3,49,0,2,52,0,2,50,3,3,1,4,4,3,4,4,4,4,4,4,4,3,3,4,4,4,4,4,4,4,4,4,3,4,4,4,4,4,4,4,3,3,4,4,4,2,4,2,6,5,5,4,3,4,4,4,4,4,4,4,4,4,4,4,3,4,4,3,4,4,4,4,4,4,4,5,5,4,4,3,,,,Natalia
2026-03-26 08:46:50,2026-03-26 08:56:00,0,213.34.157.122,55,550,0,2026-04-09 08:56:03,R_84pg6Xs3yyhOT8Y,,,,,52.5022,4.9527,anonymous,EN,1,2,,2,,22,1,3,,1,,2,2,23,,,,,,,,,,,,,,,16,,11,,2,4,2,4,3,2,4,4,2,6.093,54.433,55.522,16,2,4,4,4,1,4,5,4,1,1.675,76.299,79.3,23,2,3,2,2,4,4,2,2,2,38.347,76.569,76.585,16,2,2,3,2,2,2,2,5,2,2.978,61.756,62.422,17,2,2,4,4,2,4,2,4,3,7.011,42.964,43.499,15,2,3,2,4,2,2,4,2,4,3.366,43.088,44.001,19,1,2,4,4,2,4,2,2,4,8.225,66.767,69.787,15,,,,,,,,,,,,,,,,,,,,,,,,,,,,,,,,,,,,,,,,,,,,,,,,,,,,,,,,,,,,,,,,,,,,,,,,,,,,,,,,,,,,,,,,,,,,,,Natalia
2026-03-26 08:40:21,2026-03-26 08:57:45,0,145.109.24.131,85,1043,0,2026-04-09 08:57:46,R_814lMhAdT0jsjog,,,,,52.3665,4.9353,anonymous,EN,1,2,,1,,24,1,3,,4,Math,2,9,22,16,18,,13,,10,,2,,100,,,1,,,,,,1,2,2,3,2,4,5,4,3,3.374,40.6,41.599,18,4,4,4,5,2,2,3,4,1,2.772,65.692,67.68,21,2,4,2,1,3,1,2,5,4,9.854,59.312,60.193,14,2,3,2,1,1,3,1,5,2,8.102,55.706,57.738,14,2,4,4,4,4,3,4,4,5,4.095,47.368,48.168,16,2,2,5,1,4,1,3,4,4,11.447,44,44.838,16,1,2,5,1,2,3,2,3,2,12.198,60.665,61.668,18,0,2,20,1,5,89,0,4,70,0,3,43,1,5,73,0,2,22,1,3,5,4,5,6,,,,,,,,,,,,,,,,,,,3,2,6,6,6,7,,,,,,,,,,,,,,,,,,,,,,,,,,,,,,,1,1,6,3,5,6,,,,,,,,,,Natalia
2026-03-26 09:35:47,2026-03-26 09:47:47,0,178.230.152.160,83,720,0,2026-04-09 09:47:51,R_231Rb11OwZUxw6p,,,,,51.9235,4.4813,anonymous,EN,1,2,,1,,22,1,3,,1,,2,0,23,,,,,,,,,,,,,,,13,,1,,2,3,5,4,2,4,5,4,1,1.46,44.709,45.392,21,1,2,2,4,1,2,5,1,1,3.175,38.552,39.356,17,4,4,2,1,4,1,2,4,4,5.093,44.71,46.559,16,5,1,2,2,3,2,5,5,4,4.832,42.522,43.777,19,4,3,5,4,5,4,5,3,4,5.151,37.349,38.117,18,2,5,2,4,2,2,4,4,1,5.126,35.343,36.001,17,1,4,4,1,4,2,5,4,2,4.952,46.391,47.174,17,0,3,40,1,6,100,0,2,20,0,1,0,0,2,30,0,1,0,,,,,,,,,,,,,,,,,,,,,,,,,,,,,,,,,,,,,,,,,,,,,,,,,6,1,6,2,3,7,,,,,,,,,,,,,6,1,6,1,3,7,,,,Natalia
2026-03-26 11:02:28,2026-03-26 11:02:57,0,77.236.4.77,10,28,0,2026-04-09 11:02:58,R_2vcRx7RskX8hgzU,,,,,51.1162,17.0491,anonymous,EN,1,2,,2,,18,1,,,,,,,,,,,,,,,,,,,,,,,,,,,,,,,,,,,,,,,,,,,,,,,,,,,,,,,,,,,,,,,,,,,,,,,,,,,,,,,,,,,,,,,,,,,,,,,,,,,,,,,,,,,,,,,,,,,,,,,,,,,,,,,,,,,,,,,,,,,,,,,,,,,,,,,,,,,,,,,,,,,,,,,,,,,,,,,,,,,,,,,,,,,,,,,,,,,,,,,,,,,,,,,,,,Natalia
2026-03-26 10:59:28,2026-03-26 11:04:28,0,37.30.12.55,35,300,0,2026-04-09 11:04:32,R_2mOhdTCfDP6TsiC,,,,,50.7929,16.3049,anonymous,EN,1,2,,2,,26,2,,,,,4,10,22,40,12,,3,,17,,9,,200,,,4,,,,,,,,,,,,,,,,,,,,,,,,,,,,,,,,,,,,,,,,,,,,,,,,,,,,,,,,,,,,,,,,,,,,,,,,,,,,,,,,,,,,,,,,,,,,,,,,,,,,,,,,,,,,,,,,,,,,,,,,,,,,,,,,,,,,,,,,,,,,,,,,,,,,,,,,,,,,,,,,,,,,,,,,,,,,,,,,,,,,,,,,,,,,,,Natalia
2026-03-26 11:23:44,2026-03-26 11:24:41,0,165.166.82.101,3,56,0,2026-04-09 11:27:14,R_3PBg3r9g44G7DA4,,,,,34.224,-82.1625,anonymous,EN,1,,,,,,,,,,,,,,,,,,,,,,,,,,,,,,,,,,,,,,,,,,,,,,,,,,,,,,,,,,,,,,,,,,,,,,,,,,,,,,,,,,,,,,,,,,,,,,,,,,,,,,,,,,,,,,,,,,,,,,,,,,,,,,,,,,,,,,,,,,,,,,,,,,,,,,,,,,,,,,,,,,,,,,,,,,,,,,,,,,,,,,,,,,,,,,,,,,,,,,,,,,,,,,,,,,,,,,,,Natalia
2026-03-26 13:08:24,2026-03-26 13:09:03,0,178.73.63.93,3,38,0,2026-04-09 13:09:03,R_2bloBVOz0tNu5Lr,,,,,51.1267,16.9729,anonymous,EN,1,,,,,,,,,,,,,,,,,,,,,,,,,,,,,,,,,,,,,,,,,,,,,,,,,,,,,,,,,,,,,,,,,,,,,,,,,,,,,,,,,,,,,,,,,,,,,,,,,,,,,,,,,,,,,,,,,,,,,,,,,,,,,,,,,,,,,,,,,,,,,,,,,,,,,,,,,,,,,,,,,,,,,,,,,,,,,,,,,,,,,,,,,,,,,,,,,,,,,,,,,,,,,,,,,,,,,,,,Natalia
2026-03-26 10:52:58,2026-03-26 14:21:55,0,77.63.11.112,63,12536,0,2026-04-09 14:21:56,R_8dRuKatnMnULAul,,,,,52.3824,4.8995,anonymous,EN,1,2,,1,,52,2,,,,,5,21,22,40,7,,3,,7,,3,,3000,,,,7,,,,,1,4,3,4,3,2,4,5,3,5.798,52.458,53.28,18,1,1,1,3,3,3,4,2,1,10.468,65.233,66.051,18,3,3,2,3,4,2,2,4,2,4.412,63.47,64.44,20,2,1,2,2,1,2,3,5,3,16.417,80.84,81.726,21,3,5,4,5,4,4,5,3,4,9.096,60.894,62.73,18,2,4,2,3,3,4,4,4,1,5.879,53.468,54.287,19,1,4,4,2,2,4,3,3,1,8.621,85.634,87.236,19,,,,,,,0,1,0,,,,0,1,0,,,,,,,,,,,,,,,,,,,,,,,,,,,,,,,,,,,,,,,,,,,,,,,,,,,,,,,,,,,,,,,,,,,,,,,,,,,,,,,Sam
2026-04-09 05:33:53,2026-04-09 14:28:56,0,84.80.254.30,100,32102,1,2026-04-09 14:28:58,R_8ZKYgYrVSY6sO4R,,,,,51.9235,4.4813,anonymous,EN,1,1,uuj672 (Omnia Berramdan),2,,20,1,1,,4,pedagogical sciences,2,0,23,,,,,,,,,,,,,,,21,youth care,5,,2,2,2,4,3,4,4,4,2,6.552,54.745,56.439,10,2,4,5,2,2,2,2,4,1,19.463,65.711,66.74,9,2,4,2,2,3,3,1,3,2,5.625,62.995,65.865,10,4,3,4,2,4,2,4,5,4,18.576,68.481,69.228,11,1,2,3,2,4,2,2,4,4,9.106,93.633,94.168,13,2,3,3,4,1,3,4,4,3,7.548,55.493,56.475,10,1,1,2,2,4,2,2,1,2,13.406,91.441,92.292,14,1,5,73,1,5,65,1,5,77,1,5,75,1,5,82,0,2,34,2,2,1,7,3,1,2,2,6,2,7,5,6,6,4,6,3,4,4,4,4,2,5,3,4,4,4,2,4,4,3,4,2,5,3,2,2,3,3,7,5,2,4,5,4,3,5,4,2,2,3,6,2,1,5,5,4,4,2,5,3,4,6,2,6,7,2,6,3,7,2,1,,,26728,
2026-03-26 14:47:02,2026-03-26 14:49:22,0,62.250.118.7,32,139,0,2026-04-09 14:49:23,R_2z0SGN2qp3ThkqJ,,,,,52.352,4.8384,anonymous,EN,1,1,2885113,2,,19,1,1,,1,,2,1,23,,,,,,,,,,,,,,,18,,,,,,,,,,,,,,,,,,,,,,,,,,,,,,,,,,,,,,,,,,,,,,,,,,,,,,,,,,,,,,,,,,,,,,,,,,,,,,,,,,,,,,,,,,,,,,,,,,,,,,,,,,,,,,,,,,,,,,,,,,,,,,,,,,,,,,,,,,,,,,,,,,,,,,,,,,,,,,,,,,,,,,,,,,,,,,,,,,,,,,,,,,,26557,
2026-03-26 15:21:02,2026-03-26 15:41:34,0,87.210.164.63,96,1231,0,2026-04-09 15:41:35,R_8PjTcckxt8fcDe0,,,,,52.527,6.0991,anonymous,EN,1,2,,2,,19,1,2,,1,,2,6,22,10,7,,16,,21,"Management of Arts, Culture and Entertainment ",1,,9,1,,,,,,,,1,4,2,5,3,3,4,4,4,2.638,31.509,32.375,20,1,2,3,4,2,2,4,4,1,2.783,34.225,36.375,19,2,2,2,4,5,2,2,4,1,3.217,42.297,43.081,22,2,1,4,4,1,2,3,5,2,2.617,42.08,42.663,20,2,5,5,3,4,2,1,3,4,2.354,36.296,37.301,17,1,3,2,4,2,2,2,2,1,4.269,41.33,42.129,20,1,3,2,2,1,2,4,2,2,3.219,45.365,46.383,18,1,5,68,1,2,91,0,1,0,0,2,30,0,3,39,0,1,0,1,6,5,5,5,3,7,1,5,1,3,4,4,7,4,4,4,2,4,1,5,1,5,3,3,5,7,5,4,5,2,3,1,2,4,4,3,6,5,7,5,3,,,,,,,5,1,3,4,6,2,3,5,4,1,1,6,3,4,7,2,4,7,3,2,5,5,7,1,,,,Merve
2026-03-26 15:43:25,2026-03-26 15:50:01,0,5.132.98.106,18,396,0,2026-04-09 15:50:06,R_8GQDi9BS6pqT8pr,,,,,52.5056,5.475,anonymous,EN,1,2,,2,,30,2,,,,,4,16,22,50,,,,,,,,,,,,,,,,,,,,,,,,,,,,,,,,,,,,,,,,,,,,,,,,,,,,,,,,,,,,,,,,,,,,,,,,,,,,,,,,,,,,,,,,,,,,,,,,,,,,,,,,,,,,,,,,,,,,,,,,,,,,,,,,,,,,,,,,,,,,,,,,,,,,,,,,,,,,,,,,,,,,,,,,,,,,,,,,,,,,,,,,,,,,,,,,,,,,,,,,,,Merve
2026-03-26 15:52:21,2026-03-26 15:53:07,0,5.133.250.159,6,46,0,2026-04-09 15:53:11,R_2OIfqLnQMeI0Z8y,,,,,52.4349,16.9385,anonymous,EN,1,2,,,,,,,,,,,,,,,,,,,,,,,,,,,,,,,,,,,,,,,,,,,,,,,,,,,,,,,,,,,,,,,,,,,,,,,,,,,,,,,,,,,,,,,,,,,,,,,,,,,,,,,,,,,,,,,,,,,,,,,,,,,,,,,,,,,,,,,,,,,,,,,,,,,,,,,,,,,,,,,,,,,,,,,,,,,,,,,,,,,,,,,,,,,,,,,,,,,,,,,,,,,,,,,,,,,,,,,Natalia
2026-03-26 15:50:55,2026-03-26 16:16:21,0,5.132.98.106,72,1526,0,2026-04-09 16:16:31,R_8UjmgQ33yYHSNyh,,,,,52.5056,5.475,anonymous,EN,1,2,,2,,30,2,,,,,4,9,22,50,15,,24,Primary school teacher,15,,24,Teaching,220,,,3,,,,,,4,5,3,4,3,5,3,5,3,8.147,172.602,173.965,41,1,5,1,3,1,5,4,4,1,3.78,64.464,65.586,35,2,3,2,3,5,4,3,5,1,5.383,129.412,130.385,31,2,2,4,1,2,1,3,2,5,7.624,113.578,114.466,35,1,5,4,5,1,3,4,2,1,2.096,200.801,202.214,32,1,2,3,4,2,2,5,2,3,5.869,56.498,58.45,33,1,2,5,2,2,2,5,2,1,3.616,107.357,110.251,30,,,,1,6,100,0,2,1,,,,0,2,1,0,1,2,,,,,,,,,,,,,,,,,,,,,,,,,,,,,,,,,,,,,,,,,,,,,,,,,,,,,,,,,,,,,,,,,,,,,,,,,,,,Merve
2026-03-26 17:40:31,2026-03-26 17:42:26,0,89.205.192.174,35,114,0,2026-04-09 17:42:27,R_2MDPzYohuYBL7VU,,,,,52.3716,4.8883,anonymous,EN,1,2,,2,,21,1,2,,4,,4,4,23,,,,,,,,,,,,,,,2,,7,,,,,,,,,,,,,,,,,,,,,,,,,,,,,,,,,,,,,,,,,,,,,,,,,,,,,,,,,,,,,,,,,,,,,,,,,,,,,,,,,,,,,,,,,,,,,,,,,,,,,,,,,,,,,,,,,,,,,,,,,,,,,,,,,,,,,,,,,,,,,,,,,,,,,,,,,,,,,,,,,,,,,,,,,,,,,,,,,,,,,,,,,,Natalia
2026-03-27 03:34:18,2026-03-27 03:34:43,0,86.95.74.212,1,24,0,2026-04-10 03:34:44,R_2yj9c2qdHZtG504,,,,,52.3927,4.8235,anonymous,EN,,,,,,,,,,,,,,,,,,,,,,,,,,,,,,,,,,,,,,,,,,,,,,,,,,,,,,,,,,,,,,,,,,,,,,,,,,,,,,,,,,,,,,,,,,,,,,,,,,,,,,,,,,,,,,,,,,,,,,,,,,,,,,,,,,,,,,,,,,,,,,,,,,,,,,,,,,,,,,,,,,,,,,,,,,,,,,,,,,,,,,,,,,,,,,,,,,,,,,,,,,,,,,,,,,,,,,,,,Natalia
2026-03-27 03:55:15,2026-03-27 04:20:09,0,62.194.0.190,93,1494,0,2026-04-10 04:20:10,R_2QsaogxLeIb5Tjj,,,,,52.3882,4.8844,anonymous,EN,1,1,acl683,2,,19,1,1,,1,,2,1,22,15,18,,13,,16,,10,,30,,1,,,,,,,1,4,3,4,4,5,4,4,4,5.046,47.661,49.522,16,2,5,1,4,1,2,2,2,1,7.25,64.725,66.837,24,1,2,1,4,3,4,1,5,1,4.191,52.866,53.962,21,2,2,2,1,3,2,4,5,2,5.438,52.065,52.827,21,2,4,5,4,5,3,4,4,3,2.606,182.681,184.343,18,2,2,4,1,1,2,3,3,4,0.942,49.485,50.779,20,1,4,5,4,2,3,4,2,1,1.838,99.555,100.628,21,0,4,51,0,1,24,1,5,80,0,3,45,0,3,44,0,4,55,,,,,,,5,3,5,3,4,6,4,4,4,4,4,4,4,4,4,4,4,4,5,4,5,3,3,6,6,6,7,7,7,7,7,7,7,7,7,7,7,7,7,7,7,7,4,4,4,4,4,4,,,,,,,,,,,,,6,4,5,3,4,6,,,26410,
2026-04-10 04:46:20,2026-04-10 05:13:42,0,92.67.183.146,100,1641,1,2026-04-10 05:13:42,R_2IztnlutRNV6whd,,,,,51.8611,5.7633,anonymous,EN,1,2,,1,,22,1,3,,4,"Philosophy, Politics, Economics (PPE)",2,7,23,,,,,,,,,,,,,,,10,,2,,3,2,5,4,1,4,5,5,5,9.904,51.004,52.027,10,1,4,2,3,4,4,4,1,1,9.069,56.986,57.963,12,3,2,1,3,2,3,1,4,5,9.809,79.209,79.899,10,4,2,1,2,3,2,2,5,4,9.664,67.864,68.737,11,5,2,2,4,1,4,5,1,5,6.402,72.653,73.244,13,1,3,4,2,4,5,2,2,3,3.814,70.03,70.7,11,1,3,5,1,2,5,3,2,3,6.849,69.482,70.155,11,0,3,45,1,4,55,0,2,25,0,1,10,0,1,10,0,2,20,1,5,6,5,7,4,6,3,4,7,1,4,1,7,1,2,3,5,4,1,4,3,3,4,4,5,7,4,3,3,4,4,1,7,1,5,4,6,6,7,5,3,4,4,4,4,4,4,4,4,4,6,7,1,1,6,4,3,1,4,2,5,5,1,3,7,3,4,5,6,7,1,,,,Bopha
2026-04-10 07:47:06,2026-04-10 08:03:59,0,62.194.144.34,100,1012,1,2026-04-10 08:03:59,R_8s0DYpN11xsPJb1,,,,,52.3806,4.8738,anonymous,EN,1,2,,2,,24,1,3,,4,Communication science,4,10,23,,,,,,,,,,,,,,,17,,15,,1,4,1,3,2,2,4,4,4,8.413,62.639,63.957,15,2,5,5,5,1,2,3,4,1,3.397,54.663,57.533,11,2,3,2,2,3,4,2,5,2,5.543,49.534,50.37,10,3,1,5,2,2,3,3,5,4,7.133,59.154,60.029,13,1,2,4,3,3,2,2,4,2,6.694,56.573,61.622,13,2,3,3,4,2,2,3,2,4,3.339,49.984,50.779,15,1,1,5,1,4,5,3,2,4,11.245,58.345,59.272,10,1,4,55,1,5,64,0,2,34,0,2,28,1,4,75,0,2,36,3,3,3,5,5,5,2,2,5,5,3,5,5,5,5,3,3,3,3,3,5,3,4,5,5,5,3,3,5,3,3,3,4,5,3,4,3,5,3,5,3,5,4,3,5,5,3,5,5,4,4,5,3,4,3,4,5,3,2,5,3,3,4,5,6,3,2,3,5,4,3,4,,,,Lise
2026-03-25 09:28:46,2026-03-27 08:55:51,0,188.91.56.188,18,170825,0,2026-04-10 08:55:52,R_20MYzEf37bGEw6c,,,,,51.9235,4.4813,anonymous,EN,1,2,,2,,21,1,3,,4,civil engineering,2,1,22,7,,,,,,,,,,,,,,,,,,,,,,,,,,,,,,,,,,,,,,,,,,,,,,,,,,,,,,,,,,,,,,,,,,,,,,,,,,,,,,,,,,,,,,,,,,,,,,,,,,,,,,,,,,,,,,,,,,,,,,,,,,,,,,,,,,,,,,,,,,,,,,,,,,,,,,,,,,,,,,,,,,,,,,,,,,,,,,,,,,,,,,,,,,,,,,,,,,,,,,,,,,Sam
2026-03-27 09:20:19,2026-03-27 09:47:06,0,89.98.161.115,80,1606,0,2026-04-10 09:47:09,R_2uKTp2azvWyGATi,,,,,52.3672,4.918,anonymous,EN,1,2,,1,,26,1,6,Bachelor 6,4,"International business administration ",2,13,23,,,,,,,,,,,,,,,13,,2,,2,4,4,4,2,3,4,2,1,3.052,49.345,50.661,18,4,4,2,4,1,2,2,2,1,66.039,116.708,117.778,21,2,3,2,1,4,2,2,4,2,3.238,98.853,101.487,18,4,2,2,2,2,4,3,5,2,4.301,39.877,40.476,18,4,4,3,3,4,2,4,3,3,3.184,50.226,51.03,22,2,4,3,4,2,5,3,4,2,48.909,156.092,157.104,18,1,4,4,2,3,4,2,2,1,1.645,96.055,97.005,28,0,2,8,0,2,19,0,2,20,1,5,60,0,2,23,0,2,9,,,,,,,,,,,,,,,,,,,,,,,,,,,,,,,,,,,,,,,,,,,,,,,,,,,,,,,,,,,,,,,,,,,,,,,,,,,,Lise
2026-03-27 10:36:25,2026-03-27 10:36:49,0,62.131.25.20,6,23,0,2026-04-10 10:36:52,R_8LMwMEVOCxZBhKx,,,,,51.4869,3.6176,anonymous,EN,1,2,,,,,,,,,,,,,,,,,,,,,,,,,,,,,,,,,,,,,,,,,,,,,,,,,,,,,,,,,,,,,,,,,,,,,,,,,,,,,,,,,,,,,,,,,,,,,,,,,,,,,,,,,,,,,,,,,,,,,,,,,,,,,,,,,,,,,,,,,,,,,,,,,,,,,,,,,,,,,,,,,,,,,,,,,,,,,,,,,,,,,,,,,,,,,,,,,,,,,,,,,,,,,,,,,,,,,,,Lise
2026-03-27 11:17:42,2026-03-27 11:41:43,0,89.205.254.27,97,1441,0,2026-04-10 11:41:47,R_80pwFtjEWQZSHO5,,,,,51.9235,4.4813,anonymous,EN,1,2,,2,,21,1,4,,4,MSc crisis & security management,4,6,22,8,7,,24,Store employee,20,,24,No idea,20,,1,,,,,,,3,5,4,4,5,5,4,4,2,2.115,46.604,47.996,34,4,4,1,4,2,2,5,4,1,1.924,47.526,48.634,35,4,4,2,3,4,4,1,4,4,1.295,39.94,40.779,37,5,3,3,1,2,1,3,5,4,1.478,74.391,75.546,46,1,4,5,4,4,2,2,1,3,16.448,85.846,86.868,31,4,4,3,4,1,2,4,2,3,1.923,47.818,47.844,27,1,2,5,2,2,1,2,1,3,1.688,54.65,55.117,36,1,6,83,1,5,63,1,4,65,1,5,78,1,5,59,0,3,32,1,6,7,7,3,1,6,1,4,1,3,5,5,4,3,3,5,2,6,2,3,2,5,4,6,2,6,2,3,6,7,2,1,3,5,4,2,5,5,6,6,2,6,2,2,3,6,2,3,4,3,4,6,2,4,3,5,3,3,5,6,2,2,2,2,6,2,4,2,2,7,1,,,,Lise
2026-03-27 12:11:59,2026-03-27 12:27:01,0,86.80.207.24,63,902,0,2026-04-10 12:27:02,R_8QLsMJXCZnSWFFN,,,,,51.6025,4.7919,anonymous,EN,1,2,,2,,55,2,,,,,4,32,22,30,10,,7,,10,,24,No changes,1,,,,,,,,,2,4,3,4,2,3,3,4,3,6.906,66.98,68.097,12,3,4,2,3,2,3,4,3,1,8.25,59.031,60.154,13,3,3,2,2,4,4,2,4,3,7.757,43.638,44.447,13,4,2,4,2,4,2,4,4,3,5.157,102.601,103.124,14,2,4,3,4,3,3,3,2,4,5.607,59.396,60.268,13,2,4,4,3,2,4,4,4,2,5.46,48.479,49.133,14,2,2,4,2,2,2,3,2,2,5.445,46.733,47.301,14,,,,1,5,75,,,,0,3,40,,,,,,,,,,,,,,,,,,,,,,,,,,,,,,,,,,,,,,,,,,,,,,,,,,,,,,,,,,,,,,,,,,,,,,,,,,,,,,,,,,Lise
2026-03-27 14:25:58,2026-03-27 14:26:34,0,86.88.56.39,4,35,0,2026-04-10 14:26:37,R_2JqnSXAcC0Z7X2Y,,,,,52.3746,4.8552,anonymous,EN,1,1,,,,,,,,,,,,,,,,,,,,,,,,,,,,,,,,,,,,,,,,,,,,,,,,,,,,,,,,,,,,,,,,,,,,,,,,,,,,,,,,,,,,,,,,,,,,,,,,,,,,,,,,,,,,,,,,,,,,,,,,,,,,,,,,,,,,,,,,,,,,,,,,,,,,,,,,,,,,,,,,,,,,,,,,,,,,,,,,,,,,,,,,,,,,,,,,,,,,,,,,,,,,,,,,,,,,,,,Natalia
2026-03-27 16:22:52,2026-03-27 16:29:52,0,91.214.67.229,38,419,0,2026-04-10 16:29:53,R_2HLAgBSTGtuXFCx,,,,,52.3716,4.8883,anonymous,EN,1,2,,1,,23,2,,,,,7,3,22,36,19,,12,,19,,12,,70000,,,,1,,,,,5,5,3,4,1,2,4,5,3,7.001,101.414,103.316,21,,,,,,,,,,,,,,,,,,,,,,,,,,,,,,,,,,,,,,,,,,,,,,,,,,,,,,,,,,,,,,,,,,,,,,,,,,,,,,,,,,,,,,,,,,,,,,,,,,,,,,,,,,,,,,,,,,,,,,,,,,,,,,,,,,,,,,,,,,,,,,,,,,,,,,,,,,,,,,,,,,,,,,,,,,,,Lise
2026-03-28 02:57:58,2026-03-28 02:58:22,0,188.207.87.210,1,24,0,2026-04-11 02:58:24,R_2feBeNPHROSs2BW,,,,,52.3824,4.8995,anonymous,EN,,,,,,,,,,,,,,,,,,,,,,,,,,,,,,,,,,,,,,,,,,,,,,,,,,,,,,,,,,,,,,,,,,,,,,,,,,,,,,,,,,,,,,,,,,,,,,,,,,,,,,,,,,,,,,,,,,,,,,,,,,,,,,,,,,,,,,,,,,,,,,,,,,,,,,,,,,,,,,,,,,,,,,,,,,,,,,,,,,,,,,,,,,,,,,,,,,,,,,,,,,,,,,,,,,,,,,,,,Sam
2026-04-07 06:25:07,2026-04-11 05:53:28,0,89.20.188.202,100,343701,1,2026-04-11 05:53:28,R_8dBhGl7XMl4jjIl,,,,,52.364,4.866,anonymous,EN,1,1,rgl628,2,,20,1,1,,1,,2,4,22,24,20,,2,,12,,15,,150,,,3,,,,,,3,2,4,4,3,2,3,4,4,2.197,14.781,15.072,12,3,2,4,3,2,4,3,3,3,1.839,9.406,10.514,9,3,4,4,3,4,3,3,4,3,1.373,8.845,10.12,9,4,2,3,3,4,3,4,3,3,1.913,8.247,9.288,9,3,4,4,2,3,4,4,3,2,1.364,9.597,10.723,9,4,4,2,3,3,3,2,4,3,1.086,9.97,10.995,9,3,2,2,3,3,3,4,4,3,1.04,10.24,11.313,9,1,4,62,1,5,81,0,3,43,0,1,8,0,3,29,1,6,95,6,2,2,3,4,7,4,5,3,4,4,3,6,2,4,5,5,2,7,3,5,4,6,5,6,4,4,3,5,4,6,4,5,4,3,5,2,4,4,4,2,5,5,3,5,3,5,5,3,4,7,2,3,4,5,4,2,5,4,3,5,6,4,6,4,3,5,5,3,3,3,5,,,26460,
2026-03-28 10:43:03,2026-03-28 11:12:22,0,109.38.232.212,96,1759,0,2026-04-11 11:12:27,R_2pPITlfGCLs1sOq,,,,,52.3746,4.8552,anonymous,EN,1,1,Bsn911,2,,20,1,1,,4,Pedagogy,2,2,22,11,15,,8,,16,,11,,30,,2,,,,,,,3,4,4,5,4,5,4,4,3,1.174,60.455,61.117,23,1,4,1,4,2,4,5,4,1,4.454,60.506,61.619,21,2,3,2,1,3,5,2,4,1,5.634,46.876,48.725,20,2,3,3,3,3,3,3,5,4,7.162,94.971,95.625,30,4,4,4,3,4,3,4,4,5,4.756,82.31,83.164,19,2,3,3,5,1,4,1,3,1,3.727,47.731,49.826,20,1,4,5,5,5,4,3,1,1,7.035,55.831,56.495,18,0,2,68,1,6,92,0,2,76,0,2,85,1,4,60,0,1,83,3,1,3,2,5,4,3,3,2,3,4,4,1,4,7,1,4,7,5,3,6,1,5,7,4,2,3,2,5,3,1,3,4,3,4,3,1,4,7,1,5,7,1,5,7,1,4,6,4,4,5,1,5,7,1,4,7,1,5,7,,,,,,,1,3,4,1,4,3,,,26745,
2026-04-11 10:16:05,2026-04-11 11:15:56,0,88.159.164.161,100,3591,1,2026-04-11 11:15:57,R_8OTeg1WSLgQPlwv,,,,,52.3591,4.793,anonymous,EN,1,1,pap061,2,,21,1,1,,1,,2,0,23,,,,,,,,,,,,,,,15,,5,,1,2,4,3,3,5,5,3,1,23.991,62.285,64.557,13,4,4,1,5,1,2,1,2,1,5.831,57.693,385.878,10,4,4,3,2,2,4,1,5,3,89.288,126.112,424.681,9,4,5,2,1,1,5,5,5,2,8.001,78.675,239.2,11,4,5,5,4,5,2,4,1,4,3.323,31.8,68.814,9,3,4,3,1,1,1,2,5,3,3.726,61.298,256.791,12,1,4,5,1,2,1,1,3,1,83.719,168.35,169.022,10,1,5,90,1,5,80,1,6,100,0,3,50,1,6,93,0,2,12,3,4,5,4,6,3,5,2,3,3,4,5,4,6,4,5,6,3,6,2,1,1,2,6,5,4,7,2,4,6,5,3,1,2,1,6,3,6,7,6,6,2,2,6,5,7,7,2,2,4,4,4,7,4,4,3,3,3,4,4,6,2,2,1,2,7,2,6,4,6,6,1,,,26561,
2026-03-26 11:15:53,2026-03-28 13:24:13,0,62.45.102.70,80,180500,0,2026-04-11 13:24:16,R_8EwoB3UlR7OfV8R,,,,,52.2753,4.7914,anonymous,EN,1,2,,2,,52,2,,,,,4,30,22,42,15,,8,,15,,8,,55,,,3,,,,,,1,5,3,4,2,3,4,4,1,1.159,145.245,149.157,35,4,5,1,5,2,1,5,3,1,1.058,117.975,119.134,26,3,1,2,1,2,5,3,5,2,1.982,126.15,127.368,44,3,2,4,2,2,1,2,5,3,20.263,115.67,116.4,19,2,5,4,4,4,3,2,2,2,8.289,110.691,111.727,18,1,4,4,5,3,4,3,2,4,5.704,80.722,84.364,16,1,2,1,1,2,2,1,1,1,1.752,111.975,114.378,19,1,5,86,1,6,92,0,1,13,1,5,81,1,5,87,1,5,69,,,,,,,,,,,,,,,,,,,,,,,,,,,,,,,,,,,,,,,,,,,,,,,,,,,,,,,,,,,,,,,,,,,,,,,,,,,,Sam
2026-03-28 15:15:07,2026-03-28 15:15:11,0,109.38.232.212,1,4,0,2026-04-11 15:15:12,R_8it1eiwoABJntrc,,,,,52.3746,4.8552,anonymous,EN,,,,,,,,,,,,,,,,,,,,,,,,,,,,,,,,,,,,,,,,,,,,,,,,,,,,,,,,,,,,,,,,,,,,,,,,,,,,,,,,,,,,,,,,,,,,,,,,,,,,,,,,,,,,,,,,,,,,,,,,,,,,,,,,,,,,,,,,,,,,,,,,,,,,,,,,,,,,,,,,,,,,,,,,,,,,,,,,,,,,,,,,,,,,,,,,,,,,,,,,,,,,,,,,,,,,,,,,26745,
2026-03-29 04:36:29,2026-03-29 04:42:43,0,94.254.134.3,35,373,0,2026-04-12 04:42:44,R_8R9dU5AUVvJkdvr,,,,,52.2394,21.0362,anonymous,EN,1,2,,2,,53,1,5,,1,,5,1,22,25,16,,11,,16,,11,,7,2,,,,,,,,,,,,,,,,,,,,,,,,,,,,,,,,,,,,,,,,,,,,,,,,,,,,,,,,,,,,,,,,,,,,,,,,,,,,,,,,,,,,,,,,,,,,,,,,,,,,,,,,,,,,,,,,,,,,,,,,,,,,,,,,,,,,,,,,,,,,,,,,,,,,,,,,,,,,,,,,,,,,,,,,,,,,,,,,,,,,,,,,,,,,,,,,Natalia
2026-03-29 04:42:02,2026-03-29 04:43:43,0,82.170.200.246,10,100,0,2026-04-12 04:43:43,R_8PKO6EOhVmcyNkB,,,,,51.9172,4.5945,anonymous,EN,1,2,,2,,18,1,,,,,,,,,,,,,,,,,,,,,,,,,,,,,,,,,,,,,,,,,,,,,,,,,,,,,,,,,,,,,,,,,,,,,,,,,,,,,,,,,,,,,,,,,,,,,,,,,,,,,,,,,,,,,,,,,,,,,,,,,,,,,,,,,,,,,,,,,,,,,,,,,,,,,,,,,,,,,,,,,,,,,,,,,,,,,,,,,,,,,,,,,,,,,,,,,,,,,,,,,,,,,,,,,,Lise
2026-03-29 04:42:02,2026-03-29 05:27:51,0,82.170.200.246,87,2749,0,2026-04-12 05:27:57,R_2CWfeg1uKzH8Y4p,,,,,51.9172,4.5945,anonymous,EN,1,2,,2,,18,2,,,,,2,4,22,10,16,,11,,16,,5,,4000,,,,2,,,,,4,3,4,3,3,4,3,4,1,3.239,95.915,96.552,19,2,2,2,3,3,2,4,3,2,2.742,113.405,114.178,26,4,3,2,2,4,3,4,2,3,71.991,151.089,152.917,14,5,2,3,3,2,1,5,5,4,3.493,129.054,130.205,27,3,3,2,4,2,4,3,2,2,4.584,337.95,338.839,36,2,4,3,2,2,4,4,4,2,4.83,69.376,70.077,23,2,3,4,2,2,2,4,3,2,2.277,126.686,128.742,28,1,4,65,1,5,65,0,1,6,1,5,81,0,3,40,1,4,60,5,5,6,2,5,4,5,5,6,2,6,4,5,5,6,2,6,4,,,,,,,,,,,,,5,5,6,2,6,4,,,,,,,,,,,,,,,,,,,5,5,6,2,6,4,,,,,,,,,,,,,,,,Lise
2026-03-29 06:53:40,2026-03-29 06:54:23,0,86.83.158.32,4,42,0,2026-04-12 06:54:28,R_8D2yAwSufIGs2Hw,,,,,52.0434,4.2591,anonymous,EN,1,1,,,,,,,,,,,,,,,,,,,,,,,,,,,,,,,,,,,,,,,,,,,,,,,,,,,,,,,,,,,,,,,,,,,,,,,,,,,,,,,,,,,,,,,,,,,,,,,,,,,,,,,,,,,,,,,,,,,,,,,,,,,,,,,,,,,,,,,,,,,,,,,,,,,,,,,,,,,,,,,,,,,,,,,,,,,,,,,,,,,,,,,,,,,,,,,,,,,,,,,,,,,,,,,,,,,,,,,Lise
2026-04-12 10:31:20,2026-04-12 10:48:21,0,217.120.193.31,100,1021,1,2026-04-12 10:48:22,R_86gLVcvVXOj0J8h,,,,,52.7039,4.8119,anonymous,EN,1,1,afp251,1,,20,1,1,,1,,2,8,22,6,8,,22,,16,,10,,300,,,,3,,,,,4,4,2,4,3,2,3,4,4,5.019,51.952,52.467,14,2,4,2,3,2,2,4,4,1,5.066,35.235,36.354,16,2,2,2,3,3,2,1,4,3,4.648,49.745,50.365,19,2,2,3,2,4,4,3,5,2,6.964,42.596,44.495,17,3,5,2,3,1,3,4,2,4,1.379,42.828,43.41,15,1,2,1,4,2,3,2,2,1,5.815,42.718,44.676,14,1,3,4,1,2,2,3,4,2,6.958,62.924,63.42,17,0,2,24,0,3,41,1,4,61,0,3,43,1,4,61,0,2,23,3,5,5,2,3,5,5,3,5,3,3,3,5,3,4,4,6,4,3,4,3,4,5,2,4,5,4,3,6,3,2,4,2,5,4,2,2,2,5,6,6,4,5,5,6,5,6,3,4,2,5,2,6,4,5,2,3,2,2,4,4,3,5,6,3,4,4,5,3,6,3,3,,,26383,
2026-04-13 01:39:48,2026-04-13 02:13:36,0,178.230.107.62,100,2027,1,2026-04-13 02:13:37,R_82MnpMsVLptdrDb,,,,,52.3824,4.8995,anonymous,EN,1,1,mar338,2,,22,1,1,,1,,2,7,22,12,19,,13,,16,,10,,100,,,2,,,,,,5,2,4,1,4,5,1,4,2,3.181,42.783,42.701,17,5,4,1,4,4,2,3,2,1,4.224,60.866,62.789,19,2,4,4,3,2,5,4,2,4,5.421,51.099,53.398,14,2,5,4,1,5,3,3,5,2,4.922,36.992,38.574,16,1,5,4,4,4,3,4,2,4,2.465,45.982,47.031,18,4,4,4,4,2,2,4,4,5,1.563,40.72,42.534,17,1,2,4,5,3,3,1,2,1,1.9,42.208,43.16,20,0,3,28,1,4,60,1,5,74,1,5,83,1,4,61,0,3,42,1,5,5,6,6,2,6,4,5,3,3,3,2,5,6,5,5,2,6,1,2,2,2,2,4,5,7,2,2,2,5,4,1,1,5,3,5,5,4,6,5,3,6,4,3,2,4,3,3,6,3,6,7,1,6,2,3,3,2,3,4,3,5,3,4,7,7,4,5,5,7,2,,,26190,
2026-03-30 04:23:59,2026-03-30 04:24:09,0,178.84.201.30,1,9,0,2026-04-13 04:24:11,R_8ZxnnXWwnkhbp4Z,,,,,51.9336,4.4888,anonymous,EN,,,,,,,,,,,,,,,,,,,,,,,,,,,,,,,,,,,,,,,,,,,,,,,,,,,,,,,,,,,,,,,,,,,,,,,,,,,,,,,,,,,,,,,,,,,,,,,,,,,,,,,,,,,,,,,,,,,,,,,,,,,,,,,,,,,,,,,,,,,,,,,,,,,,,,,,,,,,,,,,,,,,,,,,,,,,,,,,,,,,,,,,,,,,,,,,,,,,,,,,,,,,,,,,,,,,,,,,,Lise
2026-04-13 03:47:27,2026-04-13 04:28:20,0,83.81.240.170,100,2452,1,2026-04-13 04:28:20,R_2MWoSnI8go9hXKn,,,,,52.67,4.7103,anonymous,EN,1,1,qyg350,2,,18,1,1,,1,,2,4,22,12,18,,13,,16,,5,,25,,3,,,,,,,3,4,4,5,4,3,3,4,3,8.023,104.797,106.397,9,2,4,1,4,2,3,5,4,1,4.432,55.712,57.216,11,4,3,3,2,4,4,2,2,4,4.948,46.417,47.333,10,2,2,4,3,4,2,3,5,4,8.294,69.737,70.815,9,2,4,4,4,2,4,2,4,3,5.955,77.805,78.922,9,2,4,3,4,4,2,1,3,2,7.429,102.792,103.821,11,1,2,2,4,3,3,3,2,2,36.27,153.157,154.253,11,1,5,82,1,5,90,0,2,19,0,2,20,1,4,60,0,3,40,2,3,5,3,5,5,3,3,6,3,3,5,5,6,5,4,4,4,3,3,6,2,5,5,2,3,7,2,5,4,3,3,4,3,3,6,5,5,5,6,6,2,5,5,5,4,1,6,6,4,3,4,6,2,4,4,4,4,3,5,3,4,5,3,3,7,6,6,4,4,6,2,,,26392,
2026-03-30 04:40:03,2026-03-30 04:40:07,0,92.109.213.222,1,3,0,2026-04-13 04:40:09,R_2PsQMqOSiYFxOEv,,,,,52.3889,4.9522,anonymous,EN,,,,,,,,,,,,,,,,,,,,,,,,,,,,,,,,,,,,,,,,,,,,,,,,,,,,,,,,,,,,,,,,,,,,,,,,,,,,,,,,,,,,,,,,,,,,,,,,,,,,,,,,,,,,,,,,,,,,,,,,,,,,,,,,,,,,,,,,,,,,,,,,,,,,,,,,,,,,,,,,,,,,,,,,,,,,,,,,,,,,,,,,,,,,,,,,,,,,,,,,,,,,,,,,,,,,,,,,,Sam
2026-03-30 05:41:36,2026-03-30 05:42:27,0,62.45.33.60,4,51,0,2026-04-13 05:42:33,R_8iVknJx83NecG8k,,,,,51.9968,4.2057,anonymous,EN,1,1,,,,,,,,,,,,,,,,,,,,,,,,,,,,,,,,,,,,,,,,,,,,,,,,,,,,,,,,,,,,,,,,,,,,,,,,,,,,,,,,,,,,,,,,,,,,,,,,,,,,,,,,,,,,,,,,,,,,,,,,,,,,,,,,,,,,,,,,,,,,,,,,,,,,,,,,,,,,,,,,,,,,,,,,,,,,,,,,,,,,,,,,,,,,,,,,,,,,,,,,,,,,,,,,,,,,,,26798,
2026-03-30 07:01:43,2026-03-30 07:13:24,0,84.106.176.88,55,701,0,2026-04-13 07:13:26,R_85TnhW6HJGtVheF,,,,,52.0861,5.2472,anonymous,EN,1,2,,2,,29,2,,,,,5,4,22,38,16,,10,,16,,10,,6000,,,,4,,,,,1,3,4,4,3,4,3,4,2,4.76,52.175,53.918,17,4,4,2,4,2,2,4,4,1,2.703,54.103,55.089,19,3,2,2,2,4,4,3,3,4,3.411,57.769,59.829,17,4,3,3,2,2,2,2,4,3,8.409,76.435,77.399,15,2,4,4,4,3,3,3,3,3,3.281,56.422,56.979,21,2,4,4,4,2,4,4,4,4,2.077,37.185,37.691,17,1,2,4,3,2,2,2,2,2,1.392,60.419,61.254,19,,,,,,,,,,,,,,,,,,,,,,,,,,,,,,,,,,,,,,,,,,,,,,,,,,,,,,,,,,,,,,,,,,,,,,,,,,,,,,,,,,,,,,,,,,,,,,Merve
2026-03-30 08:32:57,2026-03-30 08:33:46,0,87.208.20.58,4,49,0,2026-04-13 08:33:48,R_2zvbBJffsBAo9Vn,,,,,52.0876,5.1409,anonymous,EN,1,1,,,,,,,,,,,,,,,,,,,,,,,,,,,,,,,,,,,,,,,,,,,,,,,,,,,,,,,,,,,,,,,,,,,,,,,,,,,,,,,,,,,,,,,,,,,,,,,,,,,,,,,,,,,,,,,,,,,,,,,,,,,,,,,,,,,,,,,,,,,,,,,,,,,,,,,,,,,,,,,,,,,,,,,,,,,,,,,,,,,,,,,,,,,,,,,,,,,,,,,,,,,,,,,,,,,,,,,Sam
2026-03-30 08:35:06,2026-03-30 08:37:27,0,103.55.100.40,1,141,0,2026-04-13 08:37:33,R_2dEoU3SM7Sw3xYy,,,,,52.0105,4.4479,anonymous,EN,,,,,,,,,,,,,,,,,,,,,,,,,,,,,,,,,,,,,,,,,,,,,,,,,,,,,,,,,,,,,,,,,,,,,,,,,,,,,,,,,,,,,,,,,,,,,,,,,,,,,,,,,,,,,,,,,,,,,,,,,,,,,,,,,,,,,,,,,,,,,,,,,,,,,,,,,,,,,,,,,,,,,,,,,,,,,,,,,,,,,,,,,,,,,,,,,,,,,,,,,,,,,,,,,,,,,,,,,Sam
2026-03-30 08:28:30,2026-03-30 08:49:55,0,172.226.96.1,82,1285,0,2026-04-13 08:49:57,R_2YrCDdcr2Sza7I1,,,,,52.3803,4.6422,anonymous,EN,1,2,,2,,19,1,2,,1,,2,5,22,15,18,,24,Waitress,16,,11,,13,,2,,,,,,,4,4,2,4,3,2,2,4,4,14.672,67.947,68.777,23,2,4,4,5,2,4,5,4,1,1.176,45.779,46.635,21,2,3,2,2,3,2,2,4,2,3.486,33.104,33.12,15,2,4,4,4,4,4,2,5,4,4.202,115.2,115.777,16,2,2,5,2,2,3,4,4,3,3.979,57.392,58.497,18,2,4,2,4,3,1,2,4,3,3.938,44.066,44.88,16,1,1,3,2,2,4,4,4,4,5.526,86.843,87.734,29,0,3,18,1,6,91,0,1,4,0,2,31,1,6,73,0,4,50,,,,,,,,,,,,,,,,,,,,,,,,,,,,,,,,,,,,,2,4,4,5,5,3,,,,,,,,,,,,,,,,,,,,,,,,,,,,,,,,,,Merve
2026-03-30 08:33:08,2026-03-30 08:53:09,0,178.230.17.58,34,1201,0,2026-04-13 08:53:12,R_2zHjWUZDirSSjCK,,,,,52.3824,4.8995,anonymous,EN,1,2,,2,,22,1,2,,1,,3,8,22,21,20,,17,,20,,5,,20,,1,,,,,,,,,,,,,,,,,,,,,,,,,,,,,,,,,,,,,,,,,,,,,,,,,,,,,,,,,,,,,,,,,,,,,,,,,,,,,,,,,,,,,,,,,,,,,,,,,,,,,,,,,,,,,,,,,,,,,,,,,,,,,,,,,,,,,,,,,,,,,,,,,,,,,,,,,,,,,,,,,,,,,,,,,,,,,,,,,,,,,,,,,,,,,,,Sam
2026-03-29 14:34:06,2026-03-30 09:07:29,0,77.250.127.20,90,66803,0,2026-04-13 09:07:31,R_836noWB9VrL2SqJ,,,,,52.3373,4.9642,anonymous,EN,1,1,Jhj506,2,,19,1,1,,1,,3,1,22,14,16,,10,,16,,10,,20,,2,,,,,,,2,5,4,4,2,4,1,5,4,1.39,36.486,37.382,24,2,4,2,5,4,4,4,4,1,2.016,38.843,39.701,28,2,2,2,3,4,5,2,4,2,3.791,43.017,43.995,33,4,4,3,4,4,2,3,5,4,1.348,33.084,35.931,25,1,2,2,2,2,1,2,2,3,1.779,42.133,44.962,30,2,2,2,4,2,5,4,2,5,2.46,39.458,40.501,32,1,5,2,1,1,4,3,1,3,1.91,54.442,57,32,0,1,35,1,5,65,0,3,50,1,5,67,0,1,44,1,4,50,,,,,,,3,2,2,1,2,2,3,3,2,3,3,2,,,,,,,3,6,2,2,5,3,,,,,,,2,2,2,2,5,2,2,5,3,2,5,3,2,3,3,4,4,2,,,,,,,2,2,2,2,5,2,,,,,,,,,26537,
2026-03-30 09:13:10,2026-03-30 09:15:06,0,77.63.114.218,30,115,0,2026-04-13 09:15:11,R_88H1g2XgNkrc3a9,,,,,52.3824,4.8995,anonymous,EN,1,2,,2,,22,1,3,,1,,2,6,22,16,6,,16,,16,,11,,10000,,,,,,,,,,,,,,,,,,,,,,,,,,,,,,,,,,,,,,,,,,,,,,,,,,,,,,,,,,,,,,,,,,,,,,,,,,,,,,,,,,,,,,,,,,,,,,,,,,,,,,,,,,,,,,,,,,,,,,,,,,,,,,,,,,,,,,,,,,,,,,,,,,,,,,,,,,,,,,,,,,,,,,,,,,,,,,,,,,,,,,,,,,,,,,,,,Sam
2026-03-30 10:34:05,2026-03-30 10:35:32,0,188.207.108.178,6,86,0,2026-04-13 10:35:36,R_2DhiuVG4fPzRXbR,,,,,52.3824,4.8995,anonymous,EN,1,2,,,,,,,,,,,,,,,,,,,,,,,,,,,,,,,,,,,,,,,,,,,,,,,,,,,,,,,,,,,,,,,,,,,,,,,,,,,,,,,,,,,,,,,,,,,,,,,,,,,,,,,,,,,,,,,,,,,,,,,,,,,,,,,,,,,,,,,,,,,,,,,,,,,,,,,,,,,,,,,,,,,,,,,,,,,,,,,,,,,,,,,,,,,,,,,,,,,,,,,,,,,,,,,,,,,,,,,Sam
2026-04-13 13:14:13,2026-04-13 13:43:44,0,213.197.44.162,100,1770,1,2026-04-13 13:43:45,R_2bNJxCYf4hmuet0,,,,,52.4002,4.9385,anonymous,EN,1,1,2862823,2,,20,1,1,,4,Pedagogische Wetenschappen,2,1,22,20,19,,13,,16,,11,,50,,,3,,,,,,2,3,3,2,4,4,4,2,3,6.424,16.829,17.779,11,3,2,3,4,3,2,3,4,3,1.271,6.354,7.808,10,2,4,3,3,2,2,3,2,3,2.4,6.358,9.064,9,3,4,2,4,3,3,2,5,3,0.905,13.191,26.599,13,3,3,4,2,3,3,3,2,2,11.444,16.974,18.481,12,2,3,2,3,3,3,2,2,2,14.814,21.807,23.274,11,3,3,2,2,4,4,3,3,4,13.575,18.258,19.401,11,0,4,66,1,5,90,0,4,74,1,4,60,1,5,77,0,5,70,4,5,5,5,4,3,2,5,5,4,5,4,5,5,4,3,4,3,2,3,6,4,3,5,5,3,4,3,2,5,4,3,3,4,6,4,5,5,3,3,5,4,5,5,3,4,3,3,2,4,6,3,3,4,2,5,5,4,4,3,2,3,6,4,5,4,5,4,4,3,3,3,,,26730,
2026-03-30 13:54:03,2026-03-30 13:54:22,0,92.254.77.96,4,18,0,2026-04-13 13:54:27,R_2jUnmh41F8Ocp4G,,,,,52.3746,4.8552,anonymous,EN,1,1,,,,,,,,,,,,,,,,,,,,,,,,,,,,,,,,,,,,,,,,,,,,,,,,,,,,,,,,,,,,,,,,,,,,,,,,,,,,,,,,,,,,,,,,,,,,,,,,,,,,,,,,,,,,,,,,,,,,,,,,,,,,,,,,,,,,,,,,,,,,,,,,,,,,,,,,,,,,,,,,,,,,,,,,,,,,,,,,,,,,,,,,,,,,,,,,,,,,,,,,,,,,,,,,,,,,,,,Sam
2026-03-30 14:04:07,2026-03-30 14:04:42,0,109.38.232.235,4,35,0,2026-04-13 14:04:44,R_8b0iUpIudApymJj,,,,,52.3746,4.8552,anonymous,EN,1,1,,,,,,,,,,,,,,,,,,,,,,,,,,,,,,,,,,,,,,,,,,,,,,,,,,,,,,,,,,,,,,,,,,,,,,,,,,,,,,,,,,,,,,,,,,,,,,,,,,,,,,,,,,,,,,,,,,,,,,,,,,,,,,,,,,,,,,,,,,,,,,,,,,,,,,,,,,,,,,,,,,,,,,,,,,,,,,,,,,,,,,,,,,,,,,,,,,,,,,,,,,,,,,,,,,,,,,26895,
2026-03-30 14:31:49,2026-03-30 14:32:02,0,87.212.158.58,6,12,0,2026-04-13 14:32:04,R_8QDKRsamK4Y1N6T,,,,,52.36,4.8084,anonymous,EN,1,2,,,,,,,,,,,,,,,,,,,,,,,,,,,,,,,,,,,,,,,,,,,,,,,,,,,,,,,,,,,,,,,,,,,,,,,,,,,,,,,,,,,,,,,,,,,,,,,,,,,,,,,,,,,,,,,,,,,,,,,,,,,,,,,,,,,,,,,,,,,,,,,,,,,,,,,,,,,,,,,,,,,,,,,,,,,,,,,,,,,,,,,,,,,,,,,,,,,,,,,,,,,,,,,,,,,,,,,Lise
2026-04-13 14:21:11,2026-04-13 14:43:30,0,217.105.24.24,100,1338,1,2026-04-13 14:43:30,R_2anUeVwxmFf1MOE,,,,,52.3766,4.835,anonymous,EN,1,1,pxl165,1,,24,1,1,,1,,2,5,22,20,18,,24,service,16,,11,,15,,1,,,,,,,4,5,3,3,1,5,3,3,2,2.866,31.381,32.494,11,4,4,2,5,3,2,4,3,1,3.395,64.105,65.324,11,4,4,3,1,3,3,1,2,2,5.86,36.471,37.231,10,2,3,2,3,3,2,3,5,3,3.584,28.588,29.344,10,3,4,2,5,4,2,3,1,3,29.125,69.171,69.901,15,2,3,4,3,1,4,2,3,2,8.194,51.545,52.179,12,1,3,4,2,3,2,3,3,1,7.2,40.01,40.941,12,0,2,30,1,4,61,0,1,20,1,4,61,1,6,93,0,2,33,1,5,4,7,6,2,7,1,2,1,5,4,5,3,4,4,1,3,6,1,4,1,4,6,4,4,7,1,3,5,3,5,1,4,2,2,6,1,4,5,6,2,6,5,4,7,6,2,6,4,3,4,6,1,3,1,1,5,2,2,4,4,4,2,2,7,5,2,3,3,7,1,,,26520,
2026-03-31 03:15:00,2026-03-31 03:29:38,0,89.99.234.208,63,877,0,2026-04-14 03:29:41,R_8cZm3uPyYfFgKnn,,,,,52.3543,4.8951,anonymous,EN,1,2,,2,,22,1,2,,4,"Philosophy, Politics and Economics",2,6,23,,,,,,,,,,,,,,,19,,5,,1,4,3,5,1,2,5,5,2,6.7,59.567,60.457,11,1,4,2,4,2,5,4,2,1,3.475,55.981,59.823,9,2,1,2,2,4,3,2,5,2,7.528,78.101,79.625,11,4,1,2,2,3,2,4,4,3,4.4,48.537,49.887,12,2,2,3,2,1,4,5,3,4,5.382,50.548,51.921,12,2,2,2,3,2,4,3,2,1,4.421,49.82,50.593,10,1,2,4,1,4,2,5,1,2,12.428,84.993,86.982,11,,,,1,6,100,,,,,,,,,,0,1,0,,,,,,,,,,,,,,,,,,,,,,,,,,,,,,,,,,,,,,,,,,,,,,,,,,,,,,,,,,,,,,,,,,,,,,,,,,,,Bopha
2026-04-14 08:53:13,2026-04-14 09:22:03,0,95.99.140.64,100,1729,1,2026-04-14 09:22:03,R_8PjOaePnpmWvxvT,,,,,52.0746,4.5209,anonymous,EN,1,1,2876510,2,,19,1,1,,1,,2,4,22,5,15,,8,,15,,10,,200,,,2,,,,,,2,4,2,4,2,2,5,4,3,11.675,46.228,47.072,9,3,5,2,4,1,2,3,3,1,5.685,41.43,42.794,12,3,3,2,3,4,2,1,2,5,17.871,49.728,50.874,14,3,2,3,5,2,2,4,5,3,15.193,49.062,50.761,9,1,4,4,4,4,3,3,3,4,8.445,52.577,54.064,10,2,4,2,3,2,2,3,4,2,13.127,83.616,86.057,12,1,4,1,2,5,4,3,2,2,12.561,61.328,62.864,11,1,4,62,1,5,80,1,5,88,1,5,67,1,5,69,0,2,12,1,4,4,7,7,1,7,2,5,2,3,5,4,7,1,7,4,4,5,1,3,1,3,5,4,5,7,6,4,4,4,2,1,1,2,7,1,7,5,7,5,6,2,6,5,7,7,3,3,5,3,4,7,1,5,2,2,1,1,6,6,2,3,1,1,7,1,5,5,5,7,1,,,26293,
2026-04-14 05:39:50,2026-04-14 10:24:44,0,94.210.74.96,100,17093,1,2026-04-14 10:24:44,R_22tNjcGKtMd7qjA,,,,,52.0766,4.2633,anonymous,EN,1,1,biq337,2,,20,1,1,,4,Pedagogische wetenschappen,2,3,22,15,15,,8,,16,,11,,132,,,3,,,,,,3,4,3,3,2,2,3,2,1,11.176,124.368,128.964,17,2,4,1,5,2,4,4,4,1,6.949,71.134,73.443,12,5,1,2,1,4,3,1,2,4,11.431,95.171,104.988,10,3,3,4,2,4,4,4,5,4,13.419,87.546,95.378,13,4,4,3,4,4,2,4,3,3,17.38,126.169,127.228,12,2,4,3,4,3,2,2,5,2,6.897,55.018,58.187,11,1,2,2,3,3,2,3,2,1,17.65,98.543,100.489,12,1,5,81,1,5,80,0,1,10,1,4,67,1,4,50,0,3,39,6,3,6,4,6,3,7,3,5,1,6,4,2,2,4,2,6,6,4,1,4,2,4,4,4,2,6,3,6,3,4,1,1,3,6,5,4,2,4,6,4,4,7,6,7,7,7,2,7,3,4,6,7,2,4,3,4,4,6,4,4,4,6,5,4,7,7,2,7,6,7,1,,,26839,
2026-03-31 12:30:26,2026-03-31 12:31:00,0,5.132.99.53,6,33,0,2026-04-14 12:31:00,R_2dCrlD93RhhfqRr,,,,,52.5056,5.475,anonymous,EN,1,2,,,,,,,,,,,,,,,,,,,,,,,,,,,,,,,,,,,,,,,,,,,,,,,,,,,,,,,,,,,,,,,,,,,,,,,,,,,,,,,,,,,,,,,,,,,,,,,,,,,,,,,,,,,,,,,,,,,,,,,,,,,,,,,,,,,,,,,,,,,,,,,,,,,,,,,,,,,,,,,,,,,,,,,,,,,,,,,,,,,,,,,,,,,,,,,,,,,,,,,,,,,,,,,,,,,,,,,Merve
2026-03-31 17:33:23,2026-03-31 17:33:40,0,62.166.189.3,4,16,0,2026-04-14 17:33:41,R_2J3ifndjIrbzgiS,,,,,52.3746,4.8552,anonymous,EN,1,1,,,,,,,,,,,,,,,,,,,,,,,,,,,,,,,,,,,,,,,,,,,,,,,,,,,,,,,,,,,,,,,,,,,,,,,,,,,,,,,,,,,,,,,,,,,,,,,,,,,,,,,,,,,,,,,,,,,,,,,,,,,,,,,,,,,,,,,,,,,,,,,,,,,,,,,,,,,,,,,,,,,,,,,,,,,,,,,,,,,,,,,,,,,,,,,,,,,,,,,,,,,,,,,,,,,,,,26745,
2026-04-01 03:28:25,2026-04-01 03:36:21,0,145.108.230.53,41,475,0,2026-04-15 03:36:22,R_2B41DELvFWcjNXL,,,,,52.0909,5.0958,anonymous,EN,1,1,jtp953,2,,21,1,1,,1,,2,5,22,18,16,,11,,17,,9,,500,,,,2,,,,,2,3,3,3,1,2,2,3,3,4.971,72.038,73.525,12,2,3,5,5,2,5,3,2,1,4.584,144.206,150.578,9,,,,,,,,,,,,,,,,,,,,,,,,,,,,,,,,,,,,,,,,,,,,,,,,,,,,,,,,,,,,,,,,,,,,,,,,,,,,,,,,,,,,,,,,,,,,,,,,,,,,,,,,,,,,,,,,,,,,,,,,,,,,,,,,,,,,,,,,,,,,,,,,,,,,,,,,,,,,,,26469,
2026-04-15 07:28:03,2026-04-15 07:54:00,0,31.20.107.174,100,1557,1,2026-04-15 07:54:01,R_8rHwfdXlAmroETh,,,,,52.27,4.6148,anonymous,EN,1,1,iel739,2,,19,1,1,,1,,2,5,22,6,16,,11,,16,,5,,13000,,,,1,,,,,5,4,4,4,1,4,1,4,2,7.179,57.74,58.898,9,4,4,1,2,2,2,4,2,1,5.583,33.229,40.564,9,4,2,3,1,4,2,1,2,2,4.485,32.028,33.283,10,2,3,3,2,4,2,4,5,2,7.347,49.931,52.887,10,1,4,4,5,4,2,2,2,4,3.251,34.259,36.106,9,2,4,2,3,1,4,4,3,2,2.846,32.263,33.312,9,1,2,4,4,2,2,2,2,1,3.861,44.688,46.268,9,1,5,75,1,6,90,0,3,40,1,6,90,0,3,40,0,3,30,1,6,7,7,6,3,7,2,6,2,3,3,2,7,2,4,6,3,6,2,5,2,2,4,2,5,7,3,3,5,2,5,1,2,2,3,2,6,5,7,6,2,6,2,6,2,2,3,6,2,4,7,7,1,5,2,5,1,1,4,4,3,6,3,3,7,5,6,4,7,7,1,,,26258,
2026-03-26 10:03:19,2026-04-15 08:24:34,0,217.105.29.103,100,1722075,1,2026-04-15 08:24:35,R_8t3eQplJAZvke6O,,,,,52.3864,4.9072,anonymous,EN,1,1,knc185,2,,19,1,1,,1,,2,0,23,,,,,,,,,,,,,,,18,,5,,1,4,5,4,3,4,4,4,2,13.692,154.275,157.171,9,3,5,1,5,1,3,2,3,1,13.342,741.58,748.072,9,4,1,2,1,4,3,1,5,4,12.992,390834.11299999995,390835.402,14,5,4,3,1,2,2,5,5,1,12.744,109.517,110.753,11,3,5,5,5,5,3,4,3,5,5.713,68.859,70.058,10,2,4,3,3,1,1,3,5,1,5.592,73.242,74.542,10,1,3,5,1,2,1,3,2,1,9.292,69.243,74.012,9,1,4,74,1,5,82,1,4,50,0,3,31,0,1,5,0,3,32,1,4,4,6,6,2,7,3,4,2,4,4,6,5,4,4,7,4,4,2,4,2,4,4,2,2,7,4,4,3,2,3,1,3,5,4,3,4,5,7,7,4,2,3,5,4,7,2,4,3,4,4,7,3,1,6,4,4,1,4,6,4,6,4,5,7,2,3,4,6,7,1,,,26627,
2026-04-01 13:21:24,2026-04-01 13:29:10,0,143.178.148.241,23,466,0,2026-04-15 13:29:11,R_8aW5YwHHlh3Vhub,,,,,52.3665,4.9353,anonymous,EN,1,1,ggf025,2,,20,1,1,,4,Pedagogische Wetenschappen,2,5,22,6,15,,8,,15,,,,,,,,,,,,,,,,,,,,,,,,,,,,,,,,,,,,,,,,,,,,,,,,,,,,,,,,,,,,,,,,,,,,,,,,,,,,,,,,,,,,,,,,,,,,,,,,,,,,,,,,,,,,,,,,,,,,,,,,,,,,,,,,,,,,,,,,,,,,,,,,,,,,,,,,,,,,,,,,,,,,,,,,,,,,,,,,,,,,,,,,,,,,,,,,,,,,26836,
2026-04-16 00:53:50,2026-04-16 01:23:15,0,145.108.94.169,100,1764,1,2026-04-16 01:23:16,R_2MM5yDNeHTPPNdw,,,,,52.3441,4.8782,anonymous,EN,1,1,ise531,2,,22,1,1,,1,,2,5,22,16,17,,9,,17,,9,,1,,,,,,,,,4,4,2,4,4,4,2,4,3,2.208,38.061,38.959,13,5,4,1,4,2,4,2,4,1,2.169,36.262,37.475,14,4,3,4,4,4,4,2,1,4,2.595,33.021,34.133,13,4,4,4,3,4,4,2,5,4,7.787,43.122,45.302,17,2,3,4,4,4,2,2,1,4,6.799,39.149,40.395,13,4,4,3,4,3,2,4,4,2,2.366,41.99,42.909,13,1,4,4,4,4,4,4,2,2,2.166,37.126,38.551,12,0,2,19,1,5,81,1,6,95,1,5,89,1,4,63,0,2,19,1,6,1,6,6,2,7,2,6,4,6,4,2,7,2,6,6,3,6,1,6,2,4,5,5,2,6,2,5,3,2,2,1,2,4,5,2,6,2,6,6,2,5,6,4,6,6,2,3,5,5,4,7,2,6,2,5,2,2,5,4,3,5,2,4,7,2,6,6,4,6,2,,,26507,
2026-04-02 01:35:04,2026-04-02 01:37:11,0,130.37.156.150,20,126,0,2026-04-16 01:39:07,R_8kgHZzkSHeLXOAI,,,,,52.352,4.9392,anonymous,EN,1,1,qgj913,2,,20,1,1,,1,,2,6,22,12,16,,,,,,,,,,,,,,,,,,,,,,,,,,,,,,,,,,,,,,,,,,,,,,,,,,,,,,,,,,,,,,,,,,,,,,,,,,,,,,,,,,,,,,,,,,,,,,,,,,,,,,,,,,,,,,,,,,,,,,,,,,,,,,,,,,,,,,,,,,,,,,,,,,,,,,,,,,,,,,,,,,,,,,,,,,,,,,,,,,,,,,,,,,,,,,,,,,,,,,,,26206,
2026-04-17 05:36:56,2026-04-17 06:02:16,0,86.80.40.129,100,1519,1,2026-04-17 06:02:17,R_2n8MaTwsrinUs3T,,,,,52.0985,5.2475,anonymous,EN,1,1,bxx785,2,,22,1,1,,4,pedagogische wetenschappen,2,7,22,17,7,,16,,15,,6,,100000,,,,3,,,,,5,3,3,4,2,3,2,3,3,3.842,33.526,35.377,10,4,2,3,3,2,3,2,2,1,1.675,15.548,29.885,9,3,2,3,2,2,3,3,2,3,2.014,11.722,12.725,10,4,3,3,3,1,3,2,5,3,2.414,17.975,19.737,10,3,4,4,3,3,3,3,4,4,3.254,11.365,18.657,11,2,2,2,3,2,2,3,3,4,2.211,12.632,17.084,10,1,3,3,5,3,3,3,2,3,4.475,17.636,22.983,9,0,3,56,1,4,62,0,3,55,0,2,67,1,6,91,0,3,56,6,4,3,5,6,3,5,4,6,6,4,5,5,6,3,5,4,3,2,2,6,6,3,4,5,4,6,6,4,5,4,2,2,3,3,2,6,5,5,3,7,5,5,5,6,4,5,6,5,3,2,3,6,2,4,2,3,3,2,4,5,4,6,5,4,7,3,3,2,3,2,1,,wanneer krijg ik de punten?,26718,
2026-04-02 01:53:49,2026-04-03 10:08:21,0,92.111.71.98,46,116072,0,2026-04-17 10:08:22,R_8M05zZSIPOsJJYQ,,,,,52.3662,4.6549,anonymous,EN,1,1,2885889,2,,18,1,1,,4,pedagogische wetenschappen,2,2,22,12,7,,8,,15,,8,,90,,,3,,,,,,3,3,3,4,5,4,5,5,3,3.472,31.12,32.2,10,3,4,2,4,2,4,5,2,1,45.634,68.789,70.139,12,1,3,3,2,4,5,2,3,3,68.585,165.573,167.207,9,2,3,3,2,3,2,3,5,3,7.05,132.12,133.782,10,,,,,,,,,,,,,,,,,,,,,,,,,,,,,,,,,,,,,,,,,,,,,,,,,,,,,,,,,,,,,,,,,,,,,,,,,,,,,,,,,,,,,,,,,,,,,,,,,,,,,,,,,,,,,,,,,,,,,,,,,,,,,,,,,,,,26765,
2026-03-27 10:29:22,2026-04-03 10:40:28,0,178.85.64.210,1,605466,0,2026-04-17 10:40:29,R_21uDXN6NeBDNUf2,,,,,52.3672,4.918,anonymous,EN,,,,,,,,,,,,,,,,,,,,,,,,,,,,,,,,,,,,,,,,,,,,,,,,,,,,,,,,,,,,,,,,,,,,,,,,,,,,,,,,,,,,,,,,,,,,,,,,,,,,,,,,,,,,,,,,,,,,,,,,,,,,,,,,,,,,,,,,,,,,,,,,,,,,,,,,,,,,,,,,,,,,,,,,,,,,,,,,,,,,,,,,,,,,,,,,,,,,,,,,,,,,,,,,,,,,,,,,26247,
2026-04-03 13:23:22,2026-04-03 14:58:15,0,77.169.198.191,4,5692,0,2026-04-17 14:58:22,R_8pmt0sEViBcGQHc,,,,,52.0268,5.0744,anonymous,EN,1,1,,,,,,,,,,,,,,,,,,,,,,,,,,,,,,,,,,,,,,,,,,,,,,,,,,,,,,,,,,,,,,,,,,,,,,,,,,,,,,,,,,,,,,,,,,,,,,,,,,,,,,,,,,,,,,,,,,,,,,,,,,,,,,,,,,,,,,,,,,,,,,,,,,,,,,,,,,,,,,,,,,,,,,,,,,,,,,,,,,,,,,,,,,,,,,,,,,,,,,,,,,,,,,,,,,,,,,26767,
2026-04-18 04:09:39,2026-04-18 04:43:59,0,217.105.24.243,100,2060,1,2026-04-18 04:44:00,R_2rGi6CDDFzHlx8W,,,,,52.3766,4.835,anonymous,EN,1,1,tmp001,2,,22,1,1,,1,,2,6,23,,,,,,,,,,,,,,,16,,10,,1,5,3,4,4,5,5,5,2,7.448,53.914,57.422,12,2,5,1,5,1,1,4,2,1,4.424,45.009,55.764,10,4,1,3,2,3,5,1,4,2,5.683,42.483,44.356,9,4,2,5,1,4,2,4,5,4,7.559,86.592,90.116,10,1,5,4,5,3,4,4,2,4,4.081,52.547,53.788,9,2,4,4,4,2,1,4,4,2,4.915,44.615,48.222,9,1,3,5,1,4,1,3,1,1,4.473,57.673,71.38,10,1,5,91,1,5,88,0,1,0,1,4,58,0,2,10,0,1,0,1,4,2,5,7,2,7,1,7,1,5,7,4,7,2,6,6,3,5,1,7,1,6,5,5,2,7,1,4,5,3,5,1,4,2,3,2,4,4,7,7,1,7,5,6,1,6,4,4,4,5,6,7,2,4,5,5,1,1,6,6,3,7,2,4,7,3,2,4,7,7,1,,,26558,
2026-04-04 05:08:42,2026-04-04 05:08:56,0,188.89.141.183,6,14,0,2026-04-18 05:09:00,R_8lnqCtCiQMsg0xi,,,,,52.2686,6.1471,anonymous,EN,1,2,,,,,,,,,,,,,,,,,,,,,,,,,,,,,,,,,,,,,,,,,,,,,,,,,,,,,,,,,,,,,,,,,,,,,,,,,,,,,,,,,,,,,,,,,,,,,,,,,,,,,,,,,,,,,,,,,,,,,,,,,,,,,,,,,,,,,,,,,,,,,,,,,,,,,,,,,,,,,,,,,,,,,,,,,,,,,,,,,,,,,,,,,,,,,,,,,,,,,,,,,,,,,,,,,,,,,,,Lise
2026-04-04 05:13:23,2026-04-04 05:25:21,0,178.224.32.96,49,717,0,2026-04-18 05:25:22,R_2LzXpC624OpGXwE,,,,,52.3543,4.8951,anonymous,EN,1,2,,2,,23,1,3,,4,,2,8,22,10,17,,5,,15,,5,,50,,,1,,,,,,2,2,4,4,2,2,4,3,1,11.921,65.656,66.722,20,1,4,2,5,3,2,5,4,1,4.293,68.429,69.71,19,4,2,2,3,4,5,2,5,4,2.225,103.534,104.265,21,2,2,3,2,2,3,2,5,5,1.354,46.245,47.63,20,4,3,4,4,2,4,3,4,3,2.292,46.55,47.888,21,,,,,,,,,,,,,,,,,,,,,,,,,,,,,,,,,,,,,,,,,,,,,,,,,,,,,,,,,,,,,,,,,,,,,,,,,,,,,,,,,,,,,,,,,,,,,,,,,,,,,,,,,,,,,,,,,,,,,,,,Lise
2026-04-04 05:37:55,2026-04-04 05:41:10,0,172.225.253.135,20,195,0,2026-04-18 05:41:15,R_89iCRWs8zBHY2Mj,,,,,52.3716,4.8883,anonymous,EN,1,2,,2,,22,1,3,,4,Voeding,2,8,22,13,7,,,,,,,,,,,,,,,,,,,,,,,,,,,,,,,,,,,,,,,,,,,,,,,,,,,,,,,,,,,,,,,,,,,,,,,,,,,,,,,,,,,,,,,,,,,,,,,,,,,,,,,,,,,,,,,,,,,,,,,,,,,,,,,,,,,,,,,,,,,,,,,,,,,,,,,,,,,,,,,,,,,,,,,,,,,,,,,,,,,,,,,,,,,,,,,,,,,,,,,,,Lise
2026-04-04 06:08:25,2026-04-04 06:09:10,0,77.250.7.90,6,44,0,2026-04-18 06:09:15,R_8rlvUuOSOj2pwuk,,,,,52.0212,5.6565,anonymous,EN,1,2,,,,,,,,,,,,,,,,,,,,,,,,,,,,,,,,,,,,,,,,,,,,,,,,,,,,,,,,,,,,,,,,,,,,,,,,,,,,,,,,,,,,,,,,,,,,,,,,,,,,,,,,,,,,,,,,,,,,,,,,,,,,,,,,,,,,,,,,,,,,,,,,,,,,,,,,,,,,,,,,,,,,,,,,,,,,,,,,,,,,,,,,,,,,,,,,,,,,,,,,,,,,,,,,,,,,,,,Lise
2026-04-04 09:55:21,2026-04-04 09:55:47,0,62.45.87.34,6,25,0,2026-04-18 09:55:48,R_8rNWzRyNnr27Cep,,,,,51.9441,4.3839,anonymous,EN,1,2,,,,,,,,,,,,,,,,,,,,,,,,,,,,,,,,,,,,,,,,,,,,,,,,,,,,,,,,,,,,,,,,,,,,,,,,,,,,,,,,,,,,,,,,,,,,,,,,,,,,,,,,,,,,,,,,,,,,,,,,,,,,,,,,,,,,,,,,,,,,,,,,,,,,,,,,,,,,,,,,,,,,,,,,,,,,,,,,,,,,,,,,,,,,,,,,,,,,,,,,,,,,,,,,,,,,,,,Lise
2026-04-04 13:11:59,2026-04-04 13:23:09,0,77.63.88.212,20,669,0,2026-04-18 13:23:09,R_8CQDWzOFFuWCoz6,,,,,52.3824,4.8995,anonymous,EN,1,2,,2,,23,1,6,"Completed bachelors degree, starting masters in september ",4,"Interdisciplinairy Social Sciences ",4,7,22,36,21,NGO,,,,,,,,,,,,,,,,,,,,,,,,,,,,,,,,,,,,,,,,,,,,,,,,,,,,,,,,,,,,,,,,,,,,,,,,,,,,,,,,,,,,,,,,,,,,,,,,,,,,,,,,,,,,,,,,,,,,,,,,,,,,,,,,,,,,,,,,,,,,,,,,,,,,,,,,,,,,,,,,,,,,,,,,,,,,,,,,,,,,,,,,,,,,,,,,,,,,,,,,Lise
2026-04-05 13:15:23,2026-04-05 13:16:45,0,89.205.176.44,31,82,0,2026-04-19 13:16:47,R_8fm4mUM4Dx6T0Gt,,,,,51.9772,5.661,anonymous,EN,1,2,,2,,20,1,2,,4,Economics and governance,2,0,23,,,,,,,,,,,,,,,,,,,,,,,,,,,,,,,,,,,,,,,,,,,,,,,,,,,,,,,,,,,,,,,,,,,,,,,,,,,,,,,,,,,,,,,,,,,,,,,,,,,,,,,,,,,,,,,,,,,,,,,,,,,,,,,,,,,,,,,,,,,,,,,,,,,,,,,,,,,,,,,,,,,,,,,,,,,,,,,,,,,,,,,,,,,,,,,,,,,,,,,,,,,Lise
2026-04-19 14:13:13,2026-04-19 14:46:43,0,62.166.205.121,100,2009,1,2026-04-19 14:46:44,R_8U94CuPeRXiN6Zb,,,,,52.3191,4.976,anonymous,EN,1,1,thr787,2,,20,1,1,,4,"Pedagogisch wetenschappen ",2,5,22,16,18,,13,,20,,5,,33,,2,,,,,,,2,4,5,4,2,3,3,4,2,2.051,70.23,71.661,10,3,4,1,4,2,2,5,2,2,9.488,159.178,160.872,9,4,2,4,1,5,3,5,5,2,7.139,50.429,51.451,10,3,3,3,3,4,4,4,5,2,12.209,88.033,89.851,9,1,4,2,4,3,2,5,2,3,6.384,47.6,48.679,10,2,4,4,3,4,5,2,4,1,4.585,60.745,61.934,11,1,2,2,3,3,2,2,2,1,13.791,65.074,66.642,10,1,5,71,1,5,82,0,2,51,1,5,70,1,4,70,1,4,57,3,6,4,3,6,6,5,2,6,3,3,6,3,5,3,6,4,3,2,3,2,4,3,6,3,4,5,2,5,3,3,5,3,3,6,4,2,3,2,3,5,2,6,4,3,5,3,2,3,6,3,3,6,5,6,4,5,3,4,4,2,4,6,3,6,5,6,6,4,5,3,3,,,26802,
2026-04-06 01:20:15,2026-04-06 01:22:41,0,84.106.184.224,35,145,0,2026-04-20 01:22:43,R_2eaysX6GMHDfmYp,,,,,52.0861,5.2472,anonymous,EN,1,2,,2,,24,1,3,,1,,4,0,22,16,16,,5,,16,,5,,40,,1,,,,,,,,,,,,,,,,,,,,,,,,,,,,,,,,,,,,,,,,,,,,,,,,,,,,,,,,,,,,,,,,,,,,,,,,,,,,,,,,,,,,,,,,,,,,,,,,,,,,,,,,,,,,,,,,,,,,,,,,,,,,,,,,,,,,,,,,,,,,,,,,,,,,,,,,,,,,,,,,,,,,,,,,,,,,,,,,,,,,,,,,,,,,,,,Merve
